# 3ds Max Wavefront OBJ Exporter v0.97b - (c)2007 guruware
# File Created: 03.02.2010 13:52:46

mtllib mug crunched.mtl

#
# object Cylinder01
#

v  -3.275325 3.935244 -4.308931
v  -11.896624 21.689951 -25.709166
v  0.781663 25.022848 -9.396141
v  -9.727533 3.606963 -13.418831
v  -21.366550 25.022688 -10.639782
v  1.509008 3.931736 -11.924479
v  -16.399385 3.606874 -6.497964
v  -20.360817 3.931748 -8.209306
v  -2.245121 25.023245 -22.655844
v  -11.938732 5.929111 -26.510254
v  -16.683784 3.606942 -20.955496
v  -9.416108 25.022779 -2.161103
v  -21.366701 25.022467 -17.145969
v  -5.810032 6.821590 -24.775951
v  1.215815 25.022837 -17.146477
v  -17.905516 3.934154 -22.655886
v  -1.057305 3.606920 -10.397231
v  -16.876356 3.928746 -4.309712
v  -11.975823 16.591267 -34.065247
v  -8.690829 21.140448 -26.791004
v  -11.460546 7.957923 -27.089092
v  -8.174837 7.242871 -29.946365
v  -9.582101 8.403283 -26.406542
v  -14.354815 22.104006 -24.770306
v  -11.957827 23.171984 -26.922285
v  -15.759213 25.022530 -3.608722
v  -21.659725 3.930678 -15.861814
v  -8.673884 3.606925 -23.463026
v  -8.236639 3.606899 -4.337891
v  -19.717136 3.606903 -13.130268
v  -3.628530 28.196638 -22.474649
v  -11.962774 7.090858 -27.292736
v  -8.174914 16.591267 -34.065250
v  -4.430316 24.953140 -24.185972
v  -4.391058 25.022760 -3.608982
v  -11.975823 7.265734 -32.463837
v  0.209566 3.931031 -8.208395
v  -19.607138 28.196636 -8.958602
v  -1.313521 3.935633 -21.722857
v  -19.876280 28.196638 -18.268784
v  -0.274445 28.196636 -9.517502
v  -8.200327 5.930022 -26.786303
v  -7.385601 28.196636 -3.502299
v  -8.715678 20.997591 -26.165226
v  -9.568581 8.273954 -29.175964
v  -11.975416 15.709012 -33.121761
v  -7.990367 28.196636 -24.421993
v  -0.047533 28.347616 -9.462648
v  -16.522196 28.196636 -5.311603
v  -12.046271 3.903313 -2.308547
v  -7.134977 0.167292 -23.050238
v  -6.822745 3.932533 -2.600786
v  -21.659790 25.027086 -11.924593
v  -17.007172 28.196638 -22.087904
v  -8.210824 23.075920 -26.356071
v  1.657645 25.023109 -14.552180
v  -2.139995 0.167780 -19.332500
v  -9.568581 11.302511 -31.909592
v  -18.837233 25.030647 -21.722738
v  -19.658480 3.935542 -20.693026
v  -19.275667 0.167780 -16.705860
v  -14.571730 25.022692 -3.036896
v  -8.174568 23.062000 -30.441208
v  -9.568581 15.969629 -32.063301
v  -8.174914 10.245724 -33.913673
v  -10.582157 5.029992 -30.213131
v  -0.543586 28.196638 -18.827635
v  -4.074256 9.681669 -22.330978
v  -19.637037 9.681985 -17.866184
v  0.261948 9.681759 -13.301296
v  -3.184446 9.681540 -6.164881
v  -12.930713 9.681696 -23.845901
v  -19.143232 9.681536 -8.894682
v  -11.821141 9.681523 -3.687107
v  -1.081617 0.062357 -18.500759
v  -21.659916 3.931776 -11.925487
v  -18.010746 0.167780 -8.453762
v  -2.272643 26.182964 -6.920040
v  -20.922163 28.347616 -12.308262
v  -14.034093 28.347616 -24.115326
v  -4.480634 0.062087 -5.477531
v  -10.770323 0.167780 -4.297612
v  -11.976387 22.804655 -31.135124
v  -9.380410 0.167780 -23.488647
v  -1.383281 0.062087 -8.738424
v  -10.582156 15.969628 -32.063301
v  -15.670101 0.062087 -22.308729
v  -9.183696 28.196629 -24.588366
v  -15.599153 28.347616 -4.424623
v  1.657611 3.934859 -13.233939
v  -8.106527 25.022528 -2.307718
v  -10.582157 9.710468 -34.928421
v  -19.791523 28.347616 -8.815437
v  0.210082 3.931746 -19.576952
v  -11.469035 11.151543 -32.195580
v  0.384905 28.347616 -10.614791
v  -2.244696 25.022432 -5.130787
v  -17.035013 0.062087 -6.566009
v  -8.173847 6.218863 -30.441566
v  -10.582157 16.906120 -35.076126
v  -20.103189 28.347616 -18.323637
v  -9.168769 0.194552 -24.848263
v  -11.975822 20.300735 -32.075272
v  -4.551583 28.347616 -23.361635
v  -12.160383 28.196636 -3.364269
v  -8.696001 7.955441 -27.160128
v  -11.464650 0.062087 -23.902786
v  -11.469035 7.966338 -29.274317
v  0.153304 28.196629 -10.643906
v  -7.607392 5.849023 -25.373163
v  -9.562950 20.814322 -26.782930
v  -20.304024 28.196630 -17.142403
v  -12.204393 0.194554 -3.107672
v  -10.667541 9.681417 -3.556685
v  -14.026659 9.681684 -23.462877
v  -20.020887 9.681785 -16.770533
v  -5.057027 9.681463 -22.949013
v  -2.363218 9.681557 -6.985488
v  -18.525942 9.681488 -7.911444
v  0.133693 9.681747 -15.615880
v  -2.073406 28.347616 -6.400906
v  -10.943885 28.347616 -2.965620
v  -20.143208 0.062087 -14.766025
v  0.403358 0.194552 -10.571508
v  -2.970373 0.194554 -5.503976
v  -9.206850 28.347616 -24.820639
v  -21.659924 25.026396 -15.860929
v  -8.685404 24.103397 -27.948044
v  -11.828512 26.182964 -3.575612
v  -20.554094 0.194552 -17.214754
v  -10.568600 20.693497 -26.191317
v  1.215955 25.025658 -10.640381
v  -12.765131 28.196636 -24.283960
v  -17.906103 3.934585 -5.130892
v  -18.836788 25.022924 -6.062898
v  -8.686068 0.062087 -3.883474
v  -10.582156 24.095036 -31.249878
v  -20.957579 0.194553 -12.339289
v  -6.116612 28.347616 -3.670944
v  -18.075191 0.194551 -21.432339
v  -11.975823 10.245726 -33.913673
v  -0.359215 28.347616 -18.970827
v  -4.505281 0.194552 -23.369997
v  -9.568581 22.126808 -33.619553
v  -0.492179 25.022617 -20.692951
v  -8.681702 16.058434 -32.346199
v  -9.581066 24.250090 -26.266449
v  -12.940036 8.627365 -25.234606
v  -0.875072 0.167780 -11.080395
v  -10.582156 19.375839 -31.294645
v  -11.435455 8.079696 -26.349890
v  -19.205702 0.194552 -7.771537
v  -20.535641 28.347616 -17.171469
v  -9.568582 5.489820 -31.924248
v  -0.945041 0.194551 -20.014729
v  -8.707911 5.072004 -26.552485
v  -8.681703 9.861438 -34.642433
v  -1.314024 3.935541 -6.062840
v  -11.469035 21.865944 -33.400490
v  -8.681703 8.255456 -30.388245
v  -20.487759 27.870298 -12.124111
v  0.550136 28.196629 -15.403721
v  -17.906160 25.032249 -22.655220
v  -9.418860 3.903273 -2.161421
v  -3.037191 27.870296 -6.017221
v  -13.178393 3.181233 -25.190168
v  -8.175615 11.147315 -32.999760
v  -15.645449 0.194552 -4.416260
v  -15.723624 8.573386 -24.179008
v  -20.360413 25.026987 -8.208520
v  -14.011782 0.194552 -24.156731
v  -10.662232 26.182964 -3.445065
v  -1.007506 9.681606 -18.891581
v  -16.966286 9.681342 -21.621380
v  -0.513699 9.681583 -9.920082
v  -7.220029 9.681535 -3.940357
v  -8.329598 9.681775 -24.099154
v  -20.413979 9.682083 -13.324078
v  -16.076485 9.681748 -5.455282
v  -11.467427 21.238762 -27.902998
v  -20.360764 25.022776 -19.577198
v  -1.157542 28.196629 -19.864359
v  -5.789454 21.213732 -24.770750
v  -5.578513 25.022497 -3.037098
v  0.880536 0.194524 -12.989792
v  -10.565009 24.370319 -26.989279
v  -8.681702 21.003895 -29.955711
v  -10.591214 8.280351 -27.123758
v  -19.160370 28.347616 -7.758999
v  -11.469035 5.337609 -30.114779
v  -4.393675 3.903232 -3.608073
v  1.509184 3.932547 -15.860804
v  -11.469036 13.000481 -34.929157
v  -0.034063 0.194554 -9.417523
v  -12.624285 3.780879 -23.429224
v  -11.916445 3.780879 -4.195475
v  -3.641330 3.780879 -6.407328
v  -4.208978 3.780879 -21.831615
v  -0.585542 3.779758 -10.765708
v  -18.805199 3.780879 -9.286162
v  -19.120186 3.780880 -17.846018
v  -0.490979 3.903247 -20.690447
v  -4.425696 9.366423 -24.179808
v  -11.975987 6.068983 -29.520468
v  -10.567239 4.788562 -26.370970
v  -4.631489 28.196630 -23.142311
v  -8.681702 23.771202 -31.114300
v  -3.524580 28.347616 -22.683681
v  -0.491856 25.022760 -7.093764
v  -7.313890 0.194554 -3.252026
v  -17.881290 28.196629 -21.258640
v  -18.603714 28.014660 -21.514692
v  -9.417727 26.974108 -25.552496
v  -11.469035 9.747442 -31.761461
v  -20.392067 26.182964 -12.140368
v  -8.681702 19.636707 -31.513710
v  -19.524916 0.062086 -10.311308
v  -18.767441 0.062087 -19.047855
v  -3.115717 0.062087 -21.220243
v  -13.166678 0.062087 -4.271948
v  -0.007525 0.062086 -13.020238
v  -18.609901 26.182964 -7.837698
v  -12.043690 25.022738 -2.307633
v  -20.931982 3.929945 -18.390867
v  -8.175297 7.622015 -31.030567
v  -2.453364 28.014660 -5.363903
v  -11.469035 16.058434 -32.346199
v  -15.720368 25.063948 -24.183914
v  -11.960003 21.999599 -26.790171
v  -21.808378 3.933753 -13.234786
v  -0.019846 26.182964 -10.996069
v  0.620620 28.196581 -13.004687
v  -12.163387 28.347616 -3.130843
v  0.781462 25.022516 -18.390610
v  -13.241861 28.014660 -24.884762
v  -9.568581 12.957831 -35.223274
v  1.200747 28.014660 -11.977367
v  -10.566231 20.549137 -25.754038
v  -12.972444 26.182964 -23.949553
v  -20.643250 28.014660 -9.515624
v  -17.905334 25.034752 -5.130337
v  -14.574073 3.903291 -3.038377
v  -1.547021 28.014660 -21.514690
v  -10.580810 24.441095 -27.996670
v  -20.268126 1.733357 -8.251062
v  -17.144150 0.167780 -20.419172
v  -14.079867 26.182964 -23.561142
v  -9.433928 28.014660 -25.312826
v  -21.496029 28.014660 -13.251898
v  -8.205131 21.924992 -26.415899
v  -10.582157 6.335924 -33.228104
v  -18.756142 1.733354 -6.124795
v  -8.159188 28.014660 -2.616120
v  -9.568581 19.375839 -31.294645
v  -10.582156 11.302511 -31.909590
v  -8.681703 16.817318 -34.793228
v  -10.560012 8.546935 -25.863737
v  -8.179641 0.539586 -25.049776
v  -20.086807 28.014660 -19.426102
v  -9.579156 4.796960 -27.151814
v  -15.137362 26.182964 -4.734380
v  -8.208549 7.138568 -26.544979
v  0.615272 28.295902 -17.272665
v  -11.452054 21.133421 -26.787350
v  -6.033724 27.870298 -4.135444
v  -5.157622 4.476532 -22.826267
v  -13.993411 4.476532 -23.307697
v  -10.630161 4.476532 -3.710921
v  -0.024996 4.476532 -15.618001
v  -2.460503 4.476532 -7.110874
v  -19.878834 4.476532 -16.699768
v  -18.382048 4.476532 -7.978383
v  -8.681703 5.337609 -30.114779
v  -9.839143 0.050016 -24.519638
v  -11.469036 5.779554 -31.763334
v  -17.180391 0.194554 -22.282259
v  -6.138934 0.194552 -3.629537
v  -20.116671 0.194553 -18.368740
v  -0.019846 26.182964 -16.790194
v  -21.808289 25.030203 -13.233884
v  -10.582156 23.360731 -32.528004
v  -11.975823 10.767256 -32.924335
v  -11.469035 23.060238 -32.349861
v  -11.967753 2.671321 -25.457706
v  -8.175404 21.701630 -30.626289
v  -16.694698 28.014660 -4.564297
v  -4.601682 0.539586 -23.796766
v  -17.787512 9.681334 -20.800776
v  -20.284430 9.681499 -12.170393
v  -9.483201 9.681746 -24.229576
v  -1.624793 9.681755 -19.874817
v  -15.093715 9.681471 -4.837250
v  -0.129848 9.681670 -11.015732
v  -6.124081 9.681561 -4.323380
v  -18.993195 28.196629 -7.921901
v  0.389297 28.295919 -9.866487
v  0.241332 26.182964 -15.645892
v  1.116283 1.733327 -17.125725
v  -8.322225 26.182964 -24.210648
v  -8.681703 6.598177 -33.012543
v  -16.810730 1.733359 -4.387337
v  -8.182386 23.215824 -27.415934
v  -10.582157 8.545190 -30.227331
v  1.215632 3.929965 -10.639504
v  -9.568582 7.653463 -34.229176
v  -5.698466 28.014660 -24.460232
v  -4.019237 26.182964 -22.428232
v  -1.540835 26.182964 -7.837699
v  -19.744091 26.182964 -17.898182
v  0.117389 1.733346 -19.535192
v  -8.690749 24.024733 -26.943665
v  -1.540837 26.182964 -19.948563
v  -17.048861 26.182964 -21.696659
v  -16.131500 26.182964 -5.358029
v  -3.526690 0.539586 -23.122396
v  -10.732944 1.731310 -25.523928
v  0.806834 0.194551 -15.447008
v  0.209673 25.026911 -19.577745
v  -20.804205 28.196636 -13.582948
v  -9.488504 26.182964 -24.341194
v  -21.064167 0.194555 -13.568798
v  -0.570140 1.733344 -7.158633
v  -6.842868 1.733345 -2.700448
v  0.690858 1.733351 -9.441884
v  -20.130890 26.182964 -16.790195
v  -6.070867 26.182964 -4.225118
v  0.711989 26.976889 -9.418565
v  -15.729186 26.976883 -3.675474
v  -17.878090 26.182964 -20.866222
v  -5.013376 26.182964 -23.051880
v  -16.673180 0.194554 -5.099510
v  -0.493546 0.167292 -13.064139
v  -3.271429 25.027403 -23.474369
v  -11.469035 21.003895 -29.955709
v  -8.174914 16.284483 -33.074181
v  -9.414207 1.733344 -2.262753
v  -1.914513 0.050016 -7.082922
v  -3.143559 28.196636 -5.698360
v  -12.928941 20.630142 -25.236822
v  -1.394607 1.733328 -21.661472
v  -10.736003 26.976858 -2.234238
v  -9.483060 27.870298 -3.348156
v  -21.294937 26.976889 -17.131550
v  -19.658934 3.935281 -7.093884
v  -12.836843 0.194554 -24.534233
v  0.241333 26.182964 -12.140368
v  -11.434878 23.908577 -26.220848
v  -13.289185 26.959555 -25.119841
v  -16.828342 26.975891 -23.421438
v  -11.469035 16.817318 -34.793228
v  -0.231338 3.781452 -13.030154
v  -9.138075 3.779757 -23.840944
v  -15.236058 3.779758 -5.337146
v  -19.982338 3.779757 -12.593332
v  -17.268467 3.779758 -20.828323
v  -1.713444 3.779757 -19.362661
v  -6.603673 3.779758 -4.523769
v  -14.864846 0.167780 -5.549400
v  -19.234997 26.182964 -8.830927
v  -9.569926 24.441095 -27.996672
v  1.438214 26.976860 -15.843410
v  -11.974268 23.261196 -28.248058
v  -6.847915 26.976873 -2.669387
v  -9.589151 8.546810 -25.863483
v  -8.175411 9.466919 -32.558083
v  -8.364960 6.082457 -31.595102
v  -20.524315 26.182964 -14.479806
v  -11.469036 9.861439 -34.642429
v  -10.967045 28.196629 -3.197893
v  -11.469035 13.364941 -32.401031
v  -6.538165 0.167780 -4.946337
v  -12.863697 28.347616 -24.495573
v  -19.584948 0.167780 -12.435462
v  -18.778753 26.976870 -21.678837
v  -16.838161 26.976852 -4.371914
v  -21.588951 26.976871 -11.942864
v  -8.681702 21.865940 -33.400490
v  -9.568581 20.680061 -29.820131
v  -5.634604 27.479122 -3.171854
v  -2.297731 26.976870 -5.181228
v  -17.187828 28.347616 -22.235762
v  -11.443113 5.075945 -26.622913
v  -8.195108 2.662685 -25.459417
v  1.584504 26.976866 -13.232779
v  -9.568581 24.095036 -31.249878
v  -20.862722 26.976889 -18.367704
v  -10.580810 20.883369 -27.522316
v  -11.785575 7.614900 -29.171741
v  -10.981967 0.194552 -2.937996
v  -2.075560 0.194551 -6.353904
v  -0.315539 0.194554 -18.953230
v  -19.835222 0.194555 -8.833076
v  -8.681703 7.966338 -29.274315
v  -14.525911 1.733338 -3.127655
v  -14.415351 10.703693 -24.767239
v  -8.681702 23.060236 -32.349865
v  -3.456040 28.014660 -23.221964
v  -18.836655 3.933606 -21.723444
v  -8.067286 22.935019 -25.530972
v  -9.568581 20.125584 -34.514313
v  -4.433447 1.733335 -3.701392
v  -21.706724 1.733345 -13.232289
v  -6.908876 28.014660 -24.884762
v  -8.681702 13.364941 -32.401031
v  1.509186 25.026941 -11.925364
v  -8.364960 19.909431 -31.743963
v  -11.672433 28.295919 -2.794821
v  -20.299532 26.976894 -8.249084
v  -20.932430 3.930119 -9.396473
v  -11.785778 8.565085 -31.395826
v  1.345294 28.014660 -13.251897
v  -8.432093 19.882269 -25.515589
v  -0.402605 28.295919 -19.564173
v  -8.583428 8.673166 -25.564548
v  -10.582157 12.957831 -35.223274
v  -21.267025 1.733347 -10.660542
v  -13.746742 3.779927 -23.091909
v  -19.556330 3.779926 -16.758078
v  -5.172556 3.779926 -22.498884
v  -18.226553 3.779926 -8.266875
v  -2.776358 3.779926 -7.198280
v  -10.758770 3.779926 -4.012363
v  -0.290264 3.779926 -15.425554
v  -19.602558 26.976877 -7.140441
v  -11.976118 7.152661 -29.336264
v  -2.243965 3.918696 -22.654472
v  -0.548182 26.976866 -20.645826
v  -13.612566 0.167780 -22.839926
v  -10.561212 24.124651 -25.826300
v  -17.844072 1.733367 -22.574862
v  -3.270845 3.928234 -23.473921
v  -10.720738 26.976252 -25.552954
v  1.410532 1.733327 -11.949716
v  -1.288853 3.780877 -18.708855
v  -10.582156 9.966810 -31.502939
v  -12.579790 22.949297 -25.358248
v  -11.469036 6.598178 -33.012543
v  -9.588253 20.471998 -25.696674
v  -10.582157 5.489820 -31.924250
v  -16.725536 3.780877 -21.387749
v  -9.568581 8.545190 -30.227331
v  -0.831979 3.780877 -10.026114
v  -14.452271 28.014660 -24.460232
v  -7.335565 3.780877 -4.255312
v  -8.362152 3.780877 -23.765259
v  -20.081209 3.780877 -13.366638
v  -15.902281 3.780877 -5.741985
v  -11.469035 8.839260 -31.170465
v  -20.488018 0.050016 -11.758823
v  -14.473201 0.050016 -23.569778
v  -20.382879 0.050016 -16.488068
v  -18.530794 0.050016 -7.452303
v  -5.677529 0.050016 -4.216483
v  -14.898865 0.050016 -4.421469
v  -5.251878 0.050016 -23.364794
v  -10.311601 0.050016 -3.266621
v  0.232149 0.050016 -11.298209
v  0.552675 0.050013 -13.660748
v  -1.619935 0.050016 -20.333948
v  -18.236221 0.050016 -20.703341
v  -20.841595 1.733327 -18.344364
v  -1.371981 26.976873 -6.107425
v  -8.681703 13.000481 -34.929157
v  -9.568581 18.064816 -31.783480
v  -5.698463 28.014660 -3.326029
v  -11.050401 4.927308 -27.978304
v  -8.740371 23.782717 -25.766750
v  -9.589270 24.124592 -25.826557
v  1.657433 3.912965 -14.550054
v  -5.285881 0.167780 -22.236855
v  -10.734097 25.022551 -2.161072
v  -2.200271 27.870298 -6.855363
v  -6.851442 26.960621 -25.116838
v  -15.196865 28.295906 -23.866804
v  -11.469035 19.636707 -31.513710
v  -10.991282 28.295902 -25.067751
v  -8.364960 7.644738 -29.377138
v  -21.735886 26.976858 -13.244111
v  -11.465333 24.103397 -27.948046
v  1.144209 26.976849 -10.654718
v  -8.681702 11.151542 -32.195580
v  -7.946337 0.194555 -24.678589
v  -19.493214 1.156256 -20.575294
v  -11.785777 23.432648 -30.972557
v  -0.406642 26.182964 -17.898182
v  -2.962920 28.347616 -5.550486
v  -16.626181 28.347616 -5.102596
v  -10.597593 20.069433 -25.648996
v  -21.032450 28.347616 -13.533933
v  -13.328206 25.022743 -2.600783
v  -14.117010 27.870298 -23.650816
v  -21.561272 1.733362 -15.836552
v  0.210043 25.026173 -8.209163
v  -7.178291 26.182964 -3.836706
v  -20.143475 4.476532 -15.586165
v  -9.485590 4.476532 -3.700717
v  -6.184418 4.476532 -23.332071
v  -1.738896 4.476532 -7.999374
v  -0.269738 4.476532 -16.736145
v  -15.029061 4.476532 -22.820280
v  -17.676399 4.476532 -7.077158
v  -5.403244 4.477434 -4.821448
v  -14.254877 4.477434 -4.584216
v  -2.270771 4.477433 -20.466745
v  -0.069819 4.477432 -11.889848
v  -19.959255 4.477434 -11.356810
v  -10.348734 4.477432 -24.093590
v  -18.220852 4.477430 -20.039286
v  -3.477564 0.194554 -22.686754
v  -20.932396 25.025772 -18.390043
v  -20.143475 4.476532 -12.200096
v  -17.676395 4.476532 -20.709103
v  -15.029063 4.476532 -4.965979
v  -0.269738 4.476532 -11.050116
v  -1.738898 4.476532 -19.786888
v  -9.485591 4.476532 -24.085541
v  -6.184416 4.476532 -4.454189
v  -19.403580 28.014660 -7.274565
v  -6.238246 28.196629 -3.870173
v  -8.681703 7.872832 -33.970650
v  -11.469036 7.872833 -33.970650
v  -2.534715 0.539586 -5.454936
v  1.223397 0.539586 -13.258740
v  -11.971096 0.539586 -2.736483
v  -9.568582 6.335923 -33.228104
v  -20.530455 0.539586 -18.223915
v  -9.568581 20.885399 -28.728155
v  -9.568581 23.360733 -32.528004
v  -8.364960 21.342447 -30.097452
v  -8.681703 5.779554 -31.763332
v  -10.582156 22.126812 -33.619556
v  -15.712138 1.734628 -24.087444
v  -11.785777 21.569855 -28.910742
v  -21.066013 28.014660 -17.059610
v  -10.580811 8.228840 -27.929768
v  -20.130890 26.182964 -10.996067
v  -8.439322 7.839641 -25.778475
v  -10.709963 0.539586 -25.190941
v  -2.272645 26.182964 -20.866220
v  -15.184313 27.870298 -4.649429
v  -2.258635 2.744028 -5.151423
v  -8.174914 8.431226 -33.312592
v  -8.364960 10.993710 -32.494812
v  -4.426569 26.974695 -24.113276
v  1.509038 25.028055 -15.861691
v  0.716331 26.976870 -18.357201
v  -9.569926 20.883369 -27.522316
v  -21.808355 25.028799 -14.551455
v  -9.568581 16.906122 -35.076126
v  -10.562503 8.678425 -25.712944
v  -17.616020 0.539586 -22.331326
v  -8.174914 21.201914 -32.838932
v  -0.990371 28.347616 -20.027266
v  -11.975822 21.201916 -32.838928
v  -16.879974 25.031404 -23.473877
v  -3.006587 0.167780 -7.367085
v  -1.133636 28.295908 -7.129304
v  -14.679891 28.295906 -3.670494
v  -1.364318 26.976864 -21.670254
v  -11.769019 21.484102 -26.809408
v  -21.231133 0.539586 -11.997815
v  -11.878035 23.525469 -25.560940
v  -1.312821 25.052191 -6.064650
v  -13.313732 26.976889 -2.672539
v  -6.984059 0.062087 -23.514313
v  -9.454446 2.666214 -25.602051
v  -9.568582 5.029992 -30.213129
v  -10.582156 20.191883 -30.646488
v  -8.681702 20.492378 -30.824625
v  -9.564040 3.650222 -23.651415
v  -17.385900 3.650223 -20.377087
v  -2.127224 3.650222 -19.577547
v  -6.302106 3.650222 -4.879354
v  -0.675522 3.650222 -11.223198
v  -14.770040 3.650222 -5.323082
v  -19.702763 3.650223 -12.220175
v  -8.174914 6.517056 -31.353731
v  -19.383106 28.295900 -20.144293
v  1.016225 3.931029 -17.773865
v  1.657551 25.038185 -13.235419
v  -9.568582 9.710468 -34.928421
v  -4.019235 26.182964 -5.358029
v  -12.083450 5.851563 -25.542091
v  -16.878450 3.932081 -23.474995
v  -19.659481 25.051958 -20.691082
v  -3.274047 25.043392 -4.310089
v  -9.611779 8.704571 -25.703169
v  -6.942673 0.539586 -24.767448
v  -11.641531 24.251013 -25.550209
v  -0.493820 3.903290 -7.091811
v  -10.667676 27.870298 -3.348156
v  -21.808321 3.933268 -14.552348
v  -6.070868 26.182964 -23.561142
v  -14.079869 26.182964 -4.225117
v  -18.609898 26.182964 -19.948563
v  -10.582156 13.407590 -32.106918
v  -20.621233 27.870296 -13.301014
v  -0.316960 27.870296 -9.850932
v  -11.785777 20.806534 -31.011110
v  -6.925180 2.775721 -25.174946
v  -10.582157 8.273954 -29.175964
v  -16.131500 26.182964 -22.428230
v  -17.048862 26.182964 -6.089601
v  -8.107350 2.744050 -2.332602
v  -21.173624 28.295900 -15.486787
v  -18.240984 28.295902 -6.209786
v  -4.401668 28.295900 -4.222548
v  -11.785777 21.593218 -33.170235
v  -0.830781 27.870296 -19.002289
v  -3.963065 27.870296 -22.507397
v  -16.187674 27.870296 -5.278863
v  0.470497 27.870296 -13.301014
v  -8.305964 27.870296 -24.306347
v  -19.319956 27.870296 -8.783973
v  0.337024 27.870298 -15.662149
v  -4.966424 27.870298 -23.136831
v  -9.483061 27.870298 -24.438103
v  -1.461677 27.870298 -20.004728
v  -18.689060 27.870298 -7.781532
v  0.073422 27.870298 -10.969197
v  -9.433928 28.014660 -2.473433
v  -10.582157 11.157175 -35.132805
v  -9.568581 9.101513 -30.954905
v  -11.756658 5.414942 -26.590429
v  -19.833773 27.870296 -17.935331
v  -17.113543 27.870296 -21.769041
v  -21.374134 0.539586 -13.258741
v  -20.224155 27.870298 -16.817066
v  -17.950462 27.870298 -20.930899
v  -8.124599 26.976881 -2.378653
v  -15.549057 0.539586 -3.989494
v  -14.405556 0.539586 -24.347446
v  0.797975 0.539586 -10.760448
v  -5.745179 0.539586 -3.438813
v  -20.948711 0.539586 -17.025814
v  0.780198 3.903268 -9.393828
v  -12.076767 7.373607 -25.543230
v  -9.568581 13.407590 -32.106918
v  -0.565785 0.167780 -15.350795
v  -4.461907 27.479122 -24.049664
v  -19.580587 1.733394 -20.627651
v  -20.938620 28.295906 -11.119387
v  -8.322224 26.182964 -3.575612
v  -8.272702 5.224819 -25.570850
v  -21.343933 2.743966 -17.135860
v  -5.584805 2.744009 -3.061197
v  -12.999315 27.870296 -24.042828
v  -10.582157 7.653464 -34.229172
v  -13.330667 3.903301 -2.601984
v  -12.039112 10.984165 -33.515011
v  -13.353778 0.225748 -7.198899
v  0.124923 1.733342 -8.264679
v  -17.832485 1.733347 -5.201035
v  -8.116101 1.733340 -2.408937
v  -13.272288 1.156256 -24.990383
v  -9.424569 27.479122 -25.479441
v  -8.073988 21.581739 -25.529922
v  -15.744299 2.744033 -3.628670
v  -13.216892 0.226271 -20.576044
v  -10.567614 4.801369 -25.860655
v  -8.379392 23.668701 -26.912861
v  -12.011659 22.534975 -26.508919
v  -11.469035 19.930168 -34.258152
v  -2.289266 26.976877 -22.597456
v  -20.524315 26.182964 -13.306456
v  0.373580 26.182964 -14.479805
v  -0.915738 26.182964 -8.830928
v  -5.013374 26.182964 -4.734380
v  -0.406642 26.182964 -9.888081
v  -3.101872 26.182964 -6.089601
v  -0.915740 26.182964 -18.955334
v  -8.364960 16.151276 -32.644417
v  -5.701187 24.054163 -24.748459
v  -10.582156 24.414150 -29.669495
v  -8.681702 24.079527 -29.580231
v  -11.991548 28.014660 -25.170139
v  -6.862048 0.225492 -7.129699
v  -2.534718 0.539586 -22.331326
v  0.852983 28.347616 -13.027794
v  -7.987368 28.347616 -24.655420
v  -7.287016 28.347616 -3.290689
v  -8.138065 6.517013 -26.777388
v  -11.991549 28.014660 -2.616120
v  0.492514 28.014660 -9.515625
v  -9.568581 9.966810 -31.502939
v  -11.785778 5.659209 -30.011957
v  -3.321836 26.976864 -4.365354
v  -9.568581 24.414150 -29.669495
v  -17.385532 0.225493 -12.171591
v  -11.785778 6.872353 -32.787186
v  -11.636834 4.530312 -25.554855
v  -21.707605 1.733347 -14.538456
v  -12.019304 1.733334 -2.406343
v  0.684913 1.733347 -18.358747
v  -6.821887 25.027838 -2.601028
v  -20.835653 1.733365 -9.427518
v  -13.912480 28.196629 -23.916090
v  1.407889 1.733352 -15.852071
v  -0.579259 1.733364 -20.640471
v  -1.384106 1.733349 -6.136545
v  -10.720803 1.733345 -2.261876
v  -19.571465 1.733326 -7.145781
v  -11.748148 7.694794 -26.436714
v  -8.681702 19.930166 -34.258156
v  -14.527529 26.518461 -24.720394
v  -10.729310 2.743998 -2.185514
v  1.556868 1.733329 -13.247808
v  -8.685404 7.909566 -27.966129
v  -11.469035 20.492380 -30.824627
v  -8.364960 22.746084 -32.163383
v  -13.208064 0.539586 -24.767447
v  -1.168637 3.606941 -17.811909
v  -14.074962 3.606968 -22.411243
v  -5.231852 3.606966 -5.942740
v  -10.167749 3.606969 -4.483208
v  -19.228807 3.606968 -16.077082
v  -5.909348 3.606967 -22.331095
v  -18.904219 3.606966 -10.940195
v  -6.792572 0.225560 -20.613020
v  -2.306658 1.733336 -5.211409
v  -12.999316 27.870296 -3.743431
v  -8.369489 5.484410 -28.135483
v  -12.846397 28.295931 -24.758434
v  -8.364960 23.729694 -29.486908
v  -9.440774 0.539586 -25.190941
v  -6.862677 27.479122 -25.045132
v  -10.582156 20.125584 -34.514309
v  -11.054662 20.996639 -27.536011
v  -11.828512 26.182964 -24.210648
v  -9.488503 26.182964 -3.445065
v  -17.878094 26.182964 -6.920040
v  -10.662232 26.182964 -24.341194
v  -20.392067 26.182964 -15.645894
v  -15.137361 26.182964 -23.051880
v  -11.409499 23.783176 -25.767853
v  -15.714626 26.969257 -24.119175
v  -4.966422 27.870298 -4.649429
v  -8.681702 21.220022 -28.817419
v  -16.875422 25.025002 -4.308937
v  -8.140507 22.518423 -26.489323
v  -3.340682 1.734055 -23.399523
v  -2.784032 0.225492 -12.188476
v  -9.569927 8.228840 -27.929768
v  -21.735243 26.976858 -14.553476
v  -20.867067 26.976809 -9.429041
v  -17.861465 26.976862 -5.188799
v  -20.294031 26.976871 -19.547121
v  1.585149 26.976860 -14.542143
v  0.143298 26.976864 -8.239144
v  -9.117767 4.871420 -26.311005
v  0.148798 26.976851 -19.537182
v  -12.037336 26.976881 -2.380548
v  -17.852995 26.976881 -22.605038
v  -0.554837 26.976873 -7.131063
v  -14.549380 26.976875 -3.106598
v  1.147383 26.976877 -17.120497
v  -18.786415 26.976866 -6.116002
v  1.436284 26.976875 -11.931519
v  -21.298122 26.976822 -10.665758
v  -21.587019 26.976891 -15.854734
v  -20.932138 25.025454 -9.395588
v  -4.452291 1.738767 -24.095592
v  0.492513 28.014660 -18.270638
v  -11.785205 23.767902 -28.356457
v  -8.364960 8.565083 -31.395826
v  -11.469035 23.771202 -31.114300
v  -8.379898 21.485895 -26.794004
v  -9.093467 23.984638 -31.203657
v  -11.785778 9.518103 -32.031734
v  -5.697723 3.281241 -24.763943
v  -11.785778 10.993711 -32.494812
v  -19.403576 28.014660 -20.511696
v  -8.741505 8.220387 -25.803705
v  -21.752451 25.022501 -12.577369
v  -20.703413 0.050013 -14.125534
v  -3.267193 0.050013 -22.057568
v  -19.550081 0.050013 -18.713827
v  -16.883528 0.050013 -5.728680
v  -3.630570 0.050013 -5.438908
v  -0.399002 0.050013 -18.295088
v  -0.600660 0.050013 -9.072421
v  -7.936960 0.050013 -3.479844
v  -19.751732 0.050013 -9.491161
v  -12.213756 0.050013 -24.306419
v  -12.666884 0.050013 -3.583263
v  -7.483862 0.050013 -24.202997
v  -16.520168 0.050013 -22.347349
v  0.337280 0.050016 -16.027435
v  -9.569927 4.844379 -28.351646
v  -20.025152 25.023045 -7.641150
v  -11.694646 9.538875 -25.519053
v  -11.035166 8.296187 -26.386938
v  -12.039144 22.275715 -30.839701
v  -15.703502 1.733356 -3.693779
v  -5.610273 1.733342 -3.133690
v  1.120645 1.733345 -10.675688
v  -9.581271 24.230013 -25.701412
v  -9.592722 20.547190 -25.753405
v  -11.785778 16.151276 -32.644417
v  -18.077307 28.347616 -21.385378
v  -12.039405 6.729314 -30.200195
v  -0.125272 25.025465 -7.641698
v  -8.176113 22.099970 -28.154524
v  -10.582156 20.680061 -29.820131
v  -19.748148 28.295919 -8.222116
v  -10.582156 20.885401 -28.728155
v  -5.614856 26.967712 -24.684189
v  0.915278 28.014660 -17.059608
v  -11.785778 16.724476 -34.495010
v  -10.569466 4.657730 -25.710484
v  -9.117501 20.793587 -26.182491
v  -7.201730 8.740663 -25.232851
v  -17.402199 25.024853 -4.704962
v  -8.681702 18.260233 -32.039635
v  -11.743891 23.549416 -26.197708
v  -11.411235 20.849653 -25.750666
v  -11.785778 13.045069 -34.620441
v  0.771429 28.347616 -15.477995
v  -10.582157 5.859265 -32.620556
v  -11.469035 10.367916 -32.002617
v  -7.151420 27.870296 -3.743431
v  -7.184123 20.348951 -25.228630
v  -10.569466 24.230013 -25.701412
v  -9.568581 20.191885 -30.646488
v  -2.342158 27.479122 -5.239461
v  1.015969 3.935266 -10.011484
v  -8.111599 7.150021 -31.371450
v  -8.680388 5.199127 -28.932407
v  -0.888300 3.931847 -21.218918
v  -11.975536 21.929466 -30.010937
v  -10.582157 9.101513 -30.954903
v  -8.436958 23.419754 -25.735657
v  -12.011759 6.532054 -26.759237
v  -11.013215 8.442307 -25.840149
v  -8.364960 10.019270 -34.343193
v  -10.582157 5.216945 -31.126127
v  -0.747157 28.014660 -7.274567
v  -14.452272 28.014660 -3.326029
v  -18.837967 3.912963 -6.064718
v  -9.424568 27.479122 -2.306820
v  -8.111486 10.995711 -33.516697
v  -19.657763 25.043484 -7.092589
v  -14.455012 4.549523 -24.749752
v  1.380452 25.023499 -11.278723
v  -6.942670 0.539586 -3.018812
v  -0.170783 0.539586 -19.367046
v  -16.624050 0.539586 -4.663864
v  -19.979954 0.539586 -8.419215
v  0.379722 0.539586 -9.562347
v  -1.315184 25.052195 -21.724255
v  -10.709962 0.539586 -2.595318
v  -19.304018 0.539586 -7.345206
v  -18.512690 0.539586 -21.433346
v  -0.846720 0.539586 -20.441055
v  -1.638043 0.539586 -6.352916
v  1.080394 0.539586 -15.788445
v  0.373580 26.182964 -13.306456
v  -3.101875 26.182964 -21.696659
v  -14.526268 1.738671 -24.657509
v  -10.582156 18.064816 -31.783478
v  -19.595894 26.976858 -20.655203
v  -9.551264 19.707924 -25.647804
v  -9.433983 1.729892 -25.524637
v  -21.271381 1.733355 -17.110571
v  -2.380122 1.156256 -5.281942
v  -12.009960 1.156256 -2.507758
v  1.455037 1.156256 -13.245735
v  -0.144269 4.041748 -15.623772
v  -13.972496 4.041748 -23.190130
v  -2.530357 4.041748 -7.207724
v  -10.597995 4.041748 -3.825920
v  -5.236500 4.041748 -22.736612
v  -19.773876 4.041748 -16.642818
v  -18.272083 4.041748 -8.024934
v  -2.732129 4.042747 -20.795874
v  -4.979742 4.042747 -5.197978
v  -0.100153 4.042747 -12.455715
v  -13.696425 4.042747 -4.487864
v  -10.893679 4.042748 -23.938099
v  -19.686403 4.042748 -10.860132
v  -18.439081 4.042747 -19.516233
v  -8.681702 9.747440 -31.761461
v  -9.117365 24.134739 -26.248995
v  -20.663548 3.932494 -8.794652
v  -20.359045 3.903293 -19.579334
v  -19.710629 23.339407 -9.911716
v  -0.440111 23.339251 -17.874550
v  -6.077716 23.339174 -23.520725
v  -18.572018 23.339270 -19.932894
v  -14.073023 23.339184 -4.265535
v  -20.183008 1.156256 -19.479269
v  -0.831980 3.780877 -17.760147
v  -15.902279 3.780877 -22.044273
v  -20.081209 3.780877 -14.419623
v  -7.335567 3.780877 -23.530949
v  -16.725538 3.780877 -6.398512
v  -8.362150 3.780877 -4.021000
v  -1.288852 3.780877 -9.077407
v  -8.073971 7.373607 -25.543230
v  -20.621233 27.870296 -14.485248
v  -0.830779 27.870296 -8.783975
v  -6.094607 23.339357 -4.258527
v  -16.624046 0.539586 -23.122396
v  -8.111551 22.273893 -30.843683
v  -17.697369 28.014660 -22.422359
v  1.216118 3.903318 -17.143721
v  -8.364960 21.593216 -33.170235
v  -11.785778 8.102173 -33.700378
v  -8.681703 8.839258 -31.170465
v  -16.823074 1.733453 -23.390203
v  -21.366854 3.903265 -10.642538
v  -8.111501 6.730180 -30.199392
v  -3.453060 0.167292 -20.867622
v  -18.348604 0.167292 -18.797417
v  -4.749334 0.167292 -5.884892
v  -15.401399 0.167292 -21.901369
v  -19.067980 0.167292 -10.482637
v  -13.015732 0.167292 -4.736015
v  -9.536776 10.468375 -25.645399
v  -9.740366 4.041029 -23.994865
v  -5.994221 4.041030 -4.646425
v  -0.301451 4.041030 -11.318674
v  -17.764353 4.041030 -20.453375
v  -1.968644 4.041030 -19.929546
v  -14.760195 4.041030 -4.937141
v  -19.998375 4.041029 -11.971882
v  -10.582156 10.557175 -31.728186
v  -8.393661 7.661546 -26.658104
v  -21.530920 3.930836 -16.508360
v  -6.862675 27.479122 -2.741129
v  -5.656407 1.156256 -24.561773
v  -11.785778 6.082457 -31.595106
v  -11.785778 10.019270 -34.343193
v  -3.359464 27.479122 -23.358072
v  -8.111716 17.418470 -33.482910
v  -13.725848 11.209753 -25.009665
v  0.757388 2.744038 -18.384264
v  -14.513518 27.350546 -24.643330
v  -11.975606 12.454861 -33.132164
v  -11.711909 7.838023 -25.779079
v  -8.364960 6.872352 -32.787178
v  -8.478328 28.295919 -24.991442
v  -6.698897 28.295919 -3.200959
v  -20.540030 28.295919 -17.919777
v  -9.093468 7.728248 -34.141045
v  -18.498436 0.062057 -8.310380
v  -4.908703 0.062056 -22.577641
v  -13.643852 0.062057 -23.347284
v  -2.758280 0.062057 -6.923525
v  -10.962296 0.062057 -3.826923
v  -19.691845 0.062057 -16.997726
v  -15.242038 0.062057 -5.208621
v  -0.064181 0.062057 -15.268373
v  -9.188424 0.062057 -23.959333
v  -20.086552 0.062056 -12.517856
v  -0.458899 0.062057 -10.788503
v  -6.506895 0.062056 -4.438969
v  -17.392450 0.062056 -20.862740
v  -1.652287 0.062057 -19.475861
v  -8.364960 16.724476 -34.495010
v  -20.275658 1.733326 -19.521574
v  -12.019505 27.479122 -25.334671
v  -10.582156 23.785059 -31.919493
v  -15.091478 19.276785 -24.488316
v  -12.024742 1.738776 -25.379070
v  -11.057270 22.037880 -33.545120
v  -11.785777 19.909433 -31.743963
v  -9.568582 11.157175 -35.132805
v  -11.019417 20.636627 -25.728813
v  -9.568581 12.240192 -32.038666
v  -10.582157 8.561352 -34.622932
v  -8.364960 13.045069 -34.620441
v  -11.015461 24.009398 -25.800285
v  -2.269444 28.196629 -6.527620
v  -15.519228 28.196629 -4.643937
v  -20.700869 28.196629 -12.382526
v  -9.568581 21.250294 -34.100044
v  -16.983295 9.681745 -6.180095
v  -16.057867 9.681746 -22.344168
v  -20.412687 9.682221 -14.484962
v  -1.018557 9.681494 -8.874716
v  -0.504983 9.681386 -17.845095
v  -7.198100 9.681369 -23.839567
v  -8.352093 9.681688 -3.683298
v  -9.093468 5.588593 -31.869390
v  -19.645756 9.681458 -9.941166
v  -3.167439 9.681587 -21.606161
v  -12.952634 9.681551 -3.946690
v  0.263242 9.681764 -14.462182
v  -11.798648 9.681866 -24.102962
v  -4.092869 9.681521 -5.442093
v  -19.132177 9.681562 -18.911545
v  -12.076748 21.581741 -25.529922
v  -9.093468 6.425328 -33.154617
v  -11.722105 19.927774 -25.515522
v  -0.123459 9.681674 -16.748316
v  -20.280540 9.681445 -15.638684
v  -9.506276 9.681589 -3.555398
v  -17.802912 9.681730 -7.002727
v  -1.638181 9.681579 -7.892595
v  -6.102726 9.681662 -23.454021
v  -15.073483 9.681790 -22.960180
v  -8.364960 23.432648 -30.972557
v  -3.821090 28.295919 -23.199421
v  1.022891 28.295902 -12.299482
v  -9.159468 28.295902 -2.718509
v  -1.909759 28.295902 -21.576479
v  -6.052079 28.295902 -24.358507
v  -20.027281 9.681823 -11.037949
v  -18.512556 9.681639 -19.893665
v  -14.048010 9.681535 -4.332237
v  0.129809 9.681650 -12.147587
v  -2.347824 9.681651 -20.783531
v  -10.644465 9.681705 -24.230862
v  -5.077260 9.681618 -4.826076
v  -3.280299 4.476532 -6.299642
v  -4.184308 4.476532 -22.207541
v  -12.902821 4.476532 -23.682896
v  -19.492203 4.476532 -17.786360
v  -18.990520 4.476532 -8.958140
v  -11.775543 4.476532 -3.846068
v  0.098118 4.476532 -14.471264
v  -11.895979 22.893253 -25.716473
v  -11.785777 22.746086 -32.163383
v  -8.131232 27.479122 -25.334671
v  -11.057270 16.875847 -34.980179
v  -8.509858 24.247776 -25.550392
v  -9.568582 8.561352 -34.622936
v  -8.364960 8.102173 -33.700378
v  -11.057270 23.258289 -32.467323
v  -19.744095 26.182964 -9.888079
v  -19.319954 27.870296 -19.002289
v  -3.963062 27.870296 -5.278864
v  -16.187672 27.870296 -22.507397
v  -21.459839 1.156256 -11.958959
v  -7.180689 23.339060 -23.908649
v  -19.195654 23.339334 -18.943899
v  -12.970054 23.339249 -3.877609
v  -11.468933 5.151780 -28.163372
v  -15.184312 27.870298 -23.136829
v  -1.461675 27.870298 -7.781533
v  -20.487759 27.870298 -15.662151
v  -18.689056 27.870298 -20.004730
v  1.100061 28.295919 -14.805730
v  -17.028963 23.339182 -6.125417
v  -20.483906 23.339199 -14.486574
v  -16.101013 23.339211 -22.400858
v  -8.364960 9.518101 -32.031731
v  -10.582156 21.250294 -34.100044
v  -11.032996 24.133867 -26.244686
v  -16.758305 1.156256 -4.474653
v  0.594064 1.156256 -9.473561
v  -6.878447 1.156256 -2.795876
v  -5.056696 7.786543 -24.478807
v  -8.407865 21.332796 -26.137871
v  -16.879772 4.476532 -6.268238
v  -0.636495 4.476532 -17.810600
v  -7.253130 4.476532 -23.715240
v  -1.127523 4.476532 -8.956029
v  -20.279224 4.476532 -14.458984
v  -15.994967 4.476532 -22.223629
v  -8.356462 4.476532 -3.819190
v  -8.364960 20.806530 -31.011108
v  -11.500772 4.478146 -23.988173
v  -18.856716 4.478142 -19.072857
v  0.083755 4.478144 -13.036456
v  -13.171198 4.478144 -4.179350
v  -4.411032 4.478143 -5.416281
v  -19.600122 4.478145 -10.257092
v  -3.071467 4.478143 -21.301708
v  -9.116809 8.294080 -26.399189
v  -11.469035 24.079529 -29.580231
v  -11.057270 20.790459 -29.866352
v  -9.093467 20.790459 -29.866352
v  -10.582157 6.930441 -33.759956
v  -12.039261 17.405306 -33.484615
v  -10.699233 2.716316 -25.605036
v  -9.568581 18.696316 -34.845345
v  -2.318248 1.733355 -22.585224
v  -11.975823 8.431227 -33.312595
v  -4.489465 1.156256 -23.999804
v  -13.292932 1.733346 -2.696135
v  -3.327319 1.733336 -4.396330
v  1.555987 1.733347 -14.553975
v  -18.685665 1.156256 -21.587929
v  -9.093467 24.300074 -29.639065
v  -6.870748 1.742967 -25.093132
v  -18.766632 1.733318 -21.649708
v  -11.057270 9.012109 -31.028391
v  -20.183010 1.156256 -8.306993
v  0.032273 1.156256 -19.479267
v  -8.140775 1.156256 -2.507757
v  -20.744799 1.156256 -9.473559
v  0.594061 1.156256 -18.312702
v  -17.770613 1.156256 -5.281942
v  0.032275 1.156256 -8.306995
v  -0.657521 1.156256 -20.575294
v  1.309100 1.156256 -15.827302
v  -10.722972 1.156256 -2.363699
v  -19.493217 1.156256 -7.210967
v  -1.465069 1.156256 -6.198332
v  -18.685665 1.156256 -6.198331
v  -9.427763 1.156256 -2.363699
v  -0.657519 1.156256 -7.210968
v  -1.465072 1.156256 -21.587929
v  1.020889 1.156256 -17.090036
v  -21.171627 1.156256 -10.696224
v  -11.469035 8.255457 -30.388243
v  -16.879770 4.476532 -21.518021
v  -20.279224 4.476532 -13.327277
v  -15.994968 4.476532 -5.562630
v  -1.127524 4.476532 -18.830235
v  -7.253129 4.476532 -4.071018
v  -0.636495 4.476532 -9.975661
v  -8.356462 4.476532 -23.967068
v  -3.359461 27.479122 -4.428188
v  -9.093467 19.464771 -31.369080
v  -9.093467 20.294327 -30.707167
v  -21.374134 0.539586 -14.527521
v  -1.422592 27.479122 -21.625891
v  -11.057270 12.972371 -35.123253
v  -0.946342 23.339212 -18.928106
v  -10.726168 27.479122 -25.479441
v  -11.971096 0.539586 -25.049776
v  -5.634607 27.479122 -24.614407
v  -14.405557 0.539586 -3.438813
v  -15.549055 0.539586 -23.796766
v  1.080396 0.539586 -11.997815
v  -21.231131 0.539586 -15.788447
v  -4.601679 0.539586 -3.989493
v  -18.304287 3.651513 -18.915680
v  -3.347614 3.651513 -20.798090
v  -19.132814 3.651513 -10.591037
v  -13.140919 3.651513 -4.752913
v  -4.840596 3.651513 -5.797555
v  -11.279201 3.651513 -23.458271
v  -0.482165 3.651513 -12.938335
v  -11.032169 20.793659 -26.184225
v  -10.595795 9.681735 -25.648140
v  -3.392433 1.156256 -23.311607
v  -9.568581 22.811501 -33.089870
v  -11.975270 7.987867 -31.543587
v  -8.759219 25.022747 -2.216089
v  -10.582156 18.696316 -34.845345
v  -9.581271 4.657729 -25.710484
v  -5.067024 20.603529 -24.485092
v  -11.057270 9.892026 -31.591072
v  -9.568582 5.859265 -32.620552
v  -11.057270 11.251045 -32.007034
v  -9.568582 6.930441 -33.759956
v  -17.756620 28.295919 -22.061447
v  -0.430945 28.295904 -8.174054
v  -13.504976 28.295904 -3.217901
v  -20.559927 28.295904 -9.918620
v  -11.785778 13.320353 -32.709747
v  -9.093468 8.169086 -29.209494
v  -12.016488 26.967962 -25.408764
v  -8.364960 13.320353 -32.709747
v  -17.113544 27.870296 -6.017220
v  -7.151422 27.870296 -24.042830
v  -3.037194 27.870296 -21.769039
v  -0.316962 27.870296 -17.935329
v  0.470497 27.870296 -14.485247
v  -19.833775 27.870296 -9.850930
v  -11.844773 27.870296 -3.479914
v  0.073422 27.870298 -16.817064
v  -14.117012 27.870298 -4.135444
v  -10.667676 27.870298 -24.438103
v  -6.033726 27.870298 -23.650816
v  -2.200272 27.870298 -20.930897
v  -20.224159 27.870298 -10.969196
v  0.337024 27.870298 -12.124111
v  -17.950466 27.870298 -6.855363
v  -11.895928 5.921940 -25.755302
v  -11.057270 20.999475 -28.758587
v  -8.174914 20.300734 -32.075272
v  -9.561029 4.365870 -25.670261
v  -0.063930 28.014660 -19.426100
v  -6.443445 0.215154 -21.648254
v  -1.706501 0.215154 -12.077945
v  -9.096075 24.326046 -27.979698
v  -7.222095 23.835846 -25.247950
v  -3.135224 23.339275 -6.113379
v  -0.447007 23.339218 -9.895034
v  -9.568581 14.933720 -35.203243
v  -9.093467 15.999903 -32.159256
v  -11.785777 21.342447 -30.097452
v  -0.955081 23.339241 -8.842365
v  -4.049723 23.339329 -5.385399
v  -1.568130 23.339319 -19.917988
v  -2.308524 23.339289 -6.939847
v  -0.060770 23.339172 -10.998339
v  -21.066017 28.014660 -10.726652
v  0.200405 23.339193 -12.138048
v  -5.040706 23.339170 -4.764931
v  -2.296348 23.339235 -20.832773
v  -1.578716 23.339371 -7.853364
v  -21.496029 28.014660 -14.534365
v  -17.697372 28.014660 -5.363901
v  -2.453366 28.014660 -22.422359
v  -0.063928 28.014660 -8.360163
v  -3.456038 28.014660 -4.564297
v  -13.241861 28.014660 -2.901497
v  -5.778802 28.053999 -4.161184
v  -20.086807 28.014660 -8.360161
v  -8.159189 28.014660 -25.170139
v  -6.908874 28.014660 -2.901497
v  -20.643248 28.014660 -18.270638
v  -14.046556 28.295916 -24.378410
v  -10.716808 28.014660 -2.473433
v  -4.542630 28.014660 -23.903610
v  0.915281 28.014660 -10.726652
v  -0.747159 28.014660 -20.511696
v  -20.484928 23.339119 -13.317712
v  -4.035002 23.339273 -22.390429
v  0.334192 23.339033 -14.468558
v  -17.015509 23.339121 -21.672880
v  -16.115740 23.339384 -5.395834
v  -17.842207 23.339300 -20.846416
v  -5.024700 23.339285 -23.012489
v  0.203476 23.339136 -15.630187
v  -15.126034 23.339205 -4.773766
v  -20.354214 23.339138 -12.156078
v  -20.095024 23.339211 -11.015923
v  -0.055715 23.339155 -16.770348
v  -8.122695 26.963646 -25.407251
v  -10.582156 22.811501 -33.089874
v  -9.093468 8.446417 -30.282187
v  -20.026018 28.295906 -19.062111
v  -7.250220 28.295906 -24.744507
v  -7.912523 28.295906 -2.890587
v  1.132596 28.295906 -13.553439
v  -19.050724 28.295912 -7.173968
v  -9.093467 13.393050 -32.206936
v  -9.096075 4.950161 -28.336369
v  -9.096075 8.120480 -27.941765
v  -11.370631 26.972885 -25.498962
v  -20.651022 0.809379 -18.273857
v  -15.608107 28.014660 -23.903610
v  -21.351482 28.014660 -11.977367
v  -1.547019 28.014660 -6.271570
v  -15.608109 28.014660 -3.882650
v  -2.748023 25.022470 -4.705338
v  -11.057270 24.300076 -29.639065
v  -9.133528 20.656269 -25.779623
v  -16.697664 0.167292 -6.918627
v  -19.657188 0.167292 -14.722127
v  -8.751420 0.167292 -4.367079
v  -1.802135 0.167292 -8.988833
v  -11.057270 19.464771 -31.369080
v  -0.790954 3.649594 -17.110901
v  -15.278420 3.649594 -22.228752
v  -1.770876 3.649594 -8.640529
v  -9.004246 3.649594 -4.125473
v  -6.802374 3.649594 -23.158218
v  -19.836475 3.649594 -15.022373
v  -17.044197 3.649594 -6.965661
v  -16.329683 3.921180 -23.836048
v  -21.284868 28.295933 -13.609349
v  -2.864459 28.295931 -5.306149
v  -16.842482 28.295931 -4.952234
v  -8.131231 27.479122 -2.451589
v  -11.057270 20.294327 -30.707167
v  0.512529 25.023268 -18.992317
v  -4.461905 27.479122 -3.736597
v  -4.431623 26.976877 -3.669912
v  -11.390961 25.023020 -2.216030
v  -9.093468 5.134861 -30.179602
v  -9.093468 9.761935 -34.830971
v  -9.134383 24.009071 -25.799973
v  -8.364960 5.659208 -30.011955
v  -11.057271 11.192184 -35.033142
v  -10.582157 14.933720 -35.203239
v  0.333172 23.339262 -13.299685
v  -3.121776 23.339163 -21.660845
v  -10.056462 24.398844 -26.993004
v  -1.766637 3.933712 -5.583531
v  -9.093468 9.892025 -31.591072
v  -18.603718 28.014660 -6.271568
v  -21.351482 28.014660 -15.808894
v  -4.542627 28.014660 -3.882650
v  -10.716808 28.014660 -25.312826
v  -11.714076 21.180931 -25.723234
v  -0.602572 3.649929 -16.065466
v  -8.140776 1.156256 -25.278502
v  -8.114501 22.676992 -28.027411
v  -14.410899 18.336739 -24.770447
v  -3.819968 3.881996 -23.835037
v  -11.469035 21.220022 -28.817419
v  -8.284470 8.005146 -25.572906
v  -12.039175 7.154987 -31.379993
v  -8.320022 23.339178 -24.169746
v  -12.952705 23.339090 -23.913658
v  -11.830719 23.339159 -3.616514
v  -19.703722 23.339123 -17.891235
v  -5.611976 26.976871 -3.102194
v  -11.812922 23.339069 -24.172756
v  -8.337818 23.339088 -3.613502
v  -20.089966 23.339069 -16.787916
v  -9.481618 23.338993 -24.300791
v  -14.056130 23.339417 -23.527731
v  -10.669121 23.339361 -3.485466
v  -18.582607 23.339296 -7.868272
v  -17.854389 23.339125 -6.953486
v  -10.650866 23.339277 -24.301809
v  -15.110029 23.339146 -23.021326
v  -9.499871 23.339315 -3.484449
v  -20.351143 23.339725 -15.648223
v  -20.025448 25.022892 -20.144640
v  -2.748458 25.023312 -23.081259
v  -9.135094 8.443004 -25.836601
v  -15.688829 27.479122 -24.049664
v  1.676397 3.932488 -13.892660
v  -8.364960 21.569855 -28.910742
v  -9.093468 9.012108 -31.028391
v  -10.095805 8.310282 -27.123199
v  -6.276635 0.215154 -6.218337
v  -16.827877 0.215154 -19.159670
v  -18.403036 0.215154 -11.897444
v  -13.707294 0.215154 -6.138007
v  -13.874104 0.215154 -21.567921
v  -3.438297 0.215154 -19.304422
v  -1.766553 25.024019 -22.202690
v  -8.305963 27.870296 -3.479914
v  -11.844772 27.870296 -24.306345
v  -3.526687 0.539586 -4.663865
v  1.223397 0.539586 -14.527519
v  -13.208065 0.539586 -3.018814
v  -13.288060 27.479122 -25.045132
v  -11.033494 4.867473 -25.832678
v  -11.785778 19.725868 -33.987892
v  -2.470773 3.649929 -7.841434
v  -8.067286 5.851563 -25.542091
v  -19.552601 3.649929 -16.046017
v  -18.384729 3.932444 -5.584185
v  -10.065392 3.649929 -4.174447
v  -5.867562 3.649929 -22.653679
v  -16.791273 27.479122 -23.358072
v  -17.667511 3.649929 -7.825815
v  -14.301146 3.649929 -22.645025
v  -9.093467 20.999475 -28.758587
v  0.646698 27.479122 -18.334505
v  -21.662655 27.479122 -14.543720
v  -13.288061 27.479122 -2.741128
v  -17.808578 27.479122 -5.239460
v  0.082139 27.479122 -8.279436
v  1.511920 27.479122 -13.242541
v  -20.797436 27.479122 -9.451756
v  -20.232874 27.479122 -19.506828
v  -6.878448 1.156256 -24.990383
v  -11.057270 8.169086 -29.209494
v  0.926485 28.295912 -16.052618
v  -18.623274 28.295912 -21.148298
v  -21.662655 27.479122 -13.242542
v  0.082137 27.479122 -19.506826
v  -12.019506 27.479122 -2.451589
v  -16.791275 27.479122 -4.428188
v  -20.232876 27.479122 -8.279434
v  1.511920 27.479122 -14.543719
v  -17.808575 27.479122 -22.546801
v  -20.797434 27.479122 -18.334507
v  0.646699 27.479122 -9.451757
v  -21.226368 27.479122 -10.680452
v  -0.611058 27.479122 -7.178002
v  -14.516132 27.479122 -3.171854
v  -18.728146 27.479122 -6.160370
v  1.075633 27.479122 -17.105808
v  -3.823816 3.931014 -3.943172
v  1.365267 27.479122 -11.949417
v  -21.516003 27.479122 -15.836845
v  -0.611060 27.479122 -20.608261
v  -18.728142 27.479122 -21.625893
v  -15.688831 27.479122 -3.736597
v  -1.422590 27.479122 -6.160371
v  -10.726168 27.479122 -2.306820
v  1.075633 27.479122 -10.680453
v  1.365266 27.479122 -15.836843
v  -19.539677 27.479122 -7.178000
v  -21.516003 27.479122 -11.949417
v  -21.226368 27.479122 -17.105810
v  -13.955962 25.025459 -2.801430
v  -6.756739 0.194524 -24.373327
v  0.187503 0.194524 -17.832836
v  -19.554377 0.194522 -19.460552
v  -16.200014 0.194523 -23.022015
v  -8.518108 0.194523 -3.010908
v  -13.393970 0.194523 -3.412925
v  -11.632623 0.194523 -24.775351
v  -0.596376 0.194523 -8.325676
v  -17.612516 0.194524 -5.890676
v  0.913430 0.194554 -14.217484
v  -3.950720 0.194523 -4.764247
v  -2.538240 0.194523 -21.895599
v  -20.338238 0.194524 -9.953415
v  -21.031271 0.194524 -14.796453
v  -5.739808 10.989955 -24.770403
v  -19.261848 3.932969 -21.219685
v  -0.888368 25.025572 -6.567189
v  -8.364960 7.952553 -30.556473
v  0.709407 0.194542 -11.767421
v  -9.747935 0.194542 -2.905739
v  -20.860138 0.194542 -16.018850
v  -15.137600 0.194541 -23.650373
v  -1.280928 0.194541 -7.298604
v  -18.461521 0.194542 -6.786626
v  -20.714424 0.194541 -11.129000
v  -1.689220 0.194541 -20.999640
v  -5.013126 0.194541 -4.135894
v  -10.402760 0.194542 -24.880524
v  -5.603081 0.194542 -23.934475
v  0.563684 0.194540 -16.657272
v  -14.547646 0.194541 -3.851781
v  -18.869785 0.194541 -20.487686
v  -7.459980 25.027023 -2.436074
v  -21.166943 25.026289 -17.774054
v  -15.081998 23.795921 -24.488331
v  -11.057270 23.678026 -31.865915
v  -21.558626 1.733361 -11.934191
v  -12.224133 4.793035 -25.438198
v  1.015967 25.026180 -17.774742
v  -12.690015 25.027031 -2.435905
v  1.601666 25.026258 -15.208987
v  -15.173316 25.026188 -3.306290
v  -9.568581 23.785059 -31.919493
v  -10.075002 25.026165 -2.142801
v  -17.402040 3.931131 -23.081348
v  -3.839570 25.030205 -23.849136
v  -8.364960 19.725866 -33.987892
v  -11.057270 15.999903 -32.159256
v  -2.380125 1.156256 -22.504318
v  -9.568581 24.301214 -30.504698
v  -4.976744 25.027002 -3.306625
v  -7.460844 3.931770 -2.435904
v  -9.568581 18.800274 -31.562082
v  -21.827112 3.930893 -13.893665
v  -12.037001 22.678232 -28.130238
v  -10.058778 20.783443 -26.772348
v  -11.785778 7.952554 -30.556473
v  -19.666426 0.101901 -8.911155
v  -3.084087 0.101901 -5.651136
v  -20.878204 0.101900 -13.565846
v  -7.352483 0.101901 -3.433955
v  -12.160197 0.101901 -3.288324
v  -0.200366 0.101901 -9.500776
v  -16.555004 0.101901 -5.243116
v  -12.798263 0.101901 -24.352301
v  0.696090 0.101888 -13.013390
v  -17.066685 0.101901 -22.135088
v  -19.950363 0.101901 -18.285498
v  -7.990547 0.101901 -24.497936
v  -0.484330 0.101901 -18.875135
v  -3.595748 0.101901 -22.543152
v  -1.103984 0.101901 -19.918201
v  0.228795 0.101901 -10.635605
v  -2.205029 0.101901 -6.487388
v  -19.046743 0.101901 -7.868042
v  -15.544127 0.101901 -4.572191
v  -20.772478 0.101901 -12.357217
v  -4.606604 0.101901 -23.214066
v  0.621751 0.101901 -15.429001
v  -20.379538 0.101901 -17.150629
v  -13.953041 0.101901 -23.980293
v  -10.958311 0.101901 -3.122446
v  -6.197665 0.101901 -3.805977
v  -17.945688 0.101901 -21.298889
v  -9.192410 0.101901 -24.663811
v  -10.582157 8.786222 -30.622574
v  -16.331867 25.059004 -23.834194
v  -11.878035 5.224818 -25.570848
v  -16.712442 0.215154 -8.481840
v  -6.829135 28.196581 -24.123253
v  -20.097599 28.196581 -10.052769
v  -20.771357 28.196581 -14.781560
v  -17.438816 28.196581 -6.084602
v  -8.561454 28.196581 -3.267616
v  -0.824092 28.196581 -8.451866
v  -16.049593 28.196581 -22.809525
v  -13.321614 28.196581 -3.663010
v  -0.053135 28.196581 -17.733484
v  -4.101140 28.196581 -4.976737
v  -2.711920 28.196581 -21.701656
v  -11.589281 28.196581 -24.518642
v  0.653474 28.196636 -14.203279
v  -19.326630 28.196581 -19.334417
v  -11.497515 8.384687 -25.624470
v  -11.785777 23.729694 -29.486908
v  -9.110914 8.584892 -25.677841
v  -15.011968 28.196611 -23.422369
v  -5.703026 28.196609 -23.694101
v  -20.603544 28.196611 -15.974949
v  -9.762231 28.196611 -3.165670
v  -1.493067 28.196611 -7.449485
v  -18.657671 28.196609 -20.336771
v  -1.883532 28.196611 -20.826403
v  -5.138784 28.196611 -4.363880
v  -20.464193 28.196611 -11.200773
v  -18.267214 28.196611 -6.959868
v  0.452811 28.196611 -11.811326
v  -14.447730 28.196611 -4.092167
v  0.313458 28.196611 -16.585482
v  -10.388469 28.196611 -24.620590
v  -21.752510 25.022596 -15.208386
v  1.601616 3.931774 -12.577128
v  -11.469035 18.260233 -32.039635
v  -11.054662 24.326046 -27.979696
v  -11.057270 5.319051 -31.081676
v  -16.327097 25.026142 -3.943230
v  -1.765661 3.925191 -22.201582
v  -9.568581 19.827660 -30.987379
v  -20.663116 3.931710 -18.992476
v  -11.057270 5.134862 -30.179602
v  -8.508657 4.530059 -25.554035
v  -18.384624 25.022877 -22.202267
v  -21.166702 25.026190 -10.011517
v  -11.057270 13.393050 -32.206936
v  -8.366476 23.767963 -28.302841
v  0.512786 25.026161 -8.794545
v  -20.663523 25.026949 -18.991690
v  -0.125822 3.930027 -7.640950
v  -21.166960 3.931013 -10.012395
v  -0.125638 25.025490 -20.145142
v  -21.531172 25.026289 -16.507467
v  -9.096075 20.996639 -27.536011
v  -5.022758 2.740879 -24.465731
v  -11.054662 8.120480 -27.941765
v  -9.982795 0.215154 -5.330172
v  -3.322860 0.215154 -8.626589
v  1.601743 25.026905 -12.578018
v  -8.204365 0.130997 -23.584061
v  -0.211069 0.130997 -14.225447
v  -17.403082 3.928828 -4.705783
v  -20.663176 25.027859 -8.793863
v  -21.530994 25.027084 -11.278055
v  -11.866235 21.036774 -25.558847
v  -6.194089 25.026878 -2.801686
v  -9.098798 4.712900 -25.675190
v  -18.444233 0.215154 -15.708323
v  -8.639574 4.873598 -25.621931
v  -17.770611 1.156256 -22.504318
v  -21.827158 25.025982 -13.892774
v  -11.957095 22.286892 -25.706741
v  -9.093468 8.625872 -34.529388
v  -10.582157 9.494047 -31.242348
v  1.380240 25.028006 -16.508236
v  -9.568581 8.375429 -29.751137
v  -8.437990 5.373527 -25.774157
v  -8.174515 14.056169 -34.193249
v  -11.057270 21.171089 -34.019119
v  -19.539677 27.479122 -20.608261
v  -17.402769 25.026045 -23.080826
v  -10.076161 24.154648 -25.837872
v  -8.254636 22.894348 -25.715408
v  -6.245971 4.041748 -23.251064
v  -15.004107 4.041748 -22.721649
v  -17.585793 4.041748 -7.123435
v  -1.804175 4.041748 -8.077410
v  -0.371449 4.041748 -16.733763
v  -9.465279 4.041748 -3.800408
v  -20.050800 4.041748 -15.544180
v  -10.580811 4.844379 -28.351646
v  -10.565946 20.456072 -25.688459
v  -9.568581 17.133318 -31.952621
v  -8.174243 22.129709 -32.093666
v  -10.075368 20.854979 -28.720039
v  -5.046762 24.542992 -24.484652
v  -11.511163 4.873597 -25.621931
v  -9.611063 4.796858 -25.861118
v  -11.976263 13.789836 -34.194210
v  1.601724 3.931081 -15.208080
v  1.200747 28.014660 -15.808893
v  -11.057270 8.446418 -30.282187
v  -13.066475 14.877574 -25.213614
v  -11.784691 5.524107 -28.816992
v  -7.552348 2.732509 -25.334291
v  1.379808 3.918636 -11.277024
v  -8.653259 20.714592 -25.609428
v  -9.093468 11.251044 -32.007034
v  -20.026005 3.912838 -7.643135
v  -10.582156 12.240192 -32.038666
v  -8.193450 6.590661 -25.750925
v  -18.382370 3.903269 -22.203857
v  -1.082761 0.167292 -17.303631
v  -11.399296 0.167292 -23.419186
v  -18.384100 25.027807 -5.583546
v  1.020891 1.156256 -10.696225
v  -15.661274 1.156256 -3.786458
v  -5.656405 1.156256 -3.224487
v  -14.494331 1.156256 -3.224487
v  -4.489462 1.156256 -3.786457
v  1.309102 1.156256 -11.958960
v  -8.272702 23.525469 -25.560940
v  -7.746532 26.182964 -3.689841
v  -19.262451 3.931005 -6.567378
v  -21.752291 3.903533 -12.580122
v  -11.057270 10.492656 -31.821730
v  -5.036690 1.742446 -24.396284
v  -6.920436 26.011635 -25.180105
v  -11.039790 20.548550 -25.661942
v  -10.598142 4.398324 -25.673321
v  -8.193576 22.288679 -25.706570
v  -12.039169 9.150476 -33.039028
v  -8.179640 0.539586 -2.736483
v  0.379720 0.539586 -18.223915
v  -0.170781 0.539586 -8.419217
v  -17.616020 0.539586 -5.454935
v  -20.530457 0.539586 -9.562346
v  -19.979954 0.539586 -19.367046
v  -8.111543 9.158435 -33.042362
v  -11.057270 18.645788 -34.753418
v  -3.823021 25.026085 -3.943617
v  -12.690868 3.931766 -2.436127
v  -8.364960 18.464533 -32.309898
v  -2.342161 27.479122 -22.546801
v  1.380437 3.932533 -16.507353
v  -0.846717 0.539586 -7.345208
v  -18.512691 0.539586 -6.352915
v  -9.440773 0.539586 -2.595318
v  -5.745182 0.539586 -24.347446
v  0.797973 0.539586 -17.025812
v  -19.304016 0.539586 -20.441055
v  -20.948711 0.539586 -10.760448
v  -1.638046 0.539586 -21.433346
v  -10.582156 20.474140 -30.261047
v  1.676402 25.027847 -13.893541
v  -6.906545 0.809379 -2.893410
v  -16.699568 0.809379 -4.557433
v  0.500289 0.809379 -9.512405
v  -13.904941 27.349775 -24.875412
v  -11.713255 23.419872 -25.737099
v  0.512358 3.931017 -8.793760
v  -8.140694 1.735230 -25.381090
v  -4.977571 3.931806 -3.306255
v  -21.531170 3.931690 -11.278945
v  -9.568581 20.474142 -30.261047
v  -16.815550 4.041748 -6.324236
v  -7.286696 4.041748 -23.636923
v  -15.954663 4.041748 -22.148556
v  -8.360200 4.041748 -3.904316
v  -1.196409 4.041748 -9.006181
v  -0.718655 4.041748 -17.788013
v  -20.195400 4.041748 -14.443686
v  1.016342 25.043510 -10.013181
v  -21.751738 3.903510 -15.211028
v  -2.874763 1.156256 -22.922403
v  -11.057270 20.058964 -34.427475
v  -11.957258 6.585682 -25.751011
v  -15.174122 3.931058 -3.306729
v  -10.075916 3.930913 -2.142847
v  -16.815548 4.041748 -21.462025
v  -8.360202 4.041748 -23.881943
v  -1.196409 4.041748 -18.780081
v  -7.286695 4.041748 -4.149337
v  -15.954665 4.041748 -5.637703
v  -0.718655 4.041748 -9.998248
v  -20.195400 4.041748 -13.342575
v  -9.568581 14.689228 -32.114929
v  -13.956815 3.929988 -2.801800
v  -2.747237 3.918785 -23.079964
v  -15.095945 8.864758 -24.482246
v  -19.261917 25.026344 -6.566636
v  -16.600618 26.182964 -5.710728
v  -16.600616 26.182964 -22.075531
v  -20.541054 26.182964 -13.893131
v  -2.798091 26.976851 -4.758722
v  -3.312943 26.976694 -23.414640
v  -0.125203 3.929889 -20.144323
v  -11.511163 23.902975 -25.612549
v  -0.889003 3.930005 -6.566501
v  -7.178292 26.182964 -23.949553
v  -19.234997 26.182964 -18.955334
v  -12.972445 26.182964 -3.836707
v  -8.255000 5.924764 -25.757580
v  -9.426215 26.976858 -2.233599
v  -4.526578 4.041608 -22.294142
v  -11.429557 4.041606 -3.916544
v  -13.183946 4.041608 -23.469288
v  -3.119678 4.041606 -6.614087
v  -0.047580 4.041606 -14.792896
v  -18.719696 4.041606 -8.731572
v  -19.500498 4.041605 -17.433331
v  -9.093467 18.131435 -31.870314
v  -8.639574 23.902975 -25.612549
v  -6.896598 28.053991 -3.740090
v  -11.783610 21.590023 -27.946924
v  -9.093468 5.953887 -32.555962
v  -0.888844 25.026970 -21.219641
v  -11.467489 7.903303 -28.378124
v  -8.174551 7.515150 -32.711540
v  -3.868135 28.348494 -23.080597
v  -0.496538 28.348494 -19.477510
v  -13.388247 28.348494 -24.474440
v  -10.026140 0.225748 -21.346870
v  0.895360 28.348495 -12.290209
v  -15.662285 28.348495 -23.469795
v  -6.071413 28.348495 -24.232111
v  -1.982011 28.348495 -21.470976
v  0.504399 28.348495 -17.208958
v  -10.953847 28.348495 -24.945480
v  -19.264151 28.348495 -20.097359
v  -4.488469 28.348495 -4.316454
v  -9.196925 28.348495 -2.840777
v  -21.046082 28.348495 -15.496126
v  -6.194947 3.931781 -2.801413
v  -10.075368 24.471722 -28.001490
v  -8.681702 21.017963 -33.861542
v  -9.093468 7.013316 -33.678570
v  -11.469036 8.750612 -34.348503
v  -12.009960 1.156256 -25.278502
v  -3.229479 5.323055 -6.234990
v  -4.132586 5.323055 -22.271473
v  -19.064857 5.323055 -8.922981
v  -12.920556 5.323055 -23.763195
v  -11.794403 5.323055 -3.766026
v  -19.566042 5.323055 -17.822557
v  0.180349 5.323055 -14.470687
v  -21.166601 3.930961 -17.774897
v  -16.327845 3.931036 -3.943752
v  -2.805164 0.225811 -15.499555
v  -11.785777 18.464533 -32.309898
v  -11.975429 21.112566 -31.449705
v  -12.083451 22.935020 -25.530972
v  -19.262402 25.028828 -21.218967
v  -3.392430 1.156256 -4.474653
v  1.455035 1.156256 -14.540525
v  -13.272289 1.156256 -2.795877
v  -14.494329 1.156256 -24.561771
v  -8.681703 8.750610 -34.348503
v  -0.886573 28.348495 -7.688920
v  -20.655125 28.348495 -10.577272
v  -14.079315 28.348495 -3.554146
v  -8.681703 11.259874 -34.840096
v  -20.140076 28.185877 -19.103289
v  0.273358 28.185879 -18.513512
v  -11.975822 18.757660 -32.699547
v  -11.469035 21.017965 -33.861542
v  -15.096949 4.111597 -24.489315
v  -1.766019 25.030466 -5.584206
v  -10.076463 8.569574 -25.874195
v  -15.661272 1.156256 -23.999802
v  -16.758305 1.156256 -23.311607
v  -21.605770 1.156256 -14.540526
v  -11.896773 7.265876 -25.755875
v  -11.469036 11.259874 -34.840096
v  -20.744797 1.156256 -18.312702
v  -21.459839 1.156256 -15.827303
v  -21.171627 1.156256 -17.090038
v  -10.722973 1.156256 -25.422560
v  -19.064857 5.323056 -18.863279
v  -11.794403 5.323056 -24.020233
v  -3.229481 5.323056 -21.551270
v  0.180349 5.323056 -13.315574
v  -12.920557 5.323056 -4.023064
v  -4.132584 5.323056 -5.514788
v  -19.566044 5.323056 -9.963703
v  -14.010591 5.323056 -23.382710
v  -18.451359 5.323056 -7.944942
v  -19.948193 5.323056 -16.733107
v  -2.412477 5.323056 -7.050744
v  0.051959 5.323056 -15.618058
v  -10.647229 5.323056 -3.635883
v  -5.109686 5.323056 -22.886467
v  0.513064 3.918588 -18.990631
v  -6.536226 20.897991 -25.029776
v  -11.785778 10.170054 -32.289581
v  -11.975124 8.964537 -32.308929
v  -9.427764 1.156256 -25.422560
v  -20.709072 28.053988 -14.241741
v  -0.766875 28.054184 -8.748657
v  -8.175474 13.846331 -33.169815
v  -11.976237 22.063955 -32.162338
v  -8.684127 21.238932 -27.932985
v  -10.075368 20.853535 -27.518955
v  -13.652069 5.271485 -25.023422
v  -10.075369 8.257381 -27.926859
v  -20.023607 3.903124 -20.146685
v  -8.681702 18.548101 -34.574120
v  -11.051939 24.120253 -25.665979
v  -11.960318 26.122349 -25.466331
v  -8.180257 26.116356 -25.464754
v  -11.057270 22.715038 -33.022263
v  -11.469035 18.548103 -34.574112
v  -11.866266 8.005146 -25.572906
v  -10.090062 4.775927 -27.236090
v  -11.393045 3.912898 -2.216598
v  1.345292 28.014660 -14.534364
v  -16.694696 28.014660 -23.221964
v  -11.681618 28.348494 -2.922293
v  -19.654217 28.348494 -8.308777
v  0.262985 28.348494 -9.885911
v  -17.651228 28.348494 -21.989159
v  -11.091142 8.800270 -25.629786
v  -10.075369 4.816983 -28.356012
v  -11.057270 23.984638 -31.203657
v  -9.093467 23.678022 -31.865915
v  -6.242196 26.522320 -24.953201
v  -8.761978 3.903409 -2.216253
v  -13.647172 23.501431 -25.023100
v  -9.558135 24.508944 -25.666241
v  -8.364960 8.218493 -31.010113
v  -0.879409 27.346304 -18.975414
v  -19.271328 27.346304 -8.810847
v  -19.255253 4.042790 -9.771336
v  -12.051113 4.042791 -23.760038
v  -4.014192 4.042791 -5.860597
v  -12.576366 4.042790 -4.146107
v  -0.016197 4.042791 -13.623737
v  -3.592977 4.042791 -21.589754
v  -19.021488 4.042791 -18.500338
v  -13.903841 26.514133 -24.955231
v  -8.175300 8.322862 -31.867245
v  -9.093467 23.258289 -32.467323
v  -8.653222 8.384687 -25.624470
v  -11.057270 14.925816 -35.104527
v  -6.230798 27.352259 -24.869724
v  -8.175313 21.046679 -31.514492
v  -11.057271 6.425328 -33.154617
v  -6.146918 5.323056 -23.388805
v  -15.050036 5.323056 -22.884972
v  -0.202002 5.323056 -16.742199
v  -1.691931 5.323056 -7.950191
v  -17.734798 5.323056 -7.042314
v  -9.494760 5.323056 -3.633331
v  -20.207129 5.323056 -15.610100
v  -11.057271 7.013317 -33.678574
v  -2.751477 3.883482 -4.703541
v  -11.469036 6.136822 -32.431091
v  -9.093467 22.715038 -33.022263
v  0.051959 5.323056 -12.168203
v  -10.647230 5.323056 -24.150375
v  -14.010592 5.323056 -4.403548
v  -18.451355 5.323056 -19.841320
v  -5.109684 5.323056 -4.899792
v  -2.412479 5.323056 -20.735518
v  -11.057271 5.953887 -32.555965
v  -19.948193 5.323056 -11.053155
v  -13.273930 2.231622 -25.138332
v  -10.069351 26.976908 -25.570757
v  -19.921539 3.780877 -15.478485
v  -14.974874 3.780877 -22.579628
v  -6.338783 3.780877 -23.139662
v  -9.429995 3.780877 -3.941049
v  -1.892133 3.780877 -8.192684
v  -17.453836 3.780877 -7.183537
v  -0.516415 3.780877 -16.736868
v  -11.057271 7.728249 -34.141045
v  -11.057271 5.588593 -31.869390
v  -8.681703 6.136821 -32.431091
v  -11.469036 7.173542 -33.521217
v  -9.093467 22.037876 -33.545120
v  -8.284502 21.036774 -25.558849
v  -5.631533 2.238065 -24.707510
v  -5.695246 0.809379 -24.468006
v  -10.588018 24.511496 -25.666376
v  -11.057271 8.625873 -34.529388
v  -6.528556 8.574768 -25.029064
v  -8.681703 7.173542 -33.521217
v  -9.093467 21.171091 -34.019119
v  -8.111564 20.409094 -32.668236
v  -9.568581 8.786222 -30.622576
v  1.006894 28.348494 -13.529838
v  -20.413725 28.348494 -17.900330
v  -8.469162 28.348494 -24.863974
v  -6.762466 28.348494 -3.311825
v  -10.582156 18.800274 -31.562082
v  -18.168739 28.348495 -6.315299
v  -11.057271 9.761936 -34.830971
v  -10.082218 20.530937 -25.765642
v  -8.681702 23.471092 -31.762297
v  -7.846966 9.001652 -25.397659
v  -11.469035 23.471092 -31.762297
v  -9.093467 18.879477 -31.643007
v  -9.003939 19.773067 -25.599657
v  -9.093467 20.058964 -34.427475
v  -12.039165 20.411066 -32.667389
v  -9.093468 11.192184 -35.033138
v  -13.254147 28.053991 -24.046165
v  -2.806172 28.053991 -6.124761
v  -19.995260 28.053991 -17.738195
v  -17.344555 28.053991 -21.661507
v  -3.717901 28.053988 -5.362023
v  -16.229923 28.054184 -22.566944
v  -19.504755 28.053989 -18.820993
v  -11.057270 18.131435 -31.870314
v  -8.212951 7.296759 -25.643101
v  -18.168982 28.053999 -20.797089
v  -20.362972 28.054001 -16.601713
v  -1.981773 28.053999 -6.989149
v  -8.351649 5.323056 -3.759306
v  -14.371899 28.054001 -23.625090
v  -7.231483 5.323056 -23.771282
v  -1.077704 5.323056 -8.922455
v  -0.579184 5.323056 -17.828617
v  -16.923592 5.323056 -6.227139
v  -16.025284 5.323056 -22.275494
v  -20.338678 5.323056 -14.467618
v  -18.892239 28.053995 -19.846233
v  -20.602047 28.053995 -15.431224
v  -1.258510 28.053997 -7.940002
v  -4.714611 28.053997 -4.704061
v  -15.436102 28.053997 -23.082212
v  -8.212955 21.645073 -25.616444
v  -9.093468 18.645788 -34.753426
v  -9.093468 12.972371 -35.123253
v  -11.057270 18.879475 -31.643007
v  -8.681702 22.528549 -32.891197
v  -9.093468 14.925816 -35.104527
v  -21.504429 0.809379 -13.251426
v  -13.244190 0.809379 -24.892849
v  -9.093468 8.691601 -30.687164
v  -7.166800 27.346304 -3.796819
v  -17.734798 5.323056 -20.743946
v  -9.494761 5.323056 -24.152927
v  -0.202002 5.323056 -11.044062
v  -6.146916 5.323056 -4.397455
v  -15.050038 5.323056 -4.901287
v  -20.207129 5.323056 -12.176162
v  -1.691932 5.323056 -19.836071
v  -15.719617 18.277519 -24.186792
v  -9.093468 16.875847 -34.980179
v  -3.451168 0.809379 -4.557434
v  1.353695 0.809379 -13.251425
v  -13.244191 0.809379 -2.893412
v  -21.504429 0.809379 -14.534837
v  -16.699566 0.809379 -23.228828
v  -11.992957 0.809379 -25.178434
v  -8.681703 14.910536 -34.912556
v  -9.433456 0.809379 -25.321226
v  -15.612179 0.809379 -3.875286
v  -21.074100 0.809379 -17.061939
v  -14.455491 0.809379 -24.468004
v  -5.695244 0.809379 -3.318254
v  0.923366 0.809379 -10.724323
v  -10.717280 0.809379 -25.321226
v  -14.455492 0.809379 -3.318254
v  -4.538557 0.809379 -3.875286
v  -15.612177 0.809379 -23.910975
v  -21.359779 0.809379 -15.810304
v  1.209043 0.809379 -11.975959
v  -6.054983 27.346304 -4.186769
v  -11.975823 6.517057 -31.353735
v  -11.469035 22.528551 -32.891197
v  -5.608031 3.781096 -5.023651
v  -19.716536 3.781095 -11.511413
v  -14.224471 3.781096 -4.870398
v  -0.355594 3.781096 -11.855790
v  -2.422338 3.781095 -20.222099
v  -17.948608 3.781095 -19.945967
v  -10.251982 3.781096 -23.822557
v  -12.499914 6.251832 -25.394279
v  -9.673938 4.761274 -25.772322
v  -9.568582 5.216945 -31.126127
v  -10.582156 24.301214 -30.504698
v  -9.110947 20.548550 -25.661942
v  -11.039823 8.584892 -25.677841
v  -11.156401 19.783337 -25.598299
v  -11.469035 14.910536 -34.912556
v  -12.252728 23.924313 -25.429605
v  -0.368291 27.346304 -9.872194
v  -3.074212 27.346304 -6.058649
v  -11.975648 22.095114 -28.745838
v  -2.241694 27.346304 -6.892382
v  -1.506986 27.346304 -19.972582
v  0.020039 27.346304 -10.984577
v  -3.995214 27.346304 -5.324175
v  -0.879407 27.346304 -8.810849
v  -3.074215 27.346304 -21.727612
v  0.415025 27.346304 -13.304129
v  -11.057270 8.691602 -30.687164
v  -10.075153 24.280270 -26.273655
v  -17.850540 28.185936 -22.138054
v  -4.993296 27.346304 -4.698051
v  -2.241696 27.346304 -20.893879
v  -1.506984 27.346304 -7.813680
v  0.282253 27.346304 -12.133416
v  -10.569254 24.249516 -26.263685
v  -7.231482 5.323055 -4.014977
v  -1.077705 5.323055 -18.863808
v  -8.351650 5.323055 -24.026953
v  -20.338678 5.323055 -13.318644
v  -16.025288 5.323055 -5.510765
v  -16.923588 5.323055 -21.559120
v  -0.579184 5.323055 -9.957644
v  -9.561317 24.366272 -26.986528
v  -16.083458 3.648829 -21.749058
v  -8.070811 3.648829 -4.208374
v  -1.079482 3.648829 -18.002480
v  -16.397404 3.648829 -6.287566
v  -1.253707 3.648829 -9.421994
v  -19.963362 3.648829 -14.093911
v  -7.679327 3.648829 -23.488529
v  -11.057270 20.581177 -30.314625
v  -9.093467 20.581177 -30.314625
v  -4.424109 19.345423 -24.180336
v  -9.130474 4.864701 -25.830854
v  -8.681702 19.032604 -31.800581
v  -2.499496 28.348494 -5.797114
v  -21.128569 28.348494 -13.017901
v  -16.282621 28.348494 -4.705675
v  -11.040606 24.256840 -26.981134
v  -7.930178 4.881582 -25.444628
v  -9.095323 24.249472 -26.969419
v  -11.976667 23.175539 -29.876493
v  -10.582156 19.827660 -30.987379
v  -2.821730 28.295906 -22.444069
v  0.170044 28.295906 -18.450033
v  -11.779647 7.574165 -27.667667
v  -9.093468 5.319051 -31.081676
v  -16.283274 28.295904 -23.230400
v  -5.521883 28.295912 -3.647647
v  -20.924658 28.295912 -16.721033
v  -9.732547 28.295912 -25.099674
v  -9.568581 10.557175 -31.728186
v  -11.057270 24.188522 -30.466169
v  0.773928 28.295912 -11.065240
v  -10.418171 28.295912 -2.686585
v  -1.100009 28.295912 -20.612286
v  -4.904192 28.295912 -23.841148
v  -21.181440 28.295916 -12.354752
v  -15.797117 28.295916 -4.250877
v  -1.948066 28.295916 -6.169244
v  -9.093467 24.188522 -30.466169
v  -7.685688 7.049201 -25.406324
v  -6.906547 0.809379 -24.892849
v  -11.714024 5.375454 -25.772898
v  -8.174914 19.432739 -33.598240
v  -11.057270 12.205181 -32.138329
v  -0.056564 0.809379 -19.430170
v  -20.094173 0.809379 -8.356091
v  -9.093467 12.205181 -32.138329
v  -10.076445 8.429834 -26.406904
v  -4.538560 0.809379 -23.910975
v  -9.093467 19.924122 -31.054983
v  -3.451170 0.809379 -23.228828
v  -19.472496 23.339300 -9.377621
v  -2.447760 0.809379 -22.428635
v  -0.056561 0.809379 -8.356092
v  -8.157778 0.809379 -2.607824
v  -17.702980 0.809379 -5.357627
v  -20.651024 0.809379 -9.512403
v  0.500286 0.809379 -18.273857
v  -20.094172 0.809379 -19.430172
v  -13.230635 26.036539 -25.179373
v  -10.571218 8.403310 -26.404716
v  -21.359779 0.809379 -11.975959
v  -1.540746 0.809379 -6.265963
v  -19.410442 0.809379 -7.269696
v  -18.609989 0.809379 -21.520300
v  -0.740295 0.809379 -20.516563
v  -10.717280 0.809379 -2.465033
v  1.209041 0.809379 -15.810303
v  -19.410440 0.809379 -20.516565
v  -21.074100 0.809379 -10.724322
v  0.923364 0.809379 -17.061939
v  -0.740294 0.809379 -7.269698
v  -9.433455 0.809379 -2.465033
v  -18.609989 0.809379 -6.265962
v  -1.540748 0.809379 -21.520298
v  -11.975822 19.432741 -33.598236
v  -13.722902 18.165791 -25.011770
v  -8.364960 20.775074 -33.610298
v  -9.587055 8.283757 -27.127888
v  -8.401791 21.127979 -25.635963
v  -4.437454 3.772453 -24.188499
v  -13.503194 28.185938 -24.695076
v  -11.497478 20.714594 -25.609428
v  -9.093468 10.492654 -31.821728
v  0.121001 0.337208 -9.340917
v  -20.271740 0.337208 -18.445332
v  -16.782352 0.337208 -4.965370
v  -0.158971 0.337208 -19.026705
v  -2.863881 0.337207 -5.367699
v  -17.286869 0.337207 -22.418549
v  -7.277066 0.337207 -3.083040
v  -12.873648 0.337207 -24.703224
v  -12.244534 0.337207 -2.939444
v  -7.906226 0.337205 -24.846819
v  1.086370 0.337207 -14.215776
v  -3.368405 0.337207 -22.820904
v  -19.991762 0.337207 -8.759551
v  -21.237106 0.337207 -13.570488
v  -11.469035 19.032604 -31.800581
v  -14.692267 28.185907 -24.241915
v  -8.175934 6.000980 -28.720068
v  -19.699905 0.337151 -19.553968
v  0.351256 0.337150 -17.888411
v  -13.452621 0.337149 -3.250250
v  -6.698113 0.337149 -24.536011
v  -17.735922 0.337148 -5.769545
v  -20.501986 0.337148 -9.897834
v  -11.650352 0.337149 -24.947367
v  -0.450828 0.337149 -8.232302
v  -16.290651 0.337148 -23.169279
v  -3.860085 0.337148 -4.616980
v  -8.500363 0.337148 -2.838896
v  -2.414836 0.337147 -22.016733
v  1.052183 0.337148 -12.968837
v  -21.202919 0.337149 -14.817423
v  -1.954481 0.337199 -6.230430
v  -6.083418 0.337199 -3.465757
v  0.978862 0.337199 -15.464677
v  -0.797719 0.337199 -20.105295
v  -11.003015 0.337198 -2.766350
v  -19.353014 0.337198 -7.680962
v  0.566017 0.337199 -10.512793
v  -20.716757 0.337199 -17.273457
v  -4.411862 0.337198 -23.515522
v  -9.147736 0.337197 -25.019909
v  -18.196259 0.337198 -21.555822
v  -15.738869 0.337198 -4.270735
v  -14.067310 0.337198 -24.320503
v  -21.129593 0.337197 -12.321561
v  -1.146786 0.337179 -7.189484
v  0.732633 0.337179 -16.694115
v  -1.552997 0.337179 -21.106146
v  -14.624144 0.337179 -3.696707
v  -4.939591 0.337179 -3.979391
v  -19.003946 0.337179 -20.596777
v  -15.211147 0.337178 -23.806866
v  -18.597727 0.337178 -6.680100
v  0.877614 0.337177 -11.727351
v  -21.028347 0.337177 -16.058924
v  -5.526616 0.337177 -24.089561
v  -9.749575 0.337177 -2.732833
v  -20.883362 0.337178 -11.092119
v  -10.401169 0.337176 -25.053423
v  -10.071929 10.511674 -25.660416
v  -3.172809 28.053988 -21.989538
v  0.543397 28.054184 -13.296921
v  -17.162197 28.054184 -5.962778
v  -19.807249 28.053988 -9.593404
v  -0.343487 28.053988 -18.192858
v  -12.781466 28.053988 -3.603611
v  -7.131209 28.054184 -24.112991
v  -11.057270 19.924122 -31.054983
v  -11.616663 28.053991 -3.366346
v  -19.266523 28.053991 -8.534823
v  -16.031416 28.053991 -5.077560
v  -4.119310 28.053991 -22.708691
v  0.530458 28.053991 -14.732903
v  -0.884223 28.053991 -19.251453
v  -0.155476 28.053991 -10.048067
v  -8.534080 28.053991 -24.419914
v  -20.681194 28.053991 -13.053363
v  -20.226940 28.053997 -10.711576
v  0.451308 28.053997 -12.355014
v  0.076200 28.053997 -17.074703
v  -2.309562 28.053997 -21.164232
v  -17.841175 28.053997 -6.622027
v  -10.918233 28.053997 -24.498140
v  -9.232490 28.053997 -3.288119
v  -13.917276 28.053997 -3.972624
v  -6.233439 28.053995 -23.813629
v  -11.975245 7.425202 -30.599178
v  -18.607225 28.053999 -7.538709
v  0.368659 28.054001 -15.916387
v  -15.005237 28.053999 -4.466166
v  -1.543490 28.053999 -20.247522
v  -5.145479 28.054001 -23.320082
v  -10.426841 28.053999 -3.260740
v  0.212235 28.053999 -11.184540
v  -9.723880 28.054001 -24.525518
v  -20.519400 28.053999 -11.869900
v  -11.785778 8.948474 -34.061531
v  -8.364960 11.367243 -34.533463
v  -11.057397 8.171181 -27.112349
v  -7.848772 20.271387 -25.396896
v  -15.717235 3.905444 -24.187595
v  -8.681703 8.508666 -30.812038
v  -11.452119 24.034885 -26.968657
v  -8.715327 23.909927 -26.227715
v  -9.093467 17.183846 -32.044540
v  -11.785778 11.367244 -34.533463
v  -11.469035 8.508667 -30.812037
v  -11.785778 20.775074 -33.610298
v  -8.364960 8.948472 -34.061531
v  -11.937786 7.296760 -25.643101
v  -9.010181 9.622330 -25.600542
v  -8.366762 21.592041 -28.022163
v  -21.403954 28.185879 -14.220453
v  -20.424105 28.185879 -9.272775
v  -7.873642 28.185879 -2.775736
v  -17.394560 28.185879 -5.240183
v  -12.277081 28.185879 -25.010527
v  -3.268026 28.185879 -4.831997
v  -0.010687 28.185879 -8.682925
v  -12.915343 28.185879 -2.921412
v  -2.756186 28.185879 -22.546085
v  -7.235404 28.185879 -24.864849
v  1.218513 28.185936 -14.831384
v  -19.491779 28.185886 -20.198034
v  0.725044 28.185888 -17.324121
v  -18.725231 28.185907 -21.213852
v  1.041310 28.185909 -16.091433
v  0.507152 28.185938 -9.838213
v  -6.647531 28.185938 -3.091185
v  -21.369247 28.185936 -12.954849
v  -20.657885 28.185938 -17.948055
v  -16.383455 28.185938 -4.478243
v  -0.307023 28.185938 -19.638695
v  -11.673783 28.185938 -2.673632
v  -19.843727 28.185938 -8.147592
v  -2.300204 28.185938 -5.648199
v  -8.476947 28.185938 -25.112627
v  -3.767310 28.185936 -23.308039
v  -21.294849 28.185888 -15.488064
v  1.144116 28.185888 -12.298204
v  -18.317566 28.185888 -6.115805
v  -4.327082 28.185886 -4.126973
v  -9.133716 28.185886 -2.600039
v  -20.875792 28.185888 -10.462176
v  -1.833177 28.185888 -21.670460
v  -14.126861 28.185886 -3.309840
v  -11.017008 28.185888 -25.186220
v  -6.023883 28.185886 -24.476423
v  -0.658957 28.185886 -7.588225
v  -15.823677 28.185884 -23.659275
v  -1.719488 3.606920 -18.764069
v  -10.075368 24.124474 -31.262203
v  -15.877866 3.606905 -21.704336
v  -21.192045 28.185909 -11.694827
v  -19.137348 28.185909 -7.089190
v  0.894230 28.185907 -11.050409
v  -9.744849 28.185909 -25.220257
v  -5.458473 28.185909 -3.544344
v  -21.044950 28.185909 -16.735886
v  -1.425525 28.185909 -6.572385
v  -4.862962 28.185907 -23.955135
v  -1.013412 28.185907 -20.697102
v  -10.405884 28.185909 -2.566003
v  -15.287773 28.185907 -3.831125
v  -10.075368 20.650621 -29.807806
v  -10.582156 17.133316 -31.952621
v  -10.075368 23.813599 -31.933771
v  -1.458359 3.606892 -9.373153
v  -7.186116 3.606903 -4.662865
v  -7.586336 3.606861 -23.299797
v  -19.800138 3.606884 -14.226680
v  -15.490470 3.606903 -5.879250
v  -10.075368 20.445599 -30.246771
v  -10.565117 20.808598 -26.767202
v  -14.488192 27.780363 -24.546955
v  -7.656880 22.565153 -25.391600
v  -10.075368 24.331266 -30.514975
v  -7.931612 23.919447 -25.439112
v  -11.939457 5.907773 -25.642101
v  -12.483776 21.870924 -25.393324
v  -8.157780 0.809379 -25.178434
v  -10.075368 23.388050 -32.544151
v  -8.364960 18.393150 -34.287853
v  -12.293547 20.262051 -25.399559
v  -10.075368 20.164566 -30.630342
v  -10.075368 24.444571 -29.677610
v  -11.469035 12.137493 -32.331375
v  -12.293944 9.073384 -25.398800
v  -11.785778 18.393152 -34.287849
v  0.279155 9.681700 -13.881842
v  -19.399567 9.681499 -18.395966
v  -3.610604 9.681661 -21.981583
v  -3.628252 9.681402 -5.790604
v  -19.409367 9.681554 -9.410639
v  -12.368457 9.681614 -23.990553
v  -12.390467 9.681499 -3.800730
v  -8.401782 7.891748 -25.664536
v  -11.039982 20.916574 -26.771921
v  -10.076060 20.669991 -26.194582
v  -10.075369 6.312082 -33.247704
v  -9.109682 8.173805 -27.141731
v  -11.469035 20.788109 -30.418243
v  -8.681702 12.137493 -32.331375
v  -11.057270 17.183846 -32.044540
v  -8.681702 20.788109 -30.418243
v  -2.746134 9.681641 -21.206331
v  -11.223350 9.681723 -24.183062
v  0.212026 9.681645 -12.722609
v  -13.505697 9.681691 -4.124125
v  -4.576428 9.681552 -5.120317
v  -19.851862 9.681931 -10.484199
v  -18.836117 9.681750 -19.411270
v  -9.581447 20.694044 -26.192974
v  -11.748955 7.891748 -25.664536
v  -10.075369 6.908341 -33.781662
v  -19.844280 9.681797 -17.323778
v  -13.483994 9.681719 -23.669746
v  0.214620 9.681684 -15.040789
v  -2.762386 9.681501 -6.563653
v  -4.556946 9.681729 -22.653721
v  -18.848373 9.681598 -8.394463
v  -11.246213 9.681701 -3.605756
v  -10.582157 8.375429 -29.751137
v  -17.815432 0.061805 -7.395931
v  -14.229895 0.061804 -4.681067
v  -2.018740 0.061804 -7.792891
v  -0.282784 0.061804 -16.388618
v  -5.463388 0.061804 -4.901365
v  -18.131983 0.061804 -19.993387
v  -0.169801 0.061804 -11.892642
v  -2.335286 0.061804 -20.390306
v  -5.920828 0.061804 -23.105186
v  -9.821513 0.061804 -3.790766
v  -14.687333 0.061804 -22.884901
v  -10.329198 0.061804 -23.995493
v  -19.867962 0.061804 -11.397675
v  -19.980928 0.061804 -15.893641
v  -10.075369 22.837223 -33.107811
v  -10.075369 5.834033 -32.637779
v  -12.566176 0.062358 -23.686682
v  -19.069113 0.062358 -9.285487
v  -3.581972 0.062358 -6.150159
v  -20.177635 0.062358 -13.644062
v  -8.070252 0.062357 -23.797539
v  -19.285265 0.062358 -18.051926
v  -16.568766 0.062357 -21.636099
v  -3.971447 0.062357 -21.946695
v  -16.179287 0.062357 -5.839561
v  -0.625828 0.062086 -17.474966
v  0.026897 0.062358 -14.142202
v  -12.080509 0.062358 -3.988727
v  -0.865466 0.062357 -9.734343
v  -7.584584 0.062357 -4.099571
v  -10.075369 8.811455 -30.605349
v  -9.095840 20.924768 -26.787714
v  -10.075369 9.125355 -30.935307
v  -14.557032 9.681351 -23.226095
v  0.020865 9.681714 -16.185656
v  -18.177069 9.681619 -7.447044
v  -5.572837 9.681600 -23.216047
v  -1.988103 9.681479 -7.428945
v  -10.086943 9.681623 -3.539897
v  -20.166451 9.681772 -16.208227
v  -5.630734 1.568581 -24.632483
v  -12.000028 6.599113 -25.635763
v  -0.558650 27.870296 -9.310123
v  -20.638126 27.870296 -13.893131
v  -20.171600 9.681811 -11.600597
v  -20.362764 9.681990 -15.063649
v  -1.973665 9.681736 -20.339216
v  0.015715 9.681842 -11.578033
v  -15.574295 9.681301 -22.665947
v  -5.593697 9.681499 -4.560165
v  -17.404604 9.681625 -6.579929
v  -18.162630 9.681393 -20.357319
v  -11.057270 9.411173 -31.323736
v  -10.063783 9.681629 -24.246363
v  -14.577898 9.681674 -4.570211
v  -1.314612 9.681685 -8.375000
v  -8.927381 9.681693 -3.603197
v  -6.645041 9.681656 -23.662134
v  -0.298877 9.681630 -17.302063
v  -8.211279 22.887333 -25.619963
v  -20.429890 9.681576 -13.904433
v  -16.540133 9.681716 -5.804675
v  -7.760264 9.681757 -23.985529
v  -0.741372 9.681540 -18.375624
v  -0.751163 9.681584 -9.390306
v  -7.782269 9.681731 -3.795706
v  -16.522480 9.681603 -21.995657
v  -10.075369 9.516148 -31.220642
v  -10.075368 19.801937 -30.969440
v  -10.075369 7.633521 -34.252678
v  -10.075369 8.571529 -30.212702
v  -10.075369 5.463481 -31.938879
v  -1.302362 9.681591 -19.391796
v  -0.306459 9.681440 -10.462481
v  -6.666736 9.681739 -4.116514
v  -17.388359 9.681753 -21.222601
v  -9.568581 9.494047 -31.242348
v  -8.904516 9.681708 -24.180502
v  -20.365358 9.682159 -12.745467
v  -15.593793 9.681619 -5.132540
v  -8.174914 18.757660 -32.699547
v  -8.681702 17.281532 -32.223850
v  -3.263016 3.781452 -21.051443
v  -0.211173 3.780880 -14.256138
v  -11.424557 3.781452 -23.682373
v  -4.612418 3.781452 -5.658702
v  -13.107203 3.781452 -4.487939
v  -19.318960 3.781452 -10.399475
v  -18.570097 3.781452 -18.941814
v  -13.889271 1.156256 -24.793194
v  -15.137867 26.525856 -24.451075
v  -10.075368 20.456097 -25.709599
v  -9.093468 8.273323 -29.795586
v  -8.681702 10.367915 -32.002617
v  -6.546449 5.745241 -25.036644
v  -8.681702 20.110611 -31.186050
v  -8.150709 6.599113 -25.635763
v  -10.075369 9.986753 -31.479437
v  -12.657913 27.479122 -25.207996
v  -7.492824 27.479122 -25.207996
v  -2.447757 0.809379 -5.357627
v  1.353694 0.809379 -14.534836
v  -17.702978 0.809379 -22.428635
v  -11.992957 0.809379 -2.607824
v  -10.075369 22.150524 -33.639221
v  -10.075369 5.189716 -31.137983
v  -10.075369 8.402657 -29.739285
v  -8.681703 5.516456 -30.995739
v  -11.469036 5.516457 -30.995741
v  -7.198029 23.339132 -3.872600
v  -8.174878 23.256880 -28.981928
v  -10.075369 8.544147 -34.647873
v  -11.374901 27.479122 -25.425152
v  -17.311497 27.479122 -22.966949
v  -20.531879 27.479122 -8.857542
v  -20.531878 27.479122 -18.928720
v  1.530481 27.479122 -13.893130
v  -2.839237 27.479122 -4.819312
v  -7.492823 27.479122 -2.578262
v  -17.311499 27.479122 -4.819312
v  0.381143 27.479122 -8.857543
v  0.381141 27.479122 -18.928719
v  -12.657913 27.479122 -2.578262
v  -21.681217 27.479122 -13.893131
v  -2.839239 27.479122 -22.966949
v  -10.075369 5.002027 -30.222071
v  -19.782444 27.346304 -17.914070
v  -12.983934 27.346304 -23.989441
v  -8.315271 27.346304 -24.251572
v  -11.835466 27.346304 -3.534689
v  -8.775835 27.479122 -25.425152
v  -5.040405 27.479122 -24.348339
v  -16.249763 27.479122 -23.719276
v  -11.975823 6.843329 -31.948820
v  -11.785778 6.426994 -32.233017
v  -7.983164 28.295683 -24.532043
v  -7.344337 28.295683 -3.400023
v  -20.913101 28.295683 -13.565508
v  -0.168748 28.295683 -9.486009
v  -19.697662 28.295683 -8.895609
v  -3.061999 28.295683 -5.624125
v  -16.576418 28.295683 -5.215565
v  -12.167571 28.295683 -3.254217
v  -0.453074 28.295683 -18.890654
v  -17.088758 28.295683 -22.162117
v  -12.806378 28.295683 -24.386240
v  -19.981972 28.295683 -18.300282
v  0.762365 28.295683 -14.220761
v  -3.574326 28.295683 -22.570700
v  -16.249765 27.479122 -4.066984
v  1.456695 27.479122 -15.192295
v  -19.901712 27.479122 -7.719049
v  -18.281219 27.479122 -22.099243
v  -21.029083 27.479122 -17.726198
v  -11.374901 27.479122 -2.361108
v  -1.869514 27.479122 -5.687018
v  -6.242649 27.479122 -2.939291
v  0.878349 27.479122 -10.060065
v  -0.249026 27.479122 -20.067211
v  -21.607430 27.479122 -12.593966
v  -20.565762 27.346304 -13.304129
v  -3.995216 27.346304 -22.462086
v  -16.155521 27.346304 -5.324175
v  0.415025 27.346304 -14.482132
v  -17.076521 27.346304 -21.727612
v  -20.565762 27.346304 -14.482133
v  -16.155521 27.346304 -22.462086
v  -8.315269 27.346304 -3.534689
v  -17.076523 27.346304 -6.058649
v  -11.835465 27.346304 -24.251570
v  -6.809630 28.295664 -24.231825
v  -13.341062 28.295664 -3.554421
v  -19.428179 28.295664 -19.377523
v  -20.194626 28.295664 -10.000276
v  -4.028375 28.295664 -4.893823
v  0.043887 28.295664 -17.785988
v  -8.531871 28.295664 -3.161343
v  -16.122355 28.295664 -22.892443
v  -20.881548 28.295664 -14.776381
v  -0.722563 28.295664 -8.408726
v  -11.618849 28.295664 -24.624918
v  -17.503469 28.295664 -5.995221
v  -2.647273 28.295664 -21.791042
v  0.730812 28.295664 -13.009879
v  -3.900973 27.479122 -23.719276
v  -21.605772 1.156256 -13.245736
v  -13.964903 28.295685 -24.013109
v  -20.807121 28.295685 -12.353002
v  -1.074640 28.295685 -19.937084
v  -4.588346 28.295685 -23.243801
v  -6.185804 28.295685 -3.773161
v  0.261852 28.295685 -10.624434
v  -20.412580 28.295685 -17.161846
v  -10.961863 28.295685 -3.087733
v  -15.562368 28.295685 -4.542446
v  -17.970636 28.295685 -21.323284
v  -2.180093 28.295685 -6.462982
v  0.656381 28.295685 -15.433281
v  -9.188861 28.295685 -24.698524
v  -19.076092 28.295685 -7.849171
v  -10.075369 8.301920 -29.167023
v  -5.075814 28.295679 -4.273331
v  -5.671470 28.295679 -23.799780
v  -10.405910 28.295679 -24.729496
v  -1.397033 28.295677 -7.395243
v  -14.479243 28.295679 -3.986469
v  -9.744772 28.295677 -3.056767
v  -1.809256 28.295679 -20.907930
v  -18.753685 28.295679 -20.391039
v  -15.074921 28.295679 -23.512928
v  0.562868 28.295677 -11.804117
v  -18.341454 28.295677 -6.878299
v  0.415746 28.295679 -16.626730
v  -20.566492 28.295679 -11.159565
v  -20.713604 28.295677 -15.982133
v  -10.075369 10.574379 -31.703249
v  1.456696 27.479122 -12.593966
v  -19.901711 27.479122 -20.067213
v  -18.281223 27.479122 -5.687017
v  -3.900970 27.479122 -4.066984
v  -8.775835 27.479122 -2.361108
v  -1.869515 27.479122 -22.099243
v  0.878348 27.479122 -17.726196
v  -13.908087 27.479122 -2.939291
v  -0.249023 27.479122 -7.719051
v  -21.607430 27.479122 -15.192296
v  -21.029083 27.479122 -10.060064
v  -18.643753 27.346304 -7.813679
v  -9.486176 27.346304 -24.382637
v  -10.664560 27.346304 -3.403624
v  -20.170773 27.346304 -16.801685
v  -14.095751 27.346304 -23.599489
v  0.020039 27.346304 -16.801683
v  -14.095753 27.346304 -4.186769
v  -20.170774 27.346304 -10.984576
v  -6.054985 27.346304 -23.599489
v  -18.643749 27.346304 -19.972582
v  -11.057270 8.273323 -29.795588
v  -10.075369 27.479122 -25.497536
v  -8.681702 23.970652 -30.391676
v  1.238093 27.479122 -11.310908
v  -21.388828 27.479122 -16.475353
v  1.238091 27.479122 -16.475353
v  -19.148056 27.479122 -21.128361
v  -1.002675 27.479122 -6.657904
v  -5.040402 27.479122 -3.437922
v  -21.388828 27.479122 -11.310907
v  -20.432989 27.346304 -12.133416
v  -15.157440 27.346304 -4.698051
v  -10.075368 27.479122 -2.288724
v  0.282253 27.346304 -15.652844
v  -15.110333 27.479122 -3.437922
v  -19.148060 27.479122 -6.657902
v  -4.993298 27.346304 -23.088207
v  -20.432989 27.346304 -15.652846
v  -1.002678 27.479122 -21.128357
v  -17.909039 27.346304 -20.893879
v  -17.909042 27.346304 -6.892382
v  -15.157438 27.346304 -23.088207
v  -9.486176 27.346304 -3.403624
v  -10.664560 27.346304 -24.382635
v  -10.075368 19.352123 -31.274977
v  -11.469034 23.970652 -30.391676
v  -11.469035 20.110611 -31.186050
v  -9.093468 9.411171 -31.323734
v  -11.023246 4.825617 -25.736374
v  -10.075369 21.271414 -34.121346
v  -10.102928 8.720747 -25.715166
v  -10.075369 9.696744 -34.954369
v  -18.818609 0.130997 -9.313766
v  -19.106981 0.130997 -17.873680
v  -16.485479 0.130998 -21.398144
v  -1.332135 0.130997 -18.472506
v  -3.665251 0.130997 -6.388117
v  -11.946381 0.130998 -4.202200
v  -12.594387 0.130998 -23.436155
v  -1.043748 0.130998 -9.912595
v  -7.556350 0.130998 -4.350104
v  -4.184909 0.130998 -21.812553
v  -15.965817 0.130998 -5.973699
v  -19.939665 0.130998 -13.560788
v  -10.075369 11.316236 -31.883640
v  -1.108602 0.197792 -16.144306
v  -10.274808 0.197792 -23.136015
v  -11.407226 8.218850 -25.809294
v  -8.364960 6.426993 -32.233013
v  -8.150710 22.261189 -25.611309
v  -12.000027 22.261190 -25.611307
v  -11.785778 7.427692 -33.271629
v  -11.937781 21.645075 -25.616444
v  -11.112214 4.412796 -25.627260
v  -10.075368 18.779152 -31.540783
v  -7.501875 1.739301 -25.255131
v  -11.469035 17.281532 -32.223850
v  -10.075369 12.249528 -32.012177
v  -10.075369 11.147837 -35.159286
v  1.253221 28.185879 -13.565792
v  -16.882717 28.185877 -22.954260
v  -3.886304 1.735831 -23.762949
v  -11.751896 5.335520 -25.662682
v  -8.177166 7.092798 -28.454123
v  -11.469035 9.250948 -31.481087
v  -12.662198 1.741579 -25.252390
v  -6.253757 2.237112 -24.941740
v  -11.108603 24.421415 -25.623430
v  -10.075369 20.143349 -34.537106
v  -15.109399 27.352669 -24.377001
v  -10.075368 20.785219 -29.302536
v  -0.368291 27.346304 -17.914068
v  -19.782444 27.346304 -9.872192
v  -11.768404 23.680916 -26.950737
v  -2.817454 1.733347 -23.006596
v  -20.514931 0.031365 -14.119525
v  -12.177664 0.031365 -24.121328
v  -3.389398 0.031365 -21.913946
v  -19.579309 0.031365 -9.567527
v  -0.571422 0.031365 -18.218716
v  -16.407330 0.031365 -22.196259
v  -19.382845 0.031365 -18.626688
v  -7.973071 0.031365 -3.664930
v  -0.767877 0.031365 -9.159599
v  -7.531627 0.031365 -24.020571
v  0.364194 0.031365 -13.666732
v  -12.619124 0.031365 -3.765692
v  -3.743408 0.031365 -5.589998
v  -16.761328 0.031365 -5.872303
v  -0.527694 0.132485 -16.381008
v  -9.774417 0.132485 -4.031231
v  -2.177385 0.132485 -7.979629
v  -6.067597 0.132484 -22.908974
v  -19.756975 0.132485 -15.794197
v  -5.525292 0.132485 -5.138449
v  -0.393757 0.132485 -11.992067
v  -2.552670 0.132485 -20.277222
v  -14.083136 0.132485 -4.877287
v  -17.973349 0.132485 -19.806631
v  -10.376318 0.132485 -23.755030
v  -14.625430 0.132485 -22.647816
v  -19.623039 0.132485 -11.405238
v  -17.598064 0.132485 -7.509036
v  -20.302914 0.031365 -11.794812
v  -9.845232 0.031365 -24.331167
v  -10.305513 0.031365 -3.455091
v  0.049756 0.031365 -11.346073
v  -18.092670 0.031365 -20.581064
v  0.152180 0.031365 -15.991430
v  -5.339116 0.031365 -23.197620
v  -14.396901 0.031365 -23.397335
v  -1.771086 0.031365 -20.221203
v  -2.058074 0.031365 -7.205185
v  -18.379642 0.031365 -7.565048
v  -14.811616 0.031365 -4.588638
v  -20.200483 0.031365 -16.440216
v  -5.753828 0.031365 -4.388926
v  -10.582156 20.815271 -29.312809
v  -17.345303 1.733356 -22.997011
v  -10.075369 13.411467 -32.080421
v  -10.075369 12.953955 -35.249763
v  -20.568712 1.733378 -8.831273
v  -17.333288 1.733368 -4.779665
v  0.424645 1.733342 -8.845131
v  0.417972 1.733353 -18.954988
v  -12.660333 1.733341 -2.533090
v  -2.805430 1.733339 -4.789255
v  -7.475401 1.733332 -2.536514
v  1.575060 1.733328 -13.900826
v  -21.725794 1.733321 -13.885432
v  -20.575375 1.733362 -18.941147
v  -9.568581 20.815269 -29.312809
v  -12.101707 28.053988 -24.337799
v  -8.049016 28.053988 -3.448462
v  -18.318279 1.733358 -22.125217
v  -21.073742 1.733363 -17.733534
v  -1.843532 1.733343 -22.136307
v  -0.207104 1.733345 -7.701968
v  -13.915413 1.733347 -2.894622
v  -21.068575 1.733334 -10.037938
v  -3.870617 1.733341 -4.033404
v  -8.763047 1.733332 -2.317686
v  -18.307201 1.733335 -5.649951
v  0.917835 1.733323 -17.748323
v  1.501874 1.733341 -12.596761
v  -8.405981 23.551548 -26.209051
v  -8.364960 7.427691 -33.271629
v  -16.278057 1.733698 -23.754082
v  -8.785563 1.731797 -25.470947
v  -10.075369 18.047050 -31.760685
v  0.923008 1.733370 -10.052731
v  -19.935287 1.733352 -7.688706
v  -0.215459 1.733341 -20.097567
v  1.500106 1.733333 -15.205081
v  -11.372101 1.733328 -2.315941
v  -1.832458 1.733353 -5.661040
v  -16.266838 1.733343 -4.025074
v  -6.220527 1.733334 -2.899813
v  -19.943626 1.733347 -20.084297
v  -21.650843 1.733347 -12.581187
v  -21.652611 1.733352 -15.189496
v  -11.380915 1.734756 -25.469580
v  -9.093467 14.697131 -32.213646
v  -15.127225 1.736457 -24.389124
v  -0.962908 1.733357 -6.636276
v  -19.187828 1.733355 -21.149984
v  -5.013950 1.733330 -3.401188
v  1.279793 1.733351 -16.492960
v  -15.122565 1.733352 -3.394339
v  -10.067477 1.733339 -2.244149
v  -21.430529 1.733344 -11.293290
v  -0.972748 1.733348 -21.162319
v  -21.434042 1.733384 -16.477596
v  1.283304 1.733329 -11.308684
v  -19.177986 1.733332 -6.623940
v  -10.075369 18.709791 -34.869461
v  -10.076812 19.679140 -25.662249
v  -10.075369 14.935827 -35.229286
v  -8.740436 20.848795 -25.750483
v  -10.582156 14.689228 -32.114929
v  -10.075369 14.687120 -32.088886
v  -8.364960 19.275492 -32.051826
v  -8.364960 23.142855 -31.597895
v  -10.075369 16.914194 -35.101353
v  -8.681703 8.075917 -29.881523
v  -10.083394 1.729512 -25.542206
v  -6.333566 3.215792 -24.993479
v  -8.174913 22.671906 -31.361963
v  -10.075369 17.119843 -31.928507
v  -10.075369 15.961555 -32.038078
v  -11.785777 23.142857 -31.597893
v  -7.545950 26.060242 -25.339394
v  -8.364960 14.886298 -34.606750
v  -20.501093 23.339264 -13.902066
v  -3.568056 23.339041 -22.038723
v  -12.386605 23.339025 -24.059444
v  -7.746723 23.339098 -24.055471
v  0.350356 23.339277 -13.884198
v  -0.678241 23.339245 -18.408642
v  -16.568722 23.339211 -22.049856
v  -0.685986 23.339161 -9.361539
v  -12.404012 23.339075 -3.730786
v  -3.582011 23.339184 -5.736406
v  -16.582682 23.339329 -5.747536
v  -19.464746 23.338984 -18.424726
v  -11.057270 20.927965 -29.351339
v  -8.717569 4.995128 -25.698074
v  -10.562111 4.766007 -25.765682
v  -9.127491 24.023012 -25.718399
v  -11.433167 4.995128 -25.698074
v  -11.233718 23.339304 -24.253544
v  -15.614216 23.339096 -22.724955
v  0.283048 23.339315 -12.717030
v  -18.897686 23.339422 -19.447111
v  -6.623785 23.339296 -23.730129
v  -8.917014 23.339155 -3.532715
v  -19.918270 23.339230 -10.458416
v  -17.453249 23.339016 -6.527884
v  -20.433781 23.339178 -15.069235
v  -1.253048 23.339359 -8.339152
v  -13.526946 23.339241 -4.056128
v  -2.697489 23.339241 -21.258379
v  -0.232466 23.339252 -17.327848
v  -4.536512 23.339262 -5.061308
v  -16.281687 26.973391 -23.785732
v  -11.057270 14.697131 -32.213646
v  -19.912270 23.339106 -17.345024
v  -8.898938 23.338964 -24.251518
v  -0.238464 23.339081 -10.441235
v  -15.629637 23.339245 -5.070976
v  -4.521097 23.339371 -22.715282
v  0.285098 23.339285 -15.051151
v  -2.710342 23.339279 -6.515008
v  -17.440393 23.339371 -21.271252
v  -13.509775 23.339224 -23.736151
v  -1.243355 23.339336 -19.431705
v  -20.435831 23.339003 -12.735106
v  -18.907379 23.339359 -8.354548
v  -11.251799 23.339197 -3.534739
v  -6.640957 23.339149 -4.050108
v  -9.040059 4.407027 -25.627083
v  -9.036893 24.415478 -25.623138
v  0.089737 23.339163 -16.203854
v  -20.240473 23.339123 -11.582411
v  -5.544128 23.339376 -23.281240
v  -18.219801 23.339230 -20.399817
v  -14.590102 23.339399 -23.289190
v  -14.606612 23.339340 -4.505017
v  0.085660 23.339146 -11.564551
v  -5.560625 23.339272 -4.497072
v  -10.066209 23.339153 -24.317556
v  -18.231224 23.339207 -7.400765
v  -1.919511 23.339518 -20.385496
v  -1.930927 23.339283 -7.386449
v  -10.084522 23.339251 -3.468702
v  -20.236399 23.339472 -16.221706
v  -9.093467 20.927963 -29.351339
v  -8.364960 22.232737 -32.682877
v  -7.505501 1.156256 -2.633808
v  -20.480545 1.156256 -18.903999
v  0.329810 1.156256 -8.882264
v  -17.275974 1.156256 -4.863857
v  -8.398841 5.335520 -25.662682
v  -8.768144 26.968908 -25.498037
v  -7.483467 26.960594 -25.280174
v  -10.562111 24.137133 -25.748133
v  -12.656329 26.963066 -25.282412
v  -17.352655 26.976814 -23.027531
v  -11.429755 8.275115 -25.700481
v  -8.681702 9.250946 -31.481087
v  -11.335102 2.670501 -25.548079
v  0.449368 26.976835 -18.955355
v  -20.595242 26.976831 -18.965448
v  -2.789325 26.976858 -23.020544
v  -21.754242 26.976868 -13.898748
v  -17.361414 26.976849 -4.765717
v  1.603507 26.976833 -13.887527
v  0.444505 26.976841 -8.820810
v  -12.679633 26.976871 -2.508319
v  -20.600107 26.976862 -8.830919
v  -7.482048 26.976875 -2.505821
v  -11.785777 22.232738 -32.682877
v  -9.588626 24.137133 -25.748133
v  -11.785778 14.886298 -34.606747
v  -11.435028 21.001310 -26.179668
v  -3.866967 26.976868 -4.002119
v  -11.388766 26.976875 -2.289186
v  -21.680637 26.976854 -12.591475
v  -21.096119 26.976871 -17.755711
v  -19.966585 26.976866 -7.685041
v  -18.328808 26.976868 -22.154922
v  -16.293461 26.976862 -4.008199
v  -1.821925 26.976866 -5.631338
v  1.529899 26.976864 -15.194784
v  -0.184151 26.976858 -20.101217
v  0.945378 26.976894 -10.030540
v  -14.458839 25.580307 -24.763821
v  -11.469035 8.075918 -29.881523
v  -3.859305 26.976263 -23.779268
v  -10.073237 24.536211 -25.680285
v  -10.075369 24.166565 -25.760658
v  -18.336899 26.976864 -5.639436
v  -0.190247 26.976875 -7.675358
v  -1.813848 26.976830 -22.146839
v  -8.773339 26.976860 -2.287912
v  1.528607 26.976881 -12.580102
v  -21.099894 26.976830 -10.041348
v  0.949155 26.976868 -17.744911
v  -13.937604 26.976889 -2.872267
v  -19.960493 26.976849 -20.110897
v  -21.679340 26.976906 -15.206163
v  -6.223930 26.976868 -2.868478
v  -8.398841 23.430676 -25.642572
v  -21.461294 26.976854 -11.300273
v  -5.013910 26.976868 -3.369639
v  -19.201559 26.976843 -21.178381
v  -0.942001 26.976871 -21.169378
v  -0.949181 26.976871 -6.607880
v  1.307998 26.976849 -11.289051
v  1.310556 26.976873 -16.485985
v  -10.081124 26.976852 -2.215708
v  -15.147202 26.976875 -3.374638
v  -21.458725 26.976902 -16.497223
v  -19.208733 26.976870 -6.616879
v  -13.903019 2.229141 -24.939091
v  -5.012749 26.971674 -24.415455
v  -8.254575 21.688789 -25.709436
v  -11.785777 19.275494 -32.051826
v  -8.713907 8.074083 -26.374769
v  -8.254967 7.265127 -25.756372
v  -8.681702 14.712412 -32.405617
v  -8.740606 5.038894 -25.802044
v  -16.741846 3.649417 -21.166903
v  -19.918713 3.649417 -13.216187
v  -0.913104 3.649417 -10.232172
v  -7.225045 3.649417 -4.447212
v  -15.683335 3.649417 -5.775224
v  -8.545001 3.649417 -23.640316
v  -1.500539 3.649417 -18.773907
v  -8.447532 9.533714 -25.517778
v  -9.127491 4.825617 -25.736374
v  -11.433167 23.798382 -25.679298
v  -3.524238 27.346302 -22.107986
v  0.431829 27.346302 -13.893130
v  -13.883973 27.780361 -24.778055
v  -20.381512 28.014660 -18.856308
v  0.230775 28.014660 -18.856306
v  -8.717569 23.798382 -25.679298
v  -11.975822 21.587296 -30.818575
v  -11.785778 8.218494 -31.010115
v  -11.785778 12.030127 -32.638004
v  -8.211280 5.907774 -25.642101
v  -11.606856 8.651614 -25.557508
v  -8.364960 17.436483 -32.510117
v  -11.748946 21.127983 -25.635963
v  -5.642226 26.091766 -24.741777
v  -8.111526 13.944636 -33.684174
v  -11.469035 14.712412 -32.405617
v  -9.102470 8.810337 -25.634737
v  -8.364960 12.030125 -32.638008
v  -8.364960 7.762792 -30.017836
v  -12.039165 13.926079 -33.684208
v  -12.602256 2.678836 -25.330891
v  -11.785778 7.762792 -30.017838
v  -14.505742 2.716582 -24.735201
v  -11.751896 23.430676 -25.642572
v  -11.056618 5.017930 -29.239166
v  -11.968573 5.957987 -27.776735
v  -10.590174 8.875700 -25.672590
v  -8.813994 26.123470 -25.555407
v  -16.103430 0.101888 -22.863119
v  -20.846827 0.101887 -14.772853
v  -4.047321 0.101889 -4.923128
v  -0.752337 0.101888 -8.426927
v  -13.329941 0.101888 -3.587501
v  -6.820791 0.101888 -24.198757
v  -19.398401 0.101888 -19.359327
v  -8.536180 0.101888 -3.195974
v  0.727470 0.101901 -14.220377
v  -11.614559 0.101888 -24.590284
v  -2.671661 0.101888 -21.766081
v  0.011085 0.101888 -17.774071
v  -17.479084 0.101888 -6.020185
v  -20.161823 0.101888 -10.012190
v  -3.844354 2.747816 -23.825951
v  -11.469035 21.145834 -29.425833
v  -8.175045 22.024889 -29.536921
v  -8.006613 6.614326 -25.533579
v  -11.329361 26.126556 -25.556162
v  -11.023246 24.023012 -25.718399
v  -9.745096 0.101896 -3.091663
v  -1.424540 0.101897 -7.416712
v  -5.686305 0.101897 -23.768196
v  0.528772 0.101897 -11.811531
v  -10.405601 0.101897 -24.694597
v  -14.464450 0.101897 -4.018072
v  -15.059443 0.101897 -23.481655
v  -1.836309 0.101897 -20.885895
v  0.381812 0.101897 -16.618603
v  -18.314404 0.101897 -6.900342
v  -20.679504 0.101897 -15.974735
v  -5.091286 0.101897 -4.304608
v  -18.726152 0.101898 -20.369610
v  -20.532545 0.101897 -11.167644
v  -8.825694 2.665262 -25.548986
v  -11.127960 9.590503 -25.602415
v  -8.364960 10.170052 -32.289585
v  -12.144125 6.614326 -25.533579
v  -6.266764 27.780361 -24.778055
v  -10.080647 2.665095 -25.619118
v  -16.311745 2.743797 -23.822443
v  -9.443951 26.132738 -25.609177
v  -6.493915 23.650206 -25.021584
v  -8.681702 21.145834 -29.425833
v  -10.077880 4.366787 -25.684427
v  -11.785777 21.116344 -30.582645
v  -12.592619 26.115885 -25.340384
v  -8.364960 21.116344 -30.582647
v  -8.369593 7.573702 -27.803432
v  -8.720982 8.275115 -25.700480
v  -8.364960 20.406420 -31.394369
v  -13.824337 3.201537 -24.991056
v  -1.334591 2.744031 -21.709448
v  -1.329711 2.744037 -6.082277
v  -19.640711 2.744100 -20.675480
v  -19.636467 2.743981 -7.104812
v  -3.286315 2.744026 -4.331348
v  0.994040 2.744079 -10.023432
v  -10.699689 26.135221 -25.609482
v  -13.630707 20.854712 -25.024611
v  1.633239 2.744053 -13.239344
v  -17.886715 2.744061 -5.146597
v  -17.892101 2.743959 -22.634832
v  -3.292769 2.746811 -23.459646
v  -6.244725 0.197792 -22.307217
v  -13.906019 0.197792 -5.479046
v  -14.265398 0.197792 -22.134144
v  -1.019839 0.197792 -12.030838
v  -9.875926 0.197792 -4.650246
v  -19.042135 0.197792 -11.641954
v  -19.130894 0.197792 -15.755429
v  -2.724638 0.197792 -8.286217
v  -5.885336 0.197792 -5.652116
v  -17.177397 0.197792 -7.974356
v  -17.426094 0.197792 -19.500046
v  -2.973342 0.197792 -19.811905
v  -21.783567 2.744087 -13.232136
v  -1.781172 2.744050 -5.603822
v  -18.821012 2.744046 -21.703993
v  -21.783976 2.744077 -14.546919
v  -19.245182 2.743980 -21.201103
v  -9.098798 24.120253 -25.665979
v  -12.039112 7.912734 -32.285492
v  -20.639620 2.744003 -8.801689
v  1.651789 2.744018 -13.896711
v  -6.825626 2.744041 -2.625566
v  1.355526 2.744028 -16.505917
v  1.484230 2.744015 -15.860768
v  -18.364422 2.744088 -5.598669
v  -12.511020 7.441441 -25.381107
v  -12.681418 2.744027 -2.459202
v  -21.634960 2.743940 -11.925474
v  -20.642719 2.744006 -18.978132
v  -7.462342 2.744033 -2.460793
v  -20.337290 2.744006 -8.217594
v  1.577641 2.744012 -12.584010
v  -6.199149 2.744015 -2.826006
v  0.186556 2.744032 -19.568665
v  -4.984471 2.744016 -3.330233
v  -0.910131 2.744073 -21.206848
v  1.485461 2.744034 -11.932710
v  -21.506264 2.744005 -11.280347
v  -10.071643 26.141434 -25.626740
v  -17.389917 2.744045 -23.059568
v  0.491987 2.744027 -8.808131
v  -16.863548 2.745579 -23.455643
v  -21.144772 2.743958 -17.762819
v  1.576820 2.744031 -15.209496
v  0.991639 2.744054 -17.769697
v  0.190057 2.744057 -8.223917
v  -15.159656 2.744028 -3.327051
v  -3.833349 2.744041 -3.966215
v  -16.311222 2.744065 -3.962347
v  -21.802526 2.744046 -13.889552
v  -21.142378 2.744067 -10.016562
v  -10.071705 2.744034 -2.167433
v  -19.240618 2.744100 -6.579423
v  -21.636198 2.743969 -15.853526
v  -21.507891 2.744056 -16.498787
v  -20.908125 2.744030 -9.401998
v  -20.910883 2.744008 -18.377590
v  -13.944710 2.744027 -2.823593
v  -0.144375 2.744040 -7.657601
v  -0.905558 2.744009 -6.585149
v  -0.148257 2.744034 -20.134827
v  1.193199 2.744031 -10.650395
v  -16.858515 2.744007 -4.327166
v  -17.384344 2.744045 -4.722246
v  -12.161217 8.262929 -25.460447
v  -11.785778 17.436483 -32.510117
v  -1.786323 2.744002 -22.187593
v  -11.785778 8.996798 -31.730677
v  -8.111541 7.914134 -32.287045
v  -11.939457 22.887335 -25.619963
v  -11.785778 5.829582 -30.859428
v  -7.989520 8.262929 -25.460449
v  -1.747701 0.215154 -15.888820
v  -2.264030 2.744007 -22.639664
v  -11.785777 20.406422 -31.394369
v  -2.766391 2.744074 -23.064014
v  0.488884 2.744033 -18.984571
v  1.357159 2.744038 -11.287492
v  -8.364960 5.829582 -30.859425
v  -19.231730 0.037665 -9.248690
v  -19.415434 0.037665 -18.156097
v  -3.509886 0.037665 -5.999828
v  -7.997645 0.037665 -23.947622
v  -0.919010 0.037665 -18.537575
v  -20.340113 0.037665 -13.681418
v  -12.565886 0.037665 -23.853405
v  -16.309811 0.037665 -5.735834
v  -3.840926 0.037665 -22.050426
v  0.189375 0.037665 -14.104842
v  -12.153095 0.037665 -3.838639
v  -7.584851 0.037665 -3.932856
v  -0.735300 0.037665 -9.630162
v  -16.640862 0.037665 -21.786421
v  -13.824273 25.633934 -24.994102
v  -10.167939 0.215154 -22.456087
v  -8.567225 20.517330 -25.556911
v  1.632830 2.744066 -14.554122
v  -11.384866 2.744042 -2.240168
v  -18.816147 2.744041 -6.076812
v  -20.002485 2.744073 -7.651442
v  -12.144119 22.248241 -25.521137
v  -8.111611 21.587965 -31.808979
v  -17.965284 0.037664 -7.325789
v  -14.722360 0.037664 -23.046608
v  -1.917020 0.037664 -7.662394
v  -14.334484 0.037664 -4.552859
v  -0.021532 0.037664 -11.819211
v  -18.233728 0.037664 -20.123852
v  -10.290629 0.037664 -24.156384
v  -5.428364 0.037664 -4.739656
v  -5.816258 0.037664 -23.233402
v  -0.117336 0.037664 -16.386787
v  -2.185444 0.037664 -20.460459
v  -9.860101 0.037664 -3.629875
v  -20.033405 0.037664 -11.399493
v  -20.129196 0.037664 -15.967079
v  -11.020217 8.493986 -25.739082
v  -7.231065 4.527071 -25.255133
v  -11.594687 20.502850 -25.553406
v  -8.364960 23.625061 -30.273516
v  -8.006617 22.248238 -25.521137
v  -2.938050 0.809379 -22.843044
v  -12.569712 28.295471 -2.964700
v  -17.064362 28.295471 -22.657049
v  0.024022 28.295471 -9.029524
v  -20.174757 28.295471 -9.029522
v  -7.764127 23.339035 -3.726815
v  -19.204393 23.339222 -8.858152
v  -12.039180 21.593029 -31.803898
v  -17.544464 28.295471 -5.535009
v  -21.266914 28.295471 -14.521501
v  -3.588830 28.295471 -4.751445
v  -11.953107 28.295471 -24.943905
v  -11.929428 23.032639 -26.182144
v  -11.785777 23.625061 -30.273514
v  -20.340794 2.743988 -19.562336
v  -18.369564 2.743981 -22.182434
v  -10.075368 24.484642 -28.817364
v  -13.318173 2.744036 -2.623564
v  0.760152 2.744023 -9.408679
v  -12.036266 2.744047 -2.331397
v  -21.728380 2.744107 -15.202271
v  -8.758638 2.744067 -2.240975
v  1.191173 2.744028 -17.142908
v  -21.727560 2.744084 -12.576783
v  -14.559164 2.744027 -3.058390
v  -9.414102 2.744016 -2.185921
v  -0.510013 2.744024 -7.110800
v  -21.341911 2.744040 -10.643356
v  -4.400029 2.744049 -3.632205
v  -0.514256 2.744042 -20.681433
v  -20.006363 2.744059 -20.128656
v  -4.421062 2.745847 -24.161652
v  -10.581820 24.454044 -28.811180
v  -6.429133 11.652798 -25.012732
v  -10.075369 24.258015 -25.714630
v  -9.568917 24.454044 -28.811180
v  -5.059175 3.778100 -24.493439
v  -8.720991 20.798906 -25.670462
v  -11.051939 4.712900 -25.675190
v  -0.839573 3.606971 -12.723038
v  -2.775987 3.606969 -7.953919
v  -17.888803 3.606966 -18.954605
v  -3.402108 3.606967 -20.384363
v  -17.489975 3.606972 -8.098384
v  -10.989697 3.606967 -23.157717
v  -13.271340 3.606966 -5.149324
v  -15.131293 2.730185 -24.463854
v  -0.880773 3.606974 -15.896911
v  -8.394594 5.416956 -26.650940
v  -5.736286 18.758362 -24.766994
v  -14.366133 7.930847 -24.768950
v  -8.364960 14.736650 -32.711426
v  -12.924488 24.240065 -25.252516
v  -11.056618 24.339260 -28.788265
v  -9.083457 20.395676 -25.626598
v  -11.075458 20.392921 -25.625257
v  -0.501610 3.650209 -14.920219
v  -18.255365 3.650208 -8.813813
v  -11.204373 3.650208 -4.330854
v  -13.207093 3.650209 -22.998297
v  -3.303200 3.650208 -7.048460
v  -19.146683 3.650208 -17.121605
v  -4.909262 3.650208 -22.018591
v  -8.364960 8.996796 -31.730677
v  -21.364901 3.883430 -17.149523
v  -2.248074 3.883503 -5.128767
v  -2.760811 2.744042 -4.726698
v  0.782248 3.883490 -18.386751
v  -15.762278 3.883584 -3.611268
v  -8.110459 3.883523 -2.307812
v  -10.737962 3.883460 -2.162036
v  -5.582410 3.883409 -3.036291
v  -7.587680 21.555397 -25.360569
v  -9.094119 24.339260 -28.788265
v  -15.118792 25.616135 -24.483717
v  -11.785778 14.736651 -32.711426
v  -15.887707 0.225889 -9.290731
v  -3.831169 19.731541 -23.842981
v  -15.734301 2.738375 -24.158865
v  -5.051170 16.736242 -24.489445
v  -12.161127 20.836433 -25.455359
v  -6.325814 25.618872 -24.993980
v  -6.799896 28.347616 -24.354914
v  -21.003714 28.347616 -14.758496
v  -2.585093 28.347616 -21.897718
v  -16.212532 28.347616 -22.976789
v  -13.350820 28.347616 -3.431339
v  -0.604725 28.347616 -8.371848
v  0.881713 28.347616 -14.252318
v  -8.487233 28.347616 -3.046219
v  -3.938203 28.347616 -4.809471
v  -17.565636 28.347616 -5.888535
v  0.146193 28.347616 -17.855120
v  -20.296925 28.347616 -9.931130
v  -19.546019 28.347616 -19.414396
v  -11.663514 28.347616 -24.740038
v  -2.881645 28.348494 -22.331072
v  -3.449733 28.348494 -5.002151
v  -7.255170 28.348494 -24.616703
v  -19.902510 28.348494 -19.028868
v  -17.269089 28.348494 -5.455185
v  -0.248225 28.348494 -8.757394
v  -7.963488 28.348494 -3.007887
v  0.067033 28.348494 -18.374229
v  -16.701019 28.348494 -22.784094
v  -20.217777 28.348494 -9.412050
v  0.977831 28.348494 -14.768394
v  -21.157631 28.348494 -14.256441
v  -12.895551 28.348494 -3.169552
v  -12.187259 28.348494 -24.778370
v  -16.311293 26.082880 -23.831057
v  -15.905010 0.225492 -18.592562
v  -6.419743 18.586985 -25.006573
v  -9.580145 4.789088 -26.348324
v  -18.866678 28.347616 -20.440792
v  -18.415134 28.347616 -6.779248
v  -15.155119 28.347616 -23.606787
v  -1.735605 28.347616 -21.007015
v  -1.284060 28.347616 -7.345466
v  -9.713255 28.347616 -2.937407
v  -4.995602 28.347616 -4.179482
v  0.686250 28.347616 -11.808284
v  -14.502632 28.347616 -3.865252
v  -20.836985 28.347616 -15.977985
v  -10.437475 28.347616 -24.848852
v  0.525097 28.347616 -16.684034
v  -5.648091 28.347616 -23.921001
v  -20.675837 28.347616 -11.102242
v  -20.959944 28.348494 -11.784510
v  -9.709041 28.348494 -24.974014
v  0.646195 28.348494 -11.070300
v  -1.183606 28.348494 -20.515579
v  -1.640363 28.348494 -6.697927
v  -15.213179 28.348494 -4.068509
v  -14.553205 28.348494 -24.035578
v  0.809203 28.348494 -16.001776
v  -10.441679 28.348494 -2.812243
v  -18.967131 28.348494 -7.270683
v  -4.937575 28.348494 -23.717760
v  -5.597562 28.348494 -3.750669
v  -18.510399 28.348494 -21.088305
v  -20.796930 28.348494 -16.715960
v  -9.568917 8.229011 -28.552084
v  -10.075369 8.257450 -28.546143
v  -10.080282 20.317682 -25.680874
v  -13.631016 8.224696 -25.024420
v  -9.094119 8.122030 -28.574642
v  -9.130520 8.493987 -25.739082
v  -4.245723 0.225492 -9.193698
v  -10.114811 0.225492 -6.405282
v  -4.188753 0.225395 -18.541842
v  -7.117071 12.314631 -25.219357
v  -9.585208 20.333393 -25.667700
v  -5.016839 26.089315 -24.470396
v  -10.581820 8.229011 -28.552084
v  -12.940130 5.011518 -25.246403
v  -17.366703 0.225492 -15.597786
v  -10.074051 4.773831 -26.402931
v  -20.140409 4.041748 -14.994088
v  -6.762332 4.041748 -23.460835
v  -0.529389 4.041748 -17.268259
v  -1.484765 4.041748 -8.534147
v  -17.211584 4.041748 -6.710400
v  -15.490055 4.041748 -22.448730
v  -8.909039 4.041748 -3.835453
v  -15.734474 26.081772 -24.166885
v  -10.560370 8.595491 -25.768482
v  -11.785777 21.491423 -29.543993
v  -8.174914 20.426579 -33.248352
v  -20.214245 4.041748 -13.893131
v  -16.396854 4.041748 -21.820023
v  -0.940556 4.041748 -9.494040
v  -7.819255 4.041748 -4.008456
v  -0.940556 4.041748 -18.292223
v  -7.819256 4.041748 -23.777802
v  -16.396854 4.041748 -5.966238
v  -11.468109 24.117290 -28.744255
v  -8.437181 21.180986 -25.724155
v  -6.241683 1.568581 -24.865643
v  -11.429746 20.798908 -25.670460
v  -8.111333 22.611170 -29.652939
v  -7.989609 20.836432 -25.455360
v  -6.834462 3.780877 -23.353792
v  -17.100153 3.780877 -6.775545
v  -1.573071 3.780877 -8.628287
v  -8.890495 3.780877 -3.963190
v  -0.658051 3.780877 -17.257914
v  -20.020000 3.780877 -14.947585
v  -15.451340 3.780877 -22.325598
v  -9.590366 8.595491 -25.768482
v  -2.761329 26.088663 -4.717396
v  -21.348856 26.088682 -17.143896
v  -8.112370 26.088669 -2.324704
v  -2.258678 26.088621 -5.142056
v  -5.588017 26.088652 -3.052340
v  -10.736056 26.088688 -2.178929
v  0.766206 26.088640 -18.381128
v  -15.753222 26.088652 -3.625656
v  -21.350346 26.088694 -10.647544
v  -12.043612 26.088669 -2.325592
v  -0.504910 26.088633 -20.680277
v  -13.326120 26.088623 -2.618624
v  -21.735178 26.088541 -12.582256
v  -8.764136 26.088665 -2.233369
v  -14.567697 26.088661 -3.054405
v  -21.734573 26.088598 -15.209307
v  -18.370003 26.088684 -22.191832
v  -9.420072 26.088696 -2.178630
v  0.764174 26.088652 -9.400219
v  -4.402225 26.088671 -3.623056
v  -0.508026 26.088646 -7.101595
v  -20.343840 26.088623 -19.571192
v  1.199608 26.088615 -17.138725
v  -20.008877 26.088602 -20.137711
v  -20.011732 26.088690 -7.653090
v  -11.391926 26.088657 -2.233965
v  -18.825560 26.088644 -6.076922
v  1.640124 26.088640 -14.548255
v  -2.254718 26.088642 -22.640661
v  -2.757215 26.088636 -23.065584
v  0.497839 26.088633 -18.981997
v  1.362514 26.088722 -11.279737
v  -8.174914 11.521292 -34.093048
v  -10.075369 4.883440 -29.268848
v  -1.776941 26.088619 -22.188036
v  -6.713990 4.476532 -23.539530
v  -0.437723 4.476532 -17.279530
v  -8.918448 4.476532 -3.743576
v  -1.418798 4.476532 -8.469505
v  -15.521442 4.476532 -22.535591
v  -17.289284 4.476532 -6.660472
v  -20.227890 4.476532 -15.023706
v  -10.075369 8.616902 -25.780882
v  -16.862932 26.085194 -23.464649
v  -17.393524 26.088627 -4.720675
v  -12.036467 6.538519 -28.478996
v  -16.867661 26.088633 -4.325125
v  -20.916941 26.088612 -9.405124
v  -20.914902 26.088728 -18.386055
v  -0.139004 26.088655 -20.133169
v  -0.141858 26.088634 -7.648552
v  -13.952971 26.088619 -2.819124
v  1.198117 26.088696 -10.642357
v  -7.505502 1.156256 -25.152451
v  -0.904094 26.088629 -6.575837
v  0.329808 1.156256 -18.903999
v  -20.480545 1.156256 -8.882262
v  -17.275974 1.156256 -22.922403
v  1.473506 1.156256 -13.893130
v  -12.645235 1.156256 -25.152451
v  -12.645235 1.156256 -2.633810
v  -2.874760 1.156256 -4.863857
v  -21.624241 1.156256 -13.893131
v  -11.468110 5.224328 -29.194260
v  -21.809475 26.088642 -13.895764
v  0.495556 26.088676 -8.799521
v  0.193104 26.088642 -8.215073
v  -16.320274 26.088690 -3.959822
v  -21.149246 26.088724 -17.771091
v  -3.835009 26.088665 -3.956968
v  -15.168413 26.088701 -3.323555
v  -17.389414 26.088594 -23.068861
v  1.584439 26.088676 -15.203983
v  -10.078063 26.088652 -2.160482
v  -21.513252 26.088718 -16.506527
v  1.000282 26.088625 -17.766029
v  -21.151020 26.088661 -10.020240
v  -21.641977 26.088713 -15.860994
v  -19.250008 26.088676 -6.580060
v  -10.581820 4.911593 -29.262543
v  -18.040771 4.476532 -7.516920
v  -20.026836 4.476532 -16.145229
v  -14.519245 4.476532 -23.077660
v  -2.086553 4.476532 -7.546281
v  -5.665324 4.476532 -23.093954
v  -0.132257 4.476532 -16.181839
v  -10.056592 4.476532 -3.690027
v  1.583834 26.088682 -12.576941
v  -7.466853 26.088684 -2.452636
v  -4.987201 26.088711 -3.321207
v  -20.346411 26.088644 -8.219720
v  -12.689019 26.088646 -2.453807
v  0.195676 26.088615 -19.566542
v  -20.646296 26.088612 -18.986732
v  -6.202819 26.088614 -2.817351
v  1.491245 26.088676 -11.925284
v  -0.900728 26.088675 -21.206200
v  -21.642887 26.088694 -11.930610
v  -21.514454 26.088631 -11.284993
v  -11.975823 9.232363 -33.649750
v  -3.283985 26.086536 -23.461901
v  -3.931284 1.156256 -23.671038
v  -20.648579 26.088686 -8.804272
v  -6.829723 26.088634 -2.617149
v  -18.373798 26.088638 -5.598227
v  1.658740 26.088604 -13.890506
v  1.363719 26.088682 -16.501251
v  1.492148 26.088673 -15.855669
v  0.824576 1.156256 -10.078882
v  -16.219454 1.156256 -4.115223
v  -6.261464 1.156256 -2.993066
v  -20.975311 1.156256 -17.707380
v  -20.975311 1.156256 -10.078881
v  -18.240936 1.156256 -5.727303
v  -1.909801 1.156256 -22.058958
v  -0.297261 1.156256 -7.749361
v  -8.782214 1.156256 -2.417721
v  0.824574 1.156256 -17.707378
v  -19.853470 1.156256 -20.036903
v  -8.782215 1.156256 -25.368538
v  -6.261466 1.156256 -24.793194
v  -19.246635 26.088694 -21.210426
v  -21.790560 26.088629 -14.553565
v  -11.056618 8.122030 -28.574642
v  -5.065123 1.156256 -24.297012
v  -11.368522 1.156256 -25.368538
v  -19.853474 1.156256 -7.749359
v  -21.550819 1.156256 -15.185919
v  -0.297264 1.156256 -20.036901
v  -21.550819 1.156256 -12.600344
v  -11.368522 1.156256 -2.417721
v  -1.909798 1.156256 -5.727303
v  1.400081 1.156256 -15.185917
v  -18.240936 1.156256 -22.058958
v  -3.931281 1.156256 -4.115223
v  1.400083 1.156256 -12.600344
v  -13.889272 1.156256 -2.993066
v  -16.219452 1.156256 -23.671038
v  -11.975823 11.521294 -34.093048
v  -19.103519 1.156256 -21.092840
v  -5.065120 1.156256 -3.489248
v  -21.333288 1.156256 -16.462677
v  1.182550 1.156256 -16.462677
v  -15.085615 1.156256 -3.489248
v  -21.333290 1.156256 -11.323585
v  -10.075368 1.156256 -2.345692
v  -1.047215 1.156256 -6.693422
v  1.182552 1.156256 -11.323586
v  -1.047217 1.156256 -21.092838
v  -19.103519 1.156256 -6.693421
v  -10.075368 1.156256 -25.440567
v  -21.790861 26.088619 -13.238011
v  -1.780722 26.088617 -5.594437
v  -18.821972 26.088676 -21.713354
v  -13.286449 1.568581 -25.064302
v  -16.626499 27.346302 -22.107986
v  -20.582565 27.346302 -13.893131
v  -16.626501 27.346302 -5.678273
v  -7.166801 27.346304 -23.989441
v  -12.983936 27.346304 -3.796820
v  -19.271326 27.346304 -18.975414
v  -8.682627 24.117290 -28.744255
v  -15.085613 1.156256 -24.297010
v  -13.909054 1.568581 -24.865641
v  -17.892054 26.088634 -22.644209
v  -11.975822 20.426582 -33.248352
v  -8.364960 21.491423 -29.543993
v  -10.579001 4.800645 -27.268236
v  -17.896019 26.088636 -5.145599
v  -15.078655 27.780363 -24.282562
v  -8.174914 9.232361 -33.649750
v  -13.267848 27.780363 -24.974970
v  -8.174914 18.170826 -33.875053
v  -8.682628 7.914845 -28.618544
v  -6.882889 27.780363 -24.974970
v  -9.568917 20.903687 -28.115034
v  -7.509071 27.780361 -25.136812
v  -14.497894 4.041748 -22.968414
v  -17.939014 4.041748 -7.562045
v  -10.028428 4.041748 -3.797716
v  -5.737424 4.041748 -23.009148
v  -2.153189 4.041748 -7.635444
v  -19.928112 4.041748 -16.093809
v  -0.243514 4.041748 -16.185333
v  -11.975822 18.170826 -33.875050
v  -12.641665 27.780361 -25.136812
v  1.639821 26.088669 -13.232690
v  -0.375308 5.323055 -17.290968
v  -1.370940 5.323055 -8.427839
v  -8.921185 5.323055 -3.680180
v  -17.340553 5.323055 -6.623085
v  -20.289085 5.323055 -15.040482
v  -6.684018 5.323055 -23.595459
v  -15.546482 5.323055 -22.593897
v  -7.528087 0.809379 -2.732768
v  -12.622648 0.809379 -2.732768
v  -17.212687 0.809379 -22.843044
v  1.372004 0.809380 -13.893130
v  -20.389095 0.809379 -8.926304
v  0.238357 0.809379 -18.859957
v  -12.622648 0.809379 -25.053490
v  -2.938047 0.809379 -4.943216
v  0.238358 0.809379 -8.926305
v  -21.522739 0.809379 -13.893131
v  -17.212688 0.809379 -4.943216
v  -20.389091 0.809379 -18.859959
v  -7.528089 0.809379 -25.053490
v  -5.621652 5.323056 -23.152184
v  -18.105383 5.323056 -7.483405
v  -20.093323 5.323056 -16.174849
v  -14.537542 5.323056 -23.148109
v  -0.059501 5.323056 -16.184000
v  -2.039500 5.323056 -7.490747
v  -10.070674 5.323056 -3.618616
v  -8.143463 27.780363 -25.262688
v  -5.662545 27.780363 -24.546955
v  -10.075368 20.873289 -28.109215
v  -12.007274 27.780363 -25.262688
v  -3.985285 0.809379 -23.585098
v  -1.981568 0.809379 -21.987186
v  -19.767532 0.809379 -19.982904
v  -18.169168 0.809379 -5.799073
v  -0.383203 0.809379 -7.803359
v  -11.357156 0.809379 -25.267679
v  -3.985282 0.809379 -4.201161
v  1.299224 0.809379 -12.611706
v  -16.165451 0.809379 -23.585098
v  -8.793580 0.809379 -2.518579
v  0.728774 0.809379 -17.673855
v  -20.879511 0.809379 -10.112405
v  -21.449959 0.809379 -15.174556
v  -13.855751 0.809379 -3.088868
v  -9.568917 4.911593 -29.262543
v  -0.866334 4.476532 -18.327965
v  -16.448219 4.476532 -5.901832
v  -7.800923 4.476532 -3.928143
v  -0.866334 4.476532 -9.458296
v  -16.448215 4.476532 -21.884428
v  -20.296623 4.476532 -13.893131
v  -7.800925 4.476532 -23.858116
v  -19.700335 4.476532 -17.247555
v  -13.453842 4.476532 -23.509680
v  -11.203933 4.476532 -3.763052
v  -2.859001 4.476532 -6.694784
v  -4.663291 4.476532 -22.530348
v  0.051857 4.476532 -15.047015
v  -18.699032 4.476532 -8.459478
v  -21.449959 0.809379 -12.611706
v  -19.767532 0.809379 -7.803357
v  -20.879509 0.809379 -17.673857
v  -0.383204 0.809379 -19.982903
v  0.728775 0.809379 -10.112407
v  -13.855749 0.809379 -24.697392
v  -1.981566 0.809379 -5.799073
v  -8.793581 0.809379 -25.267681
v  -16.165453 0.809379 -4.201161
v  -11.357156 0.809379 -2.518579
v  1.299222 0.809379 -15.174555
v  -6.294985 0.809379 -3.088868
v  -18.169168 0.809379 -21.987186
v  -6.294987 0.809379 -24.697392
v  -8.784012 27.780361 -25.352598
v  -12.413440 27.346302 -24.136889
v  -7.737295 27.346302 -3.649370
v  -7.737297 27.346302 -24.136890
v  -5.072083 27.780363 -24.282562
v  -3.524235 27.346302 -5.678274
v  -19.542027 27.346302 -9.334229
v  -0.608709 27.346302 -18.452032
v  -12.413441 27.346302 -3.649370
v  -19.542025 27.346302 -18.452032
v  -0.608708 27.346302 -9.334230
v  -3.287416 26.088659 -4.322051
v  -19.645832 26.088703 -7.105993
v  -0.646110 26.182964 -9.352242
v  -0.646110 26.182964 -18.434021
v  -19.504627 26.182964 -9.352241
v  0.998518 26.088652 -10.015175
v  -3.550117 26.182964 -5.710729
v  -7.746534 26.182964 -24.096418
v  0.390318 26.182964 -13.893130
v  -12.404203 26.182964 -3.689841
v  -3.550120 26.182964 -22.075531
v  -12.404202 26.182964 -24.096416
v  -19.504623 26.182964 -18.434021
v  -10.581820 20.903687 -28.115034
v  -15.041580 0.809379 -3.580688
v  -10.075368 0.809379 -25.339077
v  -5.109159 0.809379 -24.205570
v  -10.075368 0.809379 -2.447183
v  1.083604 0.809379 -16.440092
v  -21.234341 0.809379 -16.440094
v  -1.126564 0.809379 -6.756702
v  -19.024170 0.809379 -21.029560
v  -15.041578 0.809379 -24.205570
v  -5.109156 0.809379 -3.580688
v  -1.126567 0.809379 -21.029560
v  -21.234341 0.809379 -11.346169
v  -19.024170 0.809379 -6.756701
v  1.083605 0.809380 -11.346169
v  -15.653513 27.780363 -23.985765
v  -11.366726 27.780361 -25.352600
v  -19.772259 5.323055 -17.282974
v  -13.470993 5.323055 -23.587997
v  -11.222462 5.323055 -3.685049
v  -2.809569 5.323055 -6.631664
v  -4.612753 5.323055 -22.592587
v  -18.771568 5.323055 -8.425331
v  0.132027 5.323055 -15.046309
v  -4.497224 27.780363 -23.985765
v  -9.428664 27.780363 -25.406548
v  -16.210918 27.780361 -23.657455
v  -20.515764 27.346304 -15.069312
v  -15.665272 27.346304 -22.789097
v  0.365028 27.346304 -12.716949
v  -11.251883 27.346304 -24.333487
v  -1.179221 27.346304 -8.303512
v  -4.485464 27.346306 -22.789097
v  -17.504423 27.346306 -21.322422
v  -8.898853 27.346304 -3.452772
v  -4.485462 27.346304 -4.997164
v  -2.646312 27.346304 -21.322422
v  -20.515762 27.346306 -12.716949
v  0.365027 27.346306 -15.069311
v  -17.504425 27.346304 -6.463839
v  -15.665274 27.346306 -4.997164
v  -11.247234 26.182964 -24.292240
v  -20.474516 26.182964 -12.721597
v  -8.903502 26.182964 -3.494020
v  -15.643188 26.182964 -22.753950
v  -4.507548 26.182964 -22.753950
v  0.323780 26.182964 -15.064665
v  -20.474514 26.182964 -15.064666
v  -6.619177 26.182964 -4.015402
v  -2.675661 26.182964 -6.493190
v  -17.475073 26.182964 -21.293072
v  -0.197749 26.182964 -10.436627
v  -15.643190 26.182964 -5.032310
v  -17.475075 26.182964 -6.493190
v  -1.214370 26.182964 -19.460667
v  -10.722073 27.780363 -25.406548
v  -3.939818 27.780361 -23.657455
v  -0.813395 5.323056 -18.353460
v  -7.787848 5.323056 -3.870856
v  -16.484854 5.323056 -5.855892
v  -0.813395 5.323056 -9.432802
v  -16.484852 5.323056 -21.930367
v  -7.787850 5.323056 -23.915401
v  -20.355381 5.323056 -13.893131
v  -16.749020 27.780363 -23.298525
v  -20.466091 27.780361 -8.889223
v  -17.265972 27.780361 -22.909861
v  -20.466091 27.780361 -18.897039
v  1.457463 27.780361 -13.893130
v  0.315356 27.780361 -8.889223
v  -20.729979 27.780363 -9.479698
v  -20.168968 27.780363 -19.471510
v  -2.884764 27.780361 -22.909863
v  -2.884762 27.780361 -4.876399
v  -17.265972 27.780361 -4.876397
v  -20.729977 27.780363 -18.306564
v  1.439020 27.780363 -14.539626
v  -17.759922 27.780363 -22.492357
v  -20.168972 27.780363 -8.314753
v  -16.749023 27.780363 -4.487736
v  -17.759926 27.780363 -5.293903
v  -3.401716 27.780363 -23.298525
v  -2.390811 27.780363 -5.293904
v  -7.509070 27.780361 -2.649447
v  -6.882887 27.780363 -2.811291
v  -2.390813 27.780363 -22.492357
v  -12.007274 27.780363 -2.523571
v  -3.401713 27.780363 -4.487736
v  -12.641665 27.780361 -2.649446
v  0.579243 27.780363 -9.479700
v  -19.839890 27.780361 -20.028370
v  0.018235 27.780363 -8.314754
v  0.315355 27.780361 -18.897039
v  0.579242 27.780363 -18.306562
v  1.439021 27.780363 -13.246634
v  -13.267849 27.780363 -2.811289
v  0.018233 27.780363 -19.471508
v  -21.608200 27.780361 -13.893131
v  1.384142 27.780361 -15.184121
v  -16.210920 27.780361 -4.128805
v  -8.143462 27.780363 -2.523571
v  -1.921141 27.780361 -22.047615
v  -18.229595 27.780361 -5.738645
v  -3.939816 27.780361 -4.128804
v  -6.266762 27.780361 -3.008205
v  -21.444023 27.780363 -15.824616
v  -21.444023 27.780363 -11.961645
v  -8.784010 27.780361 -2.433661
v  -18.229593 27.780361 -22.047615
v  1.384143 27.780361 -12.602139
v  -1.921140 27.780361 -5.738646
v  1.166915 27.780361 -11.327154
v  -11.366726 27.780361 -2.433661
v  -19.480133 27.780363 -20.566013
v  -20.960171 27.780361 -10.084179
v  1.293288 27.780363 -15.824615
v  0.809435 27.780361 -17.702082
v  -21.589756 27.780363 -13.246635
v  -19.090977 27.780363 -21.082840
v  -20.960171 27.780361 -17.702084
v  -21.156214 27.780363 -17.085598
v  -19.839893 27.780361 -7.757893
v  -21.317650 27.780363 -16.459108
v  -1.477030 27.780363 -21.577240
v  -21.589756 27.780363 -14.539627
v  -18.673706 27.780363 -6.209019
v  -10.075368 27.780363 -2.361732
v  -5.662543 27.780363 -3.239305
v  -18.673706 27.780363 -21.577242
v  -0.310845 27.780361 -20.028368
v  -14.488194 27.780363 -3.239305
v  -9.428663 27.780363 -2.379714
v  -10.722073 27.780363 -2.379714
v  -1.059755 27.780363 -6.703423
v  -1.477028 27.780363 -6.209020
v  1.293290 27.780363 -11.961645
v  -0.670604 27.780363 -20.566013
v  1.166914 27.780363 -16.459106
v  1.005478 27.780363 -17.085596
v  -5.072079 27.780363 -3.503700
v  -13.883974 27.780361 -3.008204
v  0.809437 27.780361 -10.084181
v  -0.310843 27.780361 -7.757895
v  -4.497221 27.780363 -3.800495
v  -19.090981 27.780363 -6.703423
v  -21.534878 27.780361 -12.602139
v  -15.653515 27.780363 -3.800495
v  1.005480 27.780363 -10.700665
v  -21.317650 27.780363 -11.327153
v  -0.670602 27.780363 -7.220249
v  -19.480133 27.780363 -7.220248
v  -15.078657 27.780363 -3.503697
v  -21.534878 27.780361 -15.184123
v  -21.156216 27.780363 -10.700665
v  -1.059756 27.780363 -21.082840
v  -10.075368 27.780363 -25.424528
v  -8.111566 19.095200 -33.148895
v  -8.898854 27.346306 -24.333487
v  -11.251883 27.346306 -3.452772
v  -19.992167 27.346304 -10.422916
v  -0.158569 27.346304 -17.363344
v  -13.545268 27.346304 -3.976222
v  -18.971516 27.346306 -8.303511
v  -0.158569 27.346306 -10.422917
v  -13.545267 27.346306 -23.810036
v  -2.646310 27.346306 -6.463839
v  -1.179222 27.346306 -19.482750
v  -6.605468 27.346306 -3.976223
v  -6.605470 27.346304 -23.810036
v  -19.992165 27.346306 -17.363346
v  -18.971512 27.346304 -19.482750
v  -13.531559 26.182964 -4.015402
v  -19.952984 26.182964 -17.349636
v  -8.903502 26.182964 -24.292240
v  -11.247234 26.182964 -3.494020
v  -2.675663 26.182964 -21.293070
v  -6.619178 26.182964 -23.770857
v  -4.507546 26.182964 -5.032310
v  0.323780 26.182964 -12.721596
v  -0.197749 26.182964 -17.349634
v  -18.936367 26.182964 -8.325594
v  -13.531558 26.182964 -23.770857
v  -19.952988 26.182964 -10.436626
v  -1.214368 26.182964 -8.325595
v  -18.936365 26.182964 -19.460667
v  -9.094119 21.018024 -28.137129
v  -18.289207 27.346302 -7.342815
v  -14.633705 27.346302 -4.427649
v  -1.861531 27.346302 -20.443445
v  -5.517031 27.346302 -4.427649
v  -18.289204 27.346302 -20.443445
v  -20.317856 27.346302 -16.230911
v  -20.317854 27.346302 -11.555350
v  -1.861529 27.346302 -7.342816
v  -5.517034 27.346302 -23.358610
v  0.167118 27.346302 -16.230909
v  0.167119 27.346302 -11.555351
v  -14.633703 27.346302 -23.358608
v  -10.075368 27.346302 -3.387241
v  -10.075368 27.346302 -24.399017
v  -18.256756 26.182964 -7.368694
v  -18.256752 26.182964 -20.417568
v  -1.893983 26.182964 -20.417566
v  -5.535040 26.182964 -4.465046
v  -1.893981 26.182964 -7.368695
v  0.126653 26.182964 -16.221674
v  -20.277390 26.182964 -11.564587
v  -14.615696 26.182964 -4.465046
v  0.126653 26.182964 -11.564587
v  -10.075368 26.182964 -3.428746
v  -14.615694 26.182964 -23.321213
v  -20.277388 26.182964 -16.221676
v  -10.075368 26.182964 -24.357513
v  -5.535042 26.182964 -23.321213
v  -8.174914 19.623987 -32.413773
v  -3.670915 5.323056 -5.862203
v  -19.330070 5.323056 -9.436303
v  -3.670918 5.323056 -21.924057
v  -12.361091 5.323056 -3.878728
v  0.196572 5.323056 -13.893130
v  -12.361090 5.323056 -23.907532
v  -19.330067 5.323056 -18.349958
v  -11.056618 21.018024 -28.137129
v  -16.661142 27.870296 -5.634834
v  -7.724934 27.870296 -24.191057
v  -3.489596 27.870296 -22.151426
v  -19.592087 27.870296 -9.310122
v  0.487391 27.870296 -13.893130
v  -12.425804 27.870296 -3.595203
v  -0.558652 27.870296 -18.476139
v  -16.661140 27.870296 -22.151426
v  -3.489594 27.870296 -5.634834
v  -12.425803 27.870296 -24.191057
v  -7.724932 27.870296 -3.595202
v  -19.592083 27.870296 -18.476139
v  0.245528 6.819142 -13.893130
v  -19.374176 6.819142 -9.415062
v  -3.640395 6.819142 -21.962330
v  -3.640393 6.819142 -5.823929
v  -19.374172 6.819142 -18.371199
v  -12.371984 6.819142 -3.831000
v  -12.371983 6.819142 -23.955259
v  -19.642708 26.088634 -20.684668
v  -1.328765 26.088661 -6.072903
v  -11.745233 21.344839 -26.176727
v  -1.325175 26.088638 -21.709335
v  0.229021 6.819142 -14.471688
v  -19.610329 6.819142 -17.842773
v  -12.932363 6.819142 -23.810425
v  -19.108276 6.819142 -8.900961
v  -4.103022 6.819142 -22.310150
v  -3.198349 6.819142 -6.197560
v  -11.804257 6.819142 -3.718351
v  -12.620775 28.014660 -25.045286
v  -7.529960 28.014660 -2.740973
v  -17.207441 28.014660 -4.949796
v  -20.381512 28.014660 -8.929955
v  -21.514324 28.014660 -13.893131
v  -2.943296 28.014660 -22.836464
v  -2.943294 28.014660 -4.949797
v  -12.620776 28.014660 -2.740973
v  0.230776 28.014660 -8.929956
v  -7.529962 28.014660 -25.045286
v  1.363587 28.014660 -13.893130
v  -17.207439 28.014660 -22.836464
v  -11.804257 6.819142 -24.067907
v  0.229021 6.819142 -13.314571
v  -3.198351 6.819142 -21.588699
v  -4.103020 6.819142 -5.476110
v  -19.610329 6.819142 -9.943487
v  -12.932364 6.819142 -3.975835
v  -19.108273 6.819142 -18.885300
v  -8.113605 6.545661 -28.582245
v  -13.483742 6.819142 -23.634201
v  -19.816332 6.819142 -17.301815
v  -18.813778 6.819142 -8.402619
v  0.179910 6.819142 -15.048456
v  -4.584578 6.819142 -22.631363
v  -11.231022 6.819142 -3.637888
v  -2.778034 6.819142 -6.595567
v  -19.018555 27.870296 -19.512308
v  -20.570972 27.870296 -15.075532
v  -1.132178 27.870296 -8.273954
v  -4.455903 27.870296 -4.950123
v  -15.694831 27.870296 -22.836136
v  -1.132180 27.870296 -19.512308
v  -8.892632 27.870296 -24.388695
v  -11.258104 27.870296 -3.397565
v  -0.106130 27.870296 -10.404568
v  -20.570972 27.870296 -12.710730
v  -19.018557 27.870296 -8.273952
v  -15.694833 27.870296 -4.950123
v  -4.455905 27.870296 -22.836138
v  0.420236 27.870296 -15.075531
v  -19.816334 6.819142 -10.484446
v  -2.778035 6.819142 -21.190693
v  -13.483744 6.819142 -4.152058
v  0.179910 6.819142 -12.737804
v  -4.584576 6.819142 -5.154898
v  -11.231022 6.819142 -24.148371
v  -18.813776 6.819142 -19.383642
v  0.720832 28.014660 -17.671076
v  -19.760406 28.014660 -19.978428
v  -0.390330 28.014660 -19.978428
v  -6.297764 28.014660 -3.096809
v  0.720834 28.014660 -10.115186
v  -20.871567 28.014660 -17.671078
v  -19.760406 28.014660 -7.807834
v  -1.987515 28.014660 -5.805025
v  -11.356214 28.014660 -2.526941
v  -16.160976 28.014660 -4.208287
v  -8.794523 28.014660 -25.259317
v  -21.441597 28.014660 -12.612648
v  -3.989762 28.014660 -23.577972
v  -13.852971 28.014660 -24.689449
v  -0.106132 27.870296 -17.381695
v  -11.258104 27.870296 -24.388695
v  -20.044605 27.870296 -10.404566
v  0.420236 27.870296 -12.710730
v  -8.892632 27.870296 -3.397565
v  -13.563617 27.870296 -3.923783
v  -2.607028 27.870296 -21.361706
v  -13.563615 27.870296 -23.862476
v  -6.587121 27.870296 -23.862476
v  -17.543709 27.870296 -6.424553
v  -6.587119 27.870296 -3.923783
v  -2.607026 27.870296 -6.424554
v  -17.543707 27.870296 -21.361708
v  -20.044603 27.870296 -17.381695
v  -19.991774 6.819142 -16.750114
v  -14.024466 6.819142 -23.427387
v  0.098603 6.819142 -15.621643
v  -2.380592 6.819142 -7.016512
v  -5.083407 6.819142 -22.925171
v  -10.654113 6.819142 -3.589610
v  -18.491827 6.819142 -7.921473
v  -12.039289 22.607906 -29.667450
v  -6.297766 28.014660 -24.689449
v  -8.794522 28.014660 -2.526941
v  -3.989759 28.014660 -4.208287
v  -13.852972 28.014660 -3.096809
v  -21.441597 28.014660 -15.173615
v  -18.163219 28.014660 -5.805023
v  -0.390328 28.014660 -7.807836
v  1.290862 28.014660 -12.612648
v  -20.871567 28.014660 -10.115185
v  -11.356214 28.014660 -25.259317
v  -16.160975 28.014660 -23.577972
v  -1.987517 28.014660 -21.981237
v  -1.818097 27.870298 -20.478083
v  -18.332642 27.870298 -7.308178
v  -5.492927 27.870298 -4.377598
v  -5.492929 27.870298 -23.408663
v  -20.372015 27.870298 -16.243273
v  -1.818095 27.870298 -7.308179
v  -14.657808 27.870298 -4.377598
v  -18.332638 27.870298 -20.478083
v  -14.657807 27.870298 -23.408661
v  0.221280 27.870298 -16.243271
v  0.221280 27.870298 -11.542990
v  -20.372017 27.870298 -11.542989
v  -10.075368 27.870298 -3.331686
v  -10.075368 27.870298 -24.454573
v  -18.163218 28.014660 -21.981237
v  1.290860 28.014660 -15.173613
v  -19.991776 6.819142 -11.036147
v  -18.491825 6.819142 -19.864788
v  -10.654114 6.819142 -24.196648
v  -2.380593 6.819142 -20.769749
v  0.098603 6.819142 -12.164618
v  -5.083405 6.819142 -4.861089
v  -14.024467 6.819142 -4.358871
v  1.075401 28.014660 -16.438221
v  -5.112809 28.014660 -24.197990
v  -15.037928 28.014660 -24.197990
v  -15.037930 28.014660 -3.588270
v  -1.133143 28.014660 -6.761948
v  -1.133145 28.014660 -21.024315
v  -10.075368 28.014660 -25.330662
v  -19.017590 28.014660 -21.024315
v  1.075403 28.014660 -11.348042
v  -19.017593 28.014660 -6.761946
v  -21.226139 28.014660 -11.348041
v  -5.112807 28.014660 -3.588270
v  -21.226137 28.014660 -16.438221
v  -10.075368 28.014660 -2.455599
v  -20.136246 6.819142 -16.189461
v  -0.014490 6.819142 -16.189459
v  -14.552879 6.819142 -23.190777
v  -5.597857 6.819142 -23.190779
v  -18.143566 6.819142 -7.458958
v  -10.075368 6.819142 -3.573517
v  -2.007169 6.819142 -7.458960
v  -8.366096 7.585793 -28.688522
v  -8.366096 5.552663 -29.123371
v  -0.014490 6.819142 -11.596802
v  -20.136246 6.819142 -11.596802
v  -2.007170 6.819142 -20.327301
v  -5.597855 6.819142 -4.595481
v  -14.552881 6.819142 -4.595481
v  -10.075368 6.819142 -24.212742
v  -18.143566 6.819142 -20.327303
v  -16.327183 3.780877 -21.732656
v  -20.102501 3.780877 -13.893131
v  -1.041234 3.780877 -18.243740
v  -7.844120 3.780877 -4.117399
v  -16.327183 3.780877 -6.053603
v  -1.041234 3.780877 -9.542522
v  -7.844122 3.780877 -23.668859
v  -9.104538 4.894750 -27.096756
v  -18.771568 5.323055 -19.360931
v  0.132027 5.323055 -12.739952
v  -11.222462 5.323055 -24.101210
v  -19.772259 5.323055 -10.503286
v  -13.470994 5.323055 -4.198262
v  -2.809570 5.323055 -21.154596
v  -4.612751 5.323055 -5.193674
v  -15.067328 6.819142 -22.925171
v  -0.158961 6.819142 -16.750113
v  -17.770144 6.819142 -7.016510
v  -6.126270 6.819142 -23.427387
v  -1.658909 6.819142 -7.921474
v  -9.496622 6.819142 -3.589610
v  -20.249340 6.819142 -15.621645
v  -20.289087 5.323055 -12.745780
v  -17.340553 5.323055 -21.163174
v  -15.546484 5.323055 -5.192362
v  -1.370942 5.323055 -19.358423
v  -0.375307 5.323055 -10.495294
v  -6.684016 5.323055 -4.190800
v  -8.921186 5.323055 -24.106079
v  -9.130527 20.614365 -25.708092
v  -10.083041 9.132985 -25.672773
v  -9.496623 6.819142 -24.196648
v  -1.658910 6.819142 -19.864788
v  -0.158961 6.819142 -11.036148
v  -6.126268 6.819142 -4.358871
v  -17.770142 6.819142 -20.769749
v  -15.067330 6.819142 -4.861088
v  -20.249340 6.819142 -12.164617
v  -11.975822 17.658808 -32.922916
v  -11.975823 9.886166 -32.701370
v  -14.473396 3.780877 -22.809361
v  -17.789398 3.780877 -7.621322
v  -9.981489 3.780877 -3.951651
v  -2.244272 3.780877 -7.768119
v  -19.788483 3.780877 -16.013792
v  -0.404032 3.780877 -16.196842
v  -5.846504 3.780877 -22.890825
v  -3.722651 4.476532 -21.859184
v  -3.722649 4.476532 -5.927076
v  -12.342627 4.476532 -23.826637
v  0.113599 4.476532 -13.893130
v  -12.342627 4.476532 -3.959622
v  -19.255310 4.476532 -9.472303
v  -19.255310 4.476532 -18.313957
v  -12.039171 19.095200 -33.148895
v  -20.330647 6.819142 -15.048458
v  -6.666994 6.819142 -23.634201
v  -0.334403 6.819142 -17.301815
v  -17.372702 6.819142 -6.595565
v  -1.336958 6.819142 -8.402620
v  -8.919714 6.819142 -3.637888
v  -15.566158 6.819142 -22.631363
v  -7.557127 0.539586 -2.860002
v  -17.131317 0.539586 -22.741013
v  0.120778 0.539586 -8.982929
v  -12.593608 0.539586 -2.860003
v  1.241497 0.539586 -13.893130
v  -17.131321 0.539586 -5.045249
v  -12.593607 0.539586 -24.926258
v  0.120775 0.539586 -18.803333
v  -21.392233 0.539586 -13.893131
v  -3.019419 0.539586 -22.741013
v  -3.019416 0.539586 -5.045250
v  -20.271513 0.539586 -8.982927
v  -20.271511 0.539586 -18.803333
v  -7.557129 0.539586 -24.926258
v  -3.836053 26.087002 -23.828819
v  -20.330647 6.819142 -12.737804
v  -17.372700 6.819142 -21.190693
v  -6.666992 6.819142 -4.152058
v  -1.336959 6.819142 -19.383640
v  -15.566160 6.819142 -5.154896
v  -8.919715 6.819142 -24.148371
v  -0.334403 6.819142 -10.484447
v  -5.621651 5.323056 -4.634076
v  -14.537544 5.323056 -4.638148
v  -0.059501 5.323056 -11.602261
v  -10.070674 5.323056 -24.167645
v  -2.039502 5.323056 -20.295513
v  -18.105381 5.323056 -20.302855
v  -20.093323 5.323056 -11.611412
v  -19.657036 0.539586 -19.913479
v  0.605601 0.539586 -17.630753
v  -6.338085 0.539586 -24.574219
v  -2.073842 0.539586 -21.894913
v  -20.756340 0.539586 -10.155507
v  -18.076897 0.539586 -5.891349
v  -4.054712 0.539586 -4.311655
v  -21.320284 0.539586 -15.159947
v  -11.342543 0.539586 -25.138004
v  -8.808193 0.539586 -2.648254
v  -0.493697 0.539586 -7.872785
v  -16.096022 0.539586 -23.474606
v  1.169548 0.539586 -12.626315
v  -13.812653 0.539586 -3.212042
v  -20.379757 6.819142 -14.471689
v  -16.047714 6.819142 -22.310150
v  -16.952387 6.819142 -6.197560
v  -8.346478 6.819142 -3.718351
v  -1.042460 6.819142 -8.900963
v  -7.218373 6.819142 -23.810425
v  -0.540406 6.819142 -17.842773
v  -9.094120 5.017930 -29.239166
v  -8.174914 17.658808 -32.922916
v  -8.174914 6.843328 -31.948818
v  -4.413725 26.088757 -24.165337
v  -20.379757 6.819142 -13.314572
v  -16.047716 6.819142 -5.476109
v  -8.346479 6.819142 -24.067907
v  -0.540406 6.819142 -9.943489
v  -1.042460 6.819142 -18.885300
v  -7.218371 6.819142 -3.975834
v  -16.952385 6.819142 -21.588699
v  -19.657038 0.539586 -7.872783
v  -21.320284 0.539586 -12.626315
v  -2.073838 0.539586 -5.891350
v  -0.493700 0.539586 -19.913477
v  -20.756336 0.539586 -17.630754
v  1.169547 0.539586 -15.159945
v  -11.342543 0.539586 -2.648254
v  -13.812652 0.539586 -24.574219
v  -4.054715 0.539586 -23.474606
v  0.605603 0.539586 -10.155508
v  -16.096024 0.539586 -4.311655
v  -8.808194 0.539586 -25.138004
v  -6.338083 0.539586 -3.212042
v  -18.076895 0.539586 -21.894913
v  -16.510342 6.819142 -5.823929
v  -7.778753 6.819142 -23.955259
v  -7.778751 6.819142 -3.830999
v  -20.396263 6.819142 -13.893131
v  -0.776562 6.819142 -18.371199
v  -0.776561 6.819142 -9.415064
v  -16.510342 6.819142 -21.962330
v  -10.075368 0.539586 -25.208588
v  -14.984962 0.539586 -3.698256
v  -14.984962 0.539586 -24.088005
v  -10.075368 0.539586 -2.577672
v  -5.165776 0.539586 -24.088005
v  0.956388 0.539586 -11.375206
v  -18.922150 0.539586 -20.948202
v  -5.165773 0.539586 -3.698256
v  -1.228585 0.539586 -6.838060
v  -1.228587 0.539586 -20.948202
v  -21.107124 0.539586 -16.411057
v  0.956387 0.539586 -16.411057
v  -18.922150 0.539586 -6.838058
v  -21.107124 0.539586 -11.375205
v  -0.529389 4.041748 -10.518003
v  -15.490057 4.041748 -5.337527
v  -8.909040 4.041748 -23.950806
v  -1.484766 4.041748 -19.252115
v  -6.762330 4.041748 -4.325427
v  -20.140409 4.041748 -12.792173
v  -17.211582 4.041748 -21.075859
v  -11.412819 5.041382 -25.803591
v  -11.975822 19.623987 -32.413773
v  -10.075369 4.656525 -25.723639
v  -11.975823 7.792344 -32.913521
v  -20.227890 4.476532 -12.762556
v  -8.918449 4.476532 -24.042683
v  -0.437723 4.476532 -10.506731
v  -17.289280 4.476532 -21.125788
v  -6.713988 4.476532 -4.246730
v  -1.418800 4.476532 -19.316757
v  -15.521444 4.476532 -5.250668
v  -11.975823 6.278849 -30.663847
v  -9.577590 9.117913 -25.659315
v  -7.708686 28.054184 -24.262245
v  -16.706667 28.054184 -5.577748
v  -16.706665 28.054184 -22.208513
v  0.560408 28.054184 -13.893130
v  -0.492864 28.054184 -9.278442
# 4141 vertices

vn -0.307535 -0.002235 -0.951534
vn -0.356599 -0.002525 -0.934254
vn -0.356274 0.001919 -0.934380
vn 0.666830 0.008250 0.745164
vn 0.666512 -0.010705 0.745417
vn 0.707382 -0.010117 0.706759
vn -0.814756 0.009589 -0.579725
vn -0.845834 0.009590 -0.533359
vn -0.845716 0.008434 -0.533566
vn 0.276596 0.009590 0.960939
vn 0.330128 0.009589 0.943887
vn 0.329908 0.008434 0.943975
vn 0.746492 0.009589 -0.665326
vn 0.708203 0.009588 -0.705944
vn 0.708378 0.008435 -0.705783
vn -0.815333 -0.010195 0.578903
vn -0.815227 0.008475 0.579080
vn -0.846257 0.008203 0.532712
vn 0.944016 -0.010152 0.329744
vn 0.944112 0.008478 0.329515
vn 0.924128 0.008204 0.381994
vn 0.110303 -0.125990 -0.985880
vn 0.054706 -0.127868 -0.990281
vn 0.055843 -0.058621 -0.996717
vn -0.110137 0.008434 -0.993881
vn -0.054507 0.008434 -0.998478
vn -0.054743 0.009589 -0.998454
vn -0.332000 0.008434 0.943242
vn -0.384114 0.008434 0.923247
vn -0.383893 0.009588 0.923328
vn -0.004238 -0.999985 -0.003514
vn -0.002294 -0.999985 -0.005004
vn 0.002192 -0.999986 0.004860
vn -0.846342 -0.010562 0.532534
vn 0.222385 0.093525 -0.970463
vn 0.167778 0.097527 -0.980989
vn 0.164121 0.187803 -0.968398
vn 0.272962 -0.005202 -0.962011
vn 0.306137 0.002152 -0.951985
vn 0.308587 -0.001642 -0.951195
vn -0.306563 0.002512 -0.951847
vn -0.276282 -0.009992 -0.961025
vn -0.264229 -0.000069 -0.964460
vn 0.263088 0.000050 -0.964772
vn 0.993470 0.008433 0.113785
vn 0.985573 0.008435 0.169041
vn 0.985603 0.009591 0.168806
vn 0.057992 0.997786 0.032563
vn -0.000000 1.000000 0.000000
vn 0.089232 0.992969 0.077781
vn -0.382282 0.009590 -0.923996
vn -0.433078 0.009589 -0.901305
vn -0.432870 0.008434 -0.901417
vn 0.222557 0.008311 0.974884
vn 0.277385 -0.010309 0.960703
vn 0.277470 0.008303 0.960698
vn -0.961019 0.008255 -0.276359
vn -0.974816 -0.010127 -0.222782
vn -0.974903 0.008306 -0.222474
vn 0.993486 0.009588 0.113548
vn 0.961003 0.008252 -0.276416
vn 0.961019 -0.010658 -0.276278
vn 0.944111 -0.009978 -0.329478
vn -0.120494 -0.979213 0.163165
vn -0.082702 -0.978686 0.187972
vn -0.120874 -0.971552 0.203658
vn -0.578838 0.009590 0.815386
vn -0.532128 0.009590 0.846610
vn -0.532337 0.008434 0.846490
vn 0.900921 0.008275 -0.433904
vn 0.874922 -0.010256 -0.484154
vn 0.874869 0.008313 -0.484288
vn 0.005578 -0.999984 -0.001301
vn 0.004209 -0.999986 -0.003237
vn -0.707622 0.008224 -0.706544
vn -0.707505 -0.010679 -0.706627
vn -0.745784 -0.010186 -0.666110
vn 0.055977 0.992971 -0.104282
vn 0.018838 0.997786 -0.063787
vn -0.944454 0.008434 0.328535
vn -0.961315 0.008434 0.275322
vn -0.961239 0.009589 0.275548
vn -0.166854 0.008263 0.985947
vn -0.166967 -0.010566 0.985906
vn -0.111394 -0.010188 0.993724
vn 0.000093 -0.999985 -0.005513
vn 0.002447 -0.999985 -0.004862
vn -0.313524 -0.065361 0.947328
vn -0.565369 -0.058949 0.822729
vn -0.567941 -0.016605 0.822902
vn -0.313746 0.090806 -0.945155
vn -0.127024 0.095550 -0.987287
vn -0.127795 0.036889 -0.991114
vn 0.000007 -0.997244 0.074194
vn 0.150048 -0.985961 0.073258
vn 0.147696 -0.989030 -0.002490
vn -0.000051 0.999058 0.043394
vn -0.147689 0.988088 0.043234
vn -0.142022 0.983000 0.116369
vn 0.825418 0.019717 0.564178
vn 0.572625 0.024325 0.819457
vn 0.579963 0.078073 0.810893
vn -0.000108 -0.838462 -0.544961
vn -0.147316 -0.829031 -0.539449
vn -0.148484 -0.721528 -0.676277
vn 0.852897 0.231638 0.467879
vn 0.611458 0.337880 0.715511
vn 0.617272 0.430812 0.658313
vn 0.127918 0.036920 -0.991097
vn 0.000061 0.037397 -0.999300
vn 0.000069 0.096486 -0.995334
vn 0.977341 0.211109 0.015439
vn 0.999540 -0.003699 0.030098
vn 0.999962 -0.004855 0.007293
vn 0.329479 0.012308 -0.944083
vn 0.313696 -0.014857 -0.949407
vn 0.440308 -0.065543 -0.895451
vn 0.057994 0.002953 -0.998313
vn 0.001286 0.002816 -0.999995
vn -0.001840 -0.011475 -0.999932
vn -0.618285 0.782783 -0.070525
vn -0.634971 0.760307 -0.136910
vn -0.358505 0.914614 -0.186963
vn -0.465902 -0.000094 -0.884837
vn -0.524452 -0.008116 -0.851401
vn -0.523779 0.007161 -0.851824
vn 0.666139 0.009589 0.745766
vn 0.706973 0.009590 0.707175
vn 0.706812 0.008433 0.707351
vn 0.304578 -0.016853 -0.952338
vn 0.320528 0.004747 -0.947227
vn 0.313053 -0.005544 -0.949719
vn -0.316365 -0.013036 -0.948548
vn -0.304083 0.012946 -0.952558
vn -0.411853 0.060189 -0.909260
vn 0.971824 0.233379 0.033061
vn 0.968407 0.230192 0.095918
vn 0.999032 0.005972 0.043576
vn -0.998968 0.009299 0.044446
vn -0.971311 0.232539 0.049813
vn -0.971894 0.235144 0.011360
vn -0.483278 0.008256 0.875428
vn -0.434079 -0.009993 0.900819
vn -0.433843 0.008318 0.900950
vn 0.167732 0.009590 -0.985786
vn 0.112102 0.009589 -0.993650
vn 0.112340 0.008433 -0.993634
vn 0.164855 -0.978687 0.122455
vn 0.185886 -0.979213 0.081166
vn 0.202489 -0.971893 0.120093
vn -0.993601 0.008247 -0.112642
vn -0.993561 -0.010659 -0.112797
vn -0.998329 -0.010180 -0.056881
vn 0.530458 0.008436 0.847669
vn 0.482333 0.008433 0.875947
vn 0.482534 0.009588 0.875825
vn -0.005173 0.992970 0.118256
vn 0.010701 0.997786 0.065644
vn -0.046623 0.992972 -0.108781
vn -0.038125 0.997786 -0.054499
vn -0.814626 0.008434 -0.579925
vn 0.116433 0.992971 -0.021252
vn 0.061617 0.997786 -0.025043
vn 0.746657 0.008434 -0.665156
vn -0.176008 0.979956 0.093312
vn -0.164510 0.979937 0.112516
vn -0.446040 0.843481 0.299312
vn -0.998295 0.009590 -0.057570
vn -0.999954 0.009591 -0.000871
vn -0.999964 0.008435 -0.001109
vn -0.446154 -0.063583 -0.892695
vn -0.349613 -0.135205 -0.927087
vn -0.251948 -0.034991 -0.967108
vn -0.970717 -0.240207 0.002880
vn -0.999486 -0.000455 0.032040
vn -0.999974 -0.005015 0.005103
vn 0.973950 -0.226740 0.003209
vn 0.999949 0.005238 0.008580
vn 0.999973 0.000812 -0.007306
vn 0.963959 -0.019475 0.265337
vn 0.966652 0.002269 0.256083
vn 0.662919 0.638055 -0.391694
vn 0.615045 0.638067 -0.463239
vn 0.435179 0.839260 -0.325978
vn 0.623441 0.008266 -0.781826
vn 0.575867 -0.009990 -0.817482
vn 0.576293 0.007866 -0.817205
vn 0.421231 0.466535 0.777759
vn 0.389726 0.468148 0.793065
vn 0.413331 0.304131 0.858290
vn 0.578180 0.008474 0.815866
vn 0.578156 -0.010042 0.815865
vn 0.623473 0.008195 0.781802
vn -0.970233 -0.222304 -0.096063
vn -0.845801 -0.488787 -0.213794
vn -0.842017 -0.520757 -0.140781
vn -0.818987 -0.009998 0.573725
vn -0.965074 -0.014553 0.261574
vn -0.966823 0.015891 0.254952
vn -0.026636 -0.998332 -0.051227
vn -0.046224 -0.998332 -0.034597
vn -0.087890 -0.992442 -0.085645
vn 0.924023 -0.010674 0.382188
vn 0.535323 0.843471 0.044567
vn 0.527012 0.843461 0.104074
vn 0.195891 0.979931 0.036892
vn 0.176008 0.979956 -0.093312
vn 0.164509 0.979937 -0.112514
vn 0.446040 0.843481 -0.299313
vn 0.623587 -0.010401 -0.781685
vn 0.333411 -0.938280 -0.092018
vn 0.321840 -0.939279 -0.119058
vn 0.511493 -0.836631 -0.196018
vn 0.391059 0.843482 0.368253
vn 0.347196 0.843532 0.409768
vn 0.130142 0.979955 0.150833
vn 0.182697 0.979956 0.079429
vn 0.190537 0.979938 0.058465
vn 0.512107 0.843485 0.162110
vn -0.182697 0.979955 -0.079429
vn -0.190538 0.979937 -0.058466
vn -0.512111 0.843482 -0.162110
vn -0.531736 0.843481 0.076141
vn -0.536845 0.843530 0.015959
vn -0.199065 0.979956 0.007707
vn -0.056592 -0.057219 -0.996756
vn 0.000582 -0.086033 -0.996292
vn -0.000255 -0.060685 -0.998157
vn 0.136763 -0.989001 -0.056326
vn 0.343178 -0.937827 -0.052055
vn 0.326134 -0.944856 -0.029721
vn -0.298922 0.843473 -0.446317
vn -0.247212 0.843462 -0.476925
vn -0.093294 0.979931 -0.176155
vn 0.079555 0.979932 -0.182769
vn 0.058624 0.979941 -0.190468
vn 0.162568 0.843472 -0.511982
vn 0.004416 -0.989461 -0.144730
vn -0.134555 -0.979879 -0.147419
vn -0.145069 -0.987365 -0.063759
vn -0.061233 -0.043208 -0.997188
vn 0.971500 0.236476 0.016351
vn 0.843573 0.536012 0.032798
vn 0.850099 0.526606 -0.004158
vn -0.000110 0.992489 0.122331
vn -0.140556 0.982583 0.121548
vn -0.139913 0.989514 0.035871
vn -0.999971 0.000549 -0.007578
vn -0.964862 0.020940 -0.261922
vn -0.963131 0.000285 -0.269034
vn -0.999952 0.006741 -0.007174
vn -0.975417 -0.157628 0.153996
vn -0.976347 -0.186236 0.109831
vn -0.272002 0.843484 0.463194
vn -0.322235 0.843534 0.429669
vn -0.118090 0.979956 0.160440
vn -0.079555 0.979932 0.182768
vn -0.058623 0.979941 0.190469
vn -0.162574 0.843473 0.511979
vn 0.506242 0.304143 0.806980
vn 0.550765 0.304152 0.777271
vn 0.505384 0.466749 0.725763
vn 0.848092 0.466450 0.251325
vn 0.836521 0.468250 0.284561
vn 0.899397 0.304140 0.313980
vn 0.368612 0.843472 -0.390742
vn 0.409954 0.843462 -0.347145
vn 0.150981 0.979931 -0.130153
vn 0.304661 0.670645 -0.676326
vn 0.227245 0.670810 -0.705956
vn 0.322624 0.441118 -0.837453
vn -0.483424 -0.010891 0.875318
vn -0.629135 -0.528825 0.569678
vn -0.604196 -0.530073 0.594954
vn -0.660485 -0.358867 0.659525
vn -0.356322 0.006450 -0.934341
vn -0.313630 0.004173 -0.949536
vn -0.320570 -0.005435 -0.947209
vn -0.012161 -0.992442 0.122113
vn -0.034147 -0.992673 0.115907
vn -0.023443 -0.998332 0.052764
vn 0.163902 -0.938280 0.304576
vn 0.187685 -0.939279 0.287278
vn 0.304923 -0.836631 0.455051
vn 0.330982 -0.010088 0.943583
vn 0.330972 0.008303 0.943604
vn -0.961002 0.008254 0.276418
vn -0.974889 0.008307 0.222535
vn -0.974879 -0.010181 0.222504
vn -0.492062 0.833578 0.251041
vn -0.518825 0.832129 0.195913
vn -0.696173 0.647677 0.309608
vn 0.075667 0.843472 0.531818
vn 0.015799 0.843463 0.536955
vn 0.007626 0.979931 0.199190
vn 0.093292 0.979932 0.176153
vn 0.112365 0.979941 0.164589
vn 0.298921 0.843474 0.446317
vn 0.004456 0.993131 0.116923
vn -0.169124 0.035357 -0.984960
vn -0.113587 0.042719 -0.992609
vn -0.124887 0.066735 -0.989924
vn 0.719559 0.638057 0.274075
vn 0.745649 0.638066 0.192038
vn 0.526188 0.839261 0.136993
vn 0.993591 0.008300 -0.112727
vn 0.985751 -0.010309 -0.167898
vn 0.985754 0.008305 -0.167990
vn 0.881233 -0.358868 -0.307638
vn 0.897030 -0.358859 -0.257988
vn 0.814003 -0.528828 -0.240291
vn 0.935923 -0.227104 0.269205
vn 0.919442 -0.227111 0.321008
vn 0.881233 -0.358869 0.307638
vn -0.854865 0.294579 0.427117
vn -0.973707 0.115103 0.196585
vn -0.975323 0.165782 0.145813
vn 0.146952 0.531640 0.834125
vn 0.000298 0.536651 0.843804
vn 0.000339 0.659587 0.751628
vn -0.815307 0.008545 -0.578967
vn -0.815259 -0.010141 -0.579008
vn -0.846305 0.008167 -0.532637
vn -0.507571 0.839280 -0.194887
vn -0.482461 0.839241 -0.250812
vn -0.684197 0.637930 -0.353440
vn -0.874905 0.008265 -0.484224
vn -0.874751 -0.010538 -0.484458
vn -0.900844 -0.010195 -0.434022
vn -0.545890 -0.836630 -0.045323
vn -0.537443 -0.836611 -0.106004
vn -0.340317 -0.938281 -0.061754
vn -0.375791 -0.836630 0.398536
vn -0.417969 -0.836610 0.354097
vn -0.260465 -0.938281 0.227568
vn -0.341626 -0.939278 -0.032374
vn -0.007624 0.979931 -0.199192
vn -0.029824 0.979941 -0.197041
vn -0.075670 0.843472 -0.531817
vn -0.277401 0.008259 0.960719
vn -0.222647 -0.010066 0.974847
vn -0.222485 0.008326 0.974901
vn 0.972800 -0.124470 0.195363
vn 0.999949 0.003525 -0.009415
vn 0.999928 0.005572 -0.010619
vn 0.000013 0.867321 -0.497749
vn 0.153266 0.857063 -0.491887
vn 0.151029 0.761846 -0.629905
vn -0.000145 -0.066994 0.997753
vn -0.126788 -0.066843 0.989675
vn -0.128145 -0.016941 0.991611
vn 0.975306 -0.155671 0.156665
vn 0.999990 -0.000914 -0.004369
vn 0.963010 0.002241 -0.269456
vn 0.964406 0.020907 -0.263597
vn -0.145402 -0.468477 -0.871429
vn -0.000093 -0.473545 -0.880770
vn -0.000128 -0.607935 -0.793987
vn -0.843587 -0.535667 -0.037699
vn -0.968971 -0.245531 -0.028455
vn 0.123980 -0.992043 -0.021923
vn -0.001356 -0.999744 -0.022590
vn -0.000381 -0.998462 -0.055443
vn -0.476748 0.843534 0.247308
vn -0.875298 0.009589 0.483490
vn -0.846761 0.009590 0.531886
vn -0.846897 0.008435 0.531690
vn -0.206244 0.951540 0.228111
vn -0.044650 0.997786 0.049294
vn -0.095684 0.992971 0.069661
vn -0.708379 0.008434 0.705782
vn -0.746656 0.008434 0.665157
vn -0.746492 0.009588 0.665326
vn 0.268284 0.951541 0.150312
vn 0.845717 0.008434 0.533565
vn 0.814627 0.008434 0.579925
vn 0.814755 0.009589 0.579726
vn -0.993470 0.008435 -0.113784
vn -0.985573 0.008434 -0.169042
vn -0.985603 0.009589 -0.168805
vn -0.306934 0.951541 -0.019023
vn -0.066379 0.997786 -0.004173
vn -0.114131 0.992970 -0.031366
vn -0.176498 0.951541 -0.251831
vn -0.530458 0.008435 -0.847669
vn -0.482333 0.008434 -0.875947
vn -0.482536 0.009588 -0.875824
vn 0.110136 0.008434 0.993881
vn 0.054508 0.008434 0.998478
vn 0.054745 0.009589 0.998454
vn 0.049753 0.951540 0.303472
vn 0.944454 0.008433 -0.328534
vn 0.961315 0.008434 -0.275322
vn 0.961239 0.009589 -0.275548
vn 0.284792 0.951541 -0.116035
vn 0.086846 0.951541 -0.295005
vn 0.331999 0.008434 -0.943242
vn 0.384115 0.008435 -0.923247
vn 0.383891 0.009588 -0.923329
vn 0.525977 -0.123597 -0.841470
vn 0.572820 -0.124456 -0.810178
vn 0.563042 -0.227041 -0.794629
vn 0.295149 -0.690378 -0.660504
vn 0.219567 -0.690381 -0.689321
vn 0.286221 -0.530070 -0.798187
vn -0.511495 -0.836630 0.196018
vn -0.530214 -0.836610 0.137681
vn -0.333412 -0.938280 0.092020
vn -0.961019 -0.010655 0.276275
vn -0.944133 -0.010202 0.329406
vn -0.109680 -0.124666 0.986118
vn -0.164892 -0.124670 0.978401
vn -0.162551 -0.227119 0.960205
vn -0.470718 -0.227103 0.852554
vn -0.517556 -0.227110 0.824959
vn -0.496018 -0.358868 0.790683
vn -0.429340 0.223937 -0.874940
vn -0.432800 0.070629 -0.898719
vn -0.382147 0.070630 -0.921398
vn -0.591574 0.670648 -0.447518
vn -0.643502 0.662959 -0.382611
vn -0.744235 0.441033 -0.501602
vn 0.192497 0.979932 -0.051757
vn 0.185466 0.979941 -0.072924
vn 0.501644 0.843473 -0.192113
vn 0.924412 0.009591 -0.381275
vn 0.901305 0.009590 -0.433079
vn 0.901417 0.008435 -0.432869
vn -0.382760 0.654856 -0.651658
vn -0.307907 0.654848 -0.690194
vn -0.389725 0.468151 -0.793063
vn -0.111101 0.102248 -0.988535
vn -0.166665 0.098457 -0.981086
vn -0.164219 0.188142 -0.968315
vn 0.570359 -0.529030 0.628345
vn 0.595815 -0.530049 0.603368
vn 0.660485 -0.358869 0.659525
vn 0.862561 -0.358879 0.356644
vn 0.786506 -0.529028 0.318649
vn 0.308919 -0.358869 0.880785
vn 0.258962 -0.358879 0.896741
vn 0.241248 -0.529029 0.813589
vn -0.135647 -0.529030 0.837691
vn -0.100248 -0.530050 0.842020
vn -0.103832 -0.358869 0.927595
vn -0.844343 0.289911 -0.450596
vn -0.969743 0.131636 -0.205598
vn -0.971249 0.169107 -0.167568
vn -0.150911 0.761896 -0.629873
vn -0.362765 0.717915 -0.594138
vn -0.367408 0.806596 -0.463050
vn -0.373106 -0.225910 -0.899865
vn -0.323188 -0.228979 -0.918215
vn -0.308919 -0.358868 -0.880785
vn -0.451127 -0.358858 -0.817132
vn -0.496018 -0.358869 -0.790683
vn -0.517507 -0.227052 -0.825005
vn -0.164855 -0.978687 -0.122456
vn -0.185886 -0.979213 -0.081165
vn -0.202491 -0.971892 -0.120094
vn -0.220143 -0.971893 0.083436
vn -0.207893 -0.976732 0.052676
vn -0.198526 -0.978686 0.052539
vn 0.152726 -0.970589 0.186094
vn 0.000039 -0.982114 0.188285
vn 0.000012 -0.939890 0.341478
vn 0.151436 -0.739053 0.656405
vn 0.365791 -0.696512 0.617307
vn 0.372513 -0.798563 0.472790
vn -0.163901 -0.938281 -0.304574
vn -0.187686 -0.939280 -0.287276
vn -0.304923 -0.836631 -0.455050
vn -0.472165 -0.836633 -0.277680
vn -0.438228 -0.836609 -0.328696
vn -0.279822 -0.938280 -0.203301
vn -0.167733 0.009590 0.985786
vn -0.112102 0.009589 0.993650
vn -0.112341 0.008434 0.993634
vn -0.044092 0.843482 0.535344
vn -0.103901 0.843533 0.526932
vn -0.036783 0.979956 0.195789
vn -0.806243 0.304142 0.507415
vn -0.776677 0.304131 0.551614
vn -0.725272 0.466446 0.506368
vn -0.433742 0.466452 0.770902
vn -0.463569 0.468249 0.752227
vn -0.506242 0.304142 0.806980
vn 0.967663 -0.227111 0.109772
vn 0.972298 -0.227119 0.055250
vn 0.990641 -0.124670 0.055562
vn 0.998336 -0.010286 0.056745
vn 0.993606 0.008257 0.112603
vn 0.993572 -0.010333 0.112733
vn 0.111056 -0.010298 0.993761
vn 0.111264 0.008274 0.993756
vn 0.055636 0.008266 0.998417
vn -0.056305 0.466448 0.882755
vn -0.091282 0.468248 0.878869
vn -0.105972 0.304142 0.946714
vn -0.141141 -0.325987 -0.934779
vn -0.565747 0.029285 -0.824059
vn -0.824271 0.020892 -0.565810
vn -0.820333 0.052224 -0.569496
vn -0.899397 0.304142 -0.313979
vn -0.915518 0.304135 -0.263305
vn -0.848091 0.466453 -0.251324
vn -0.946560 0.304140 0.107348
vn -0.939097 0.304135 0.159997
vn -0.873151 0.466448 0.141537
vn 0.846297 -0.010203 -0.532614
vn 0.846297 0.008293 -0.532646
vn 0.660485 -0.358868 -0.659525
vn 0.696260 -0.358858 -0.621646
vn 0.629134 -0.528826 -0.569678
vn -0.000099 0.032424 0.999474
vn -0.130227 0.031846 0.990973
vn -0.133027 0.096144 0.986438
vn -0.146175 0.531832 0.834139
vn -0.354821 0.505985 0.786182
vn -0.358407 0.620010 0.697948
vn 0.858284 0.304153 -0.413328
vn 0.833467 0.304151 -0.461329
vn 0.777346 0.466491 -0.422042
vn 0.946559 0.304143 -0.107348
vn 0.939097 0.304134 -0.159998
vn 0.873151 0.466449 -0.141537
vn 0.674098 0.304143 0.673119
vn 0.710610 0.304134 0.634458
vn 0.655059 0.466448 0.594410
vn 0.745967 0.008533 0.665928
vn 0.745886 -0.010272 0.665995
vn 0.781800 0.008196 0.623475
vn 0.162141 -0.971892 -0.170691
vn 0.164451 -0.976732 -0.137661
vn 0.156069 -0.978687 -0.133473
vn 0.082702 -0.978687 -0.187971
vn 0.037767 -0.979213 -0.199286
vn 0.072025 -0.971892 -0.224138
vn 0.969933 -0.242998 -0.013473
vn 0.850782 -0.310624 -0.423890
vn 0.614197 -0.475943 -0.629475
vn 0.607730 -0.372798 -0.701203
vn 0.355793 0.621483 -0.697976
vn 0.614489 0.523023 -0.590635
vn 0.603189 0.434867 -0.668621
vn 0.313901 0.090897 -0.945095
vn 0.564417 0.077876 -0.821808
vn 0.565785 0.029426 -0.824027
vn -0.414160 0.298404 -0.859899
vn -0.459455 0.303036 -0.834908
vn -0.421232 0.466537 -0.777758
vn -0.695230 0.468146 -0.545431
vn -0.655057 0.466452 -0.594409
vn -0.710609 0.304134 -0.634458
vn 0.140537 -0.690306 -0.709737
vn 0.059966 -0.690360 -0.720977
vn 0.100246 -0.530052 -0.842019
vn -0.077288 -0.836632 -0.542286
vn -0.016242 -0.836609 -0.547560
vn -0.015524 -0.938282 -0.345524
vn -0.355737 -0.584673 0.729115
vn -0.618038 -0.494867 0.610849
vn -0.604775 -0.397821 0.689917
vn -0.999946 0.002658 -0.010046
vn 0.635227 0.304151 -0.709915
vn 0.593950 0.304157 -0.744790
vn 0.545319 0.468186 -0.695290
vn 0.252323 0.466751 -0.847630
vn 0.285736 0.468206 -0.836145
vn 0.314783 0.299251 -0.900756
vn -0.015804 0.843462 -0.536956
vn -0.166015 0.009589 -0.986077
vn -0.221661 0.009589 -0.975077
vn -0.221431 0.008434 -0.975140
vn 0.175142 0.009887 -0.984494
vn 0.119204 0.011965 -0.992798
vn 0.119067 -0.012952 -0.992802
vn 0.346217 0.932986 -0.098338
vn 0.612170 0.788103 -0.064352
vn 0.603983 0.796909 -0.011827
vn 0.032358 -0.971893 0.233190
vn 0.005093 -0.976732 0.214403
vn 0.007046 -0.978686 0.205240
vn 0.130332 -0.971892 0.196060
vn 0.097616 -0.976732 0.190960
vn 0.095398 -0.978687 0.181856
vn -0.622647 0.626605 0.468698
vn -0.858065 0.417854 0.298535
vn -0.855570 0.467075 0.223253
vn -0.595380 0.803256 0.017389
vn -0.340579 0.939320 0.041031
vn -0.340728 0.932979 0.115998
vn -0.993486 0.009590 -0.113547
vn -0.490603 0.843532 -0.218548
vn 0.194537 -0.530025 -0.825366
vn 0.229701 -0.528858 -0.817035
vn 0.314037 0.003805 -0.949403
vn 0.614661 -0.781190 -0.109246
vn 0.604205 -0.772453 -0.195582
vn 0.333363 -0.911169 -0.242158
vn 0.059099 -0.013895 -0.998155
vn 0.923747 0.009590 0.382883
vn 0.943792 0.009589 0.330401
vn 0.943723 0.008434 0.330628
vn 0.490602 0.843532 0.218550
vn -0.238310 -0.939279 0.246906
vn -0.044834 -0.836602 0.545973
vn -0.105848 -0.836597 0.537496
vn -0.061608 -0.938224 0.340499
vn 0.050587 0.954424 -0.294135
vn 0.129393 0.763523 -0.632684
vn 0.074444 0.739432 -0.669103
vn 0.167968 0.008435 -0.985756
vn 0.276367 0.008434 0.961015
vn 0.082044 0.954424 0.286956
vn 0.157933 0.763523 0.626170
vn 0.223241 0.739432 0.635141
vn 0.923664 0.008433 0.383111
vn 0.275506 0.954423 0.114770
vn 0.588029 0.763523 0.266935
vn 0.635761 0.739433 0.221466
vn -0.173197 0.954424 0.243058
vn -0.391090 0.763523 0.513888
vn -0.357385 0.739431 0.570542
vn -0.579038 0.008435 0.815257
vn -0.198425 0.954424 -0.222941
vn -0.413978 0.763523 -0.495636
vn -0.476711 0.739432 -0.475381
vn -0.706812 0.008435 -0.707351
vn -0.665969 0.008434 -0.745932
vn -0.666139 0.009590 -0.745766
vn 0.846897 0.008434 -0.531690
vn 0.875422 0.008435 -0.483285
vn 0.875298 0.009589 -0.483488
vn 0.261506 0.954424 -0.143841
vn 0.575328 0.763523 -0.293309
vn 0.569540 0.739432 -0.358976
vn -0.993719 0.008435 0.111582
vn -0.998418 0.008434 0.055593
vn -0.998394 0.009589 0.055830
vn -0.298017 0.954424 0.016133
vn -0.645615 0.763523 0.014637
vn -0.668892 0.739432 0.076313
vn 0.630213 0.468249 0.619334
vn -0.160488 0.979931 -0.118233
vn -0.172650 0.979941 -0.099537
vn -0.462970 0.843472 -0.272421
vn -0.315286 0.304142 0.898940
vn -0.264299 0.304153 0.915225
vn -0.252323 0.466750 0.847630
vn -0.460426 0.304135 0.833972
vn 0.198525 -0.978687 -0.052540
vn 0.179356 -0.979213 -0.094725
vn 0.220146 -0.971892 -0.083437
vn 0.234545 -0.971892 0.020344
vn 0.210160 -0.976732 0.042743
vn 0.201662 -0.978686 0.038800
vn 0.522310 -0.836601 0.165201
vn 0.500466 -0.836598 0.222793
vn 0.318252 -0.938224 0.135832
vn 0.530214 -0.836610 -0.137685
vn 0.702594 -0.124663 0.700586
vn 0.662137 -0.124669 0.738940
vn 0.649370 -0.227119 0.725766
vn 0.373066 -0.227104 0.899581
vn 0.322289 -0.227112 0.918994
vn -0.109472 0.189089 -0.975839
vn -0.054725 0.189702 -0.980315
vn -0.055240 0.104833 -0.992954
vn 0.029825 0.979942 0.197040
vn -0.999966 0.008267 0.000042
vn -0.998359 0.008332 -0.056659
vn -0.946560 0.304140 -0.107348
vn -0.951092 0.304149 -0.054016
vn -0.882524 0.466753 -0.057382
vn 0.853569 0.520763 0.015032
vn 0.618490 0.784555 0.044090
vn 0.620061 0.777483 0.105097
vn 0.367724 0.872943 -0.320545
vn 0.153361 0.927597 -0.340654
vn 0.151713 0.968205 -0.198903
vn 0.413752 0.441195 -0.796340
vn 0.499337 0.441022 -0.745763
vn 0.377995 0.670741 -0.638142
vn 0.578840 0.009590 -0.815385
vn 0.532131 0.009589 -0.846608
vn 0.532337 0.008434 -0.846491
vn -0.920132 -0.358861 -0.156767
vn -0.927443 -0.358870 -0.105178
vn -0.967663 -0.227111 -0.109770
vn -0.868430 -0.124671 -0.479882
vn -0.840108 -0.124666 -0.527899
vn -0.824206 -0.227107 -0.518755
vn -0.308859 0.001022 -0.951107
vn -0.854436 -0.519414 -0.012184
vn -0.618404 -0.785480 -0.024439
vn -0.610839 -0.784299 -0.108397
vn 0.998360 0.008402 0.056637
vn 0.946559 0.304141 0.107348
vn 0.951092 0.304149 0.054014
vn 0.882527 0.466747 0.057382
vn 0.530653 0.009589 0.847535
vn 0.338821 0.670647 0.659873
vn 0.413763 0.662963 0.623923
vn 0.452894 0.441037 0.774838
vn -0.696260 -0.358858 0.621646
vn -0.623492 -0.010350 0.781761
vn -0.623454 0.008249 0.781816
vn -0.666810 -0.010273 0.745157
vn -0.745896 0.008254 0.666012
vn -0.707683 -0.010247 0.706456
vn -0.707549 0.008295 0.706615
vn -0.674098 0.304144 0.673118
vn -0.635227 0.304152 0.709915
vn -0.595110 0.466748 0.654210
vn -0.130331 -0.971893 -0.196058
vn -0.097616 -0.976732 -0.190960
vn -0.095398 -0.978687 -0.181857
vn -0.032358 -0.971893 -0.233190
vn -0.005094 -0.976732 -0.214402
vn -0.007046 -0.978687 -0.205239
vn -0.628288 0.730441 -0.267788
vn -0.860155 0.480212 -0.171843
vn -0.857458 0.503865 -0.104337
vn -0.617797 0.785174 0.042757
vn -0.852621 0.522416 0.010905
vn -0.850721 0.519556 0.079593
vn -0.967167 -0.124659 0.221467
vn -0.977988 -0.124658 0.167332
vn -0.960042 -0.227103 0.163536
vn -0.972298 -0.227120 -0.055249
vn 0.238486 0.466490 0.851770
vn 0.203598 0.468188 0.859853
vn 0.211979 0.304154 0.928738
vn 0.104718 0.839238 0.533585
vn 0.044156 0.839247 0.541955
vn 0.064499 0.638038 0.767299
vn -0.740592 -0.124663 -0.660290
vn -0.702594 -0.124663 -0.700586
vn -0.689108 -0.227111 -0.688150
vn -0.793978 -0.227102 -0.563936
vn -0.971269 -0.138973 -0.193193
vn -0.999952 -0.006431 -0.007437
vn -0.999956 -0.002833 -0.008953
vn -0.839804 -0.174800 -0.513979
vn -0.968597 -0.076664 -0.236522
vn -0.967413 -0.049414 -0.248333
vn 0.877147 0.468246 -0.106573
vn 0.883480 0.466493 -0.042969
vn 0.951091 0.304152 -0.054015
vn -0.197037 0.979937 0.029996
vn 0.375789 -0.836631 -0.398536
vn 0.417968 -0.836610 -0.354100
vn 0.260467 -0.938280 -0.227567
vn 0.165659 -0.836631 -0.522116
vn 0.222944 -0.836610 -0.500380
vn 0.135934 -0.938280 -0.318045
vn 0.576550 0.231774 -0.783499
vn 0.324012 0.270938 -0.906427
vn 0.334832 0.390600 -0.857508
vn -0.334513 0.390599 -0.857633
vn -0.136987 0.411447 -0.901080
vn -0.131729 0.284633 -0.949543
vn 0.725270 0.466450 -0.506366
vn 0.744041 0.468247 -0.476599
vn 0.806244 0.304139 -0.507415
vn 0.745870 0.008552 -0.666037
vn 0.745930 -0.010241 -0.665945
vn 0.707601 0.008178 -0.706565
vn 0.319889 -0.222586 0.920938
vn 0.129294 -0.230974 0.964331
vn 0.126675 -0.135201 0.982687
vn 0.567922 -0.016860 0.822910
vn 0.821815 -0.015381 0.569546
vn 0.823006 -0.043180 0.566389
vn 0.852963 0.515131 0.084231
vn 0.223686 0.026052 -0.974313
vn 0.186315 0.055613 -0.980915
vn 0.169870 0.035950 -0.984811
vn -0.229426 0.014632 -0.973216
vn -0.177896 -0.011635 -0.983980
vn -0.175194 0.010391 -0.984479
vn -0.329366 -0.006171 -0.944182
vn -0.281200 -0.003287 -0.959643
vn -0.179355 -0.979213 0.094725
vn -0.005305 -0.999985 0.001076
vn -0.005354 -0.999985 -0.001338
vn -0.575354 -0.196012 0.794070
vn -0.320445 -0.222579 0.920746
vn -0.331060 -0.336642 0.881517
vn 0.343506 -0.464076 0.816478
vn 0.140548 -0.487406 0.861790
vn 0.134245 -0.351310 0.926585
vn -0.315486 0.019057 -0.948739
vn -0.857182 0.443236 -0.262261
vn -0.871011 0.489335 -0.043494
vn -0.962707 0.194066 -0.188505
vn -0.789962 -0.358869 0.497166
vn -0.816634 -0.358879 0.452013
vn -0.739508 -0.529031 0.416239
vn -0.814005 -0.528825 0.240290
vn -0.802502 -0.530073 0.273885
vn -0.881234 -0.358867 0.307638
vn 0.198742 0.979941 0.014771
vn -0.870712 0.466531 -0.155593
vn -0.863029 0.468154 -0.189769
vn -0.928746 0.304131 -0.211980
vn 0.142047 -0.955027 -0.260282
vn 0.000011 -0.964811 -0.262946
vn -0.000051 -0.917602 -0.397501
vn 0.606637 -0.728947 -0.317220
vn 0.846145 -0.488801 -0.212397
vn 0.842507 -0.519410 -0.142813
vn 0.789961 -0.358869 -0.497166
vn 0.816634 -0.358878 -0.452012
vn 0.739507 -0.529031 -0.416239
vn 0.802503 -0.530072 -0.273884
vn 0.853926 -0.520378 0.004157
vn 0.843857 -0.536245 -0.018637
vn 0.973267 -0.228528 0.022918
vn 0.358239 -0.133365 -0.924055
vn 0.847032 -0.247593 -0.470356
vn 0.000053 -0.020057 -0.999799
vn 0.129676 -0.020075 -0.991353
vn 0.132477 -0.094804 -0.986642
vn 0.815287 0.008263 0.578998
vn 0.815183 -0.010643 0.579105
vn 0.846195 -0.010219 0.532775
vn 0.789962 -0.358868 0.497166
vn 0.760992 -0.358858 0.540474
vn 0.695391 -0.528825 0.486596
vn -0.967336 0.098298 -0.233664
vn -0.834986 0.222432 -0.503311
vn -0.827106 0.155668 -0.540059
vn -0.323717 0.270862 -0.906554
vn 0.146806 0.893128 0.425171
vn 0.000131 0.902523 0.430641
vn -0.000027 0.966903 0.255143
vn 0.985895 0.009589 -0.167088
vn 0.975076 0.009588 -0.221662
vn 0.975140 0.008433 -0.221431
vn 0.718724 0.670646 -0.183492
vn 0.693616 0.670818 -0.262487
vn 0.855900 0.441121 -0.269904
vn -0.501642 0.843473 0.192114
vn -0.519978 0.843462 0.134890
vn -0.192495 0.979932 0.051755
vn -0.985895 0.009588 0.167087
vn -0.975077 0.009589 0.221661
vn -0.975139 0.008434 0.221431
vn -0.666814 0.008364 -0.745177
vn -0.666782 -0.010152 -0.745184
vn -0.593950 0.304157 -0.744790
vn -0.635227 0.304152 -0.709914
vn -0.584435 0.466494 -0.663942
vn 0.055528 -0.010515 0.998402
vn 0.103832 -0.358869 0.927595
vn 0.051912 -0.358859 0.931947
vn 0.053133 -0.528825 0.847066
vn -0.684304 0.441196 -0.580581
vn -0.615290 0.441024 -0.653389
vn -0.538030 0.670742 -0.510518
vn -0.706973 0.009590 -0.707175
vn -0.000846 -0.128305 -0.991734
vn -0.155765 -0.358879 -0.920295
vn -0.207697 -0.358881 -0.909981
vn -0.215871 -0.226595 -0.949765
vn 0.999949 -0.002438 -0.009796
vn 0.973010 0.090359 0.212338
vn 0.974851 0.144946 0.169280
vn 0.967416 -0.049278 -0.248352
vn 0.999966 0.000132 -0.008205
vn -0.165657 -0.836631 0.522117
vn -0.222940 -0.836610 0.500381
vn -0.135935 -0.938280 0.318044
vn -0.357586 -0.358860 0.862179
vn -0.308918 -0.358869 0.880785
vn -0.322344 -0.227111 0.918975
vn -0.575898 -0.009805 -0.817463
vn -0.575607 0.008124 -0.817686
vn -0.563025 -0.227124 -0.794618
vn -0.851993 0.466532 0.237604
vn -0.859903 0.468149 0.203479
vn -0.928747 0.304129 0.211979
vn -0.924076 0.008280 0.382119
vn -0.900944 -0.010304 0.433813
vn -0.900921 0.008311 0.433903
vn -0.252213 -0.836610 -0.486285
vn -0.044456 -0.939278 -0.340264
vn -0.018958 0.670649 -0.741533
vn -0.101563 0.670811 -0.734641
vn -0.072682 0.441123 -0.894499
vn 0.101244 0.223823 -0.969357
vn 0.110964 0.070634 -0.991311
vn 0.166464 0.070638 -0.983514
vn -0.865373 0.130873 0.483737
vn -0.829985 0.299678 0.470445
vn -0.862269 0.292251 0.413620
vn -0.885783 0.301032 0.353225
vn -0.918017 0.131893 0.373964
vn -0.893789 0.128404 0.429714
vn 0.541473 0.301030 0.784977
vn 0.568865 0.131893 0.811786
vn 0.617827 0.128403 0.775759
vn 0.664172 0.130871 0.736035
vn 0.643340 0.299676 0.704492
vn 0.595123 0.292250 0.748611
vn -0.917752 0.130873 -0.374971
vn -0.885296 0.299676 -0.355592
vn -0.860997 0.292251 -0.416260
vn -0.828439 0.301030 -0.472302
vn -0.864751 0.131894 -0.484572
vn -0.893232 0.128405 -0.430869
vn -0.279045 0.130874 -0.951318
vn -0.273962 0.299678 -0.913859
vn -0.211378 0.292251 -0.932689
vn -0.147263 0.301031 -0.942175
vn -0.160309 0.131894 -0.978215
vn -0.220054 0.128405 -0.967000
vn -0.161351 0.130873 0.978181
vn -0.149680 0.299676 0.942226
vn -0.214233 0.292251 0.932037
vn -0.276114 0.301030 0.912766
vn -0.279997 0.131893 0.950897
vn -0.221303 0.128405 0.966715
vn 0.989560 0.130874 -0.060361
vn 0.951909 0.299676 -0.063740
vn 0.956341 0.292250 0.001465
vn 0.951322 0.301030 0.066084
vn 0.989361 0.131894 0.061383
vn 0.991722 0.128404 0.000642
vn 0.644805 0.301031 -0.702571
vn 0.664848 0.131893 -0.735242
vn 0.618830 0.128405 -0.774959
vn 0.569789 0.130873 -0.811303
vn 0.543673 0.299676 -0.783973
vn 0.597414 0.292252 -0.746783
vn -0.372614 -0.872225 0.316833
vn -0.154861 -0.928577 0.337288
vn -0.152619 -0.970615 0.186049
vn -0.631551 -0.761244 0.147144
vn -0.862424 -0.497520 0.093274
vn -0.867494 -0.466428 0.172913
vn -0.955781 0.103071 -0.275427
vn -0.938924 0.103072 -0.328327
vn -0.943317 0.039344 -0.329552
vn -0.900953 0.008315 -0.433836
vn -0.368610 0.843473 0.390742
vn -0.409958 0.843463 0.347139
vn -0.150975 0.979932 0.130151
vn -0.708204 0.009589 0.705943
vn 0.409573 0.000262 -0.912278
vn 0.357084 -0.002688 -0.934068
vn 0.355141 0.003424 -0.934807
vn 0.325822 0.160870 -0.931644
vn 0.377815 0.189633 -0.906253
vn 0.379541 0.094426 -0.920344
vn 0.315286 0.304141 0.898940
vn 0.364956 0.304134 0.879948
vn 0.332284 0.466449 0.819764
vn 0.383120 0.008251 0.923662
vn 0.433646 -0.009983 0.901028
vn 0.433894 0.008326 0.900925
vn 0.920133 -0.358859 0.156768
vn 0.927443 -0.358869 0.105180
vn 0.545890 -0.836630 0.045323
vn 0.537445 -0.836610 0.106005
vn 0.340316 -0.938281 0.061754
vn -0.612445 0.783789 0.102890
vn -0.351259 0.929440 0.112950
vn -0.356617 0.933285 0.042464
vn -0.246515 0.029020 -0.968704
vn -0.187286 0.053739 -0.980834
vn -0.269799 0.196682 -0.942616
vn 0.866961 -0.427416 0.256307
vn 0.637529 -0.663384 0.391764
vn 0.629977 -0.582739 0.513366
vn 0.618127 -0.785768 -0.022059
vn 0.356882 -0.934146 0.002363
vn 0.360943 -0.930098 0.068103
vn -0.000588 0.977618 -0.210385
vn -0.000285 0.934812 -0.355142
vn 0.141344 0.924742 -0.353375
vn -0.004793 0.993265 -0.115766
vn 0.136349 0.984163 -0.113284
vn 0.139659 0.989697 -0.031548
vn 0.135457 0.979942 -0.146171
vn -0.664528 0.466530 0.583740
vn -0.686459 0.468149 0.556426
vn -0.744797 0.304129 0.593955
vn 0.140581 -0.976915 -0.160855
vn 0.000004 -0.986720 -0.162430
vn -0.590780 -0.806636 -0.017821
vn -0.604812 -0.795299 -0.041256
vn -0.335581 -0.940924 -0.045243
vn 0.483331 0.008255 0.875399
vn 0.483197 -0.010656 0.875447
vn 0.531228 -0.010228 0.847167
vn 0.517505 -0.227111 0.824990
vn 0.563022 -0.227119 0.794621
vn 0.574216 -0.124670 0.809156
vn 0.985800 -0.124667 -0.112502
vn 0.990562 -0.124668 -0.056957
vn 0.972302 -0.227118 -0.055191
vn 0.998341 -0.010543 -0.056611
vn 0.998356 0.008256 -0.056729
vn 0.999948 -0.010232 0.000007
vn -0.825737 -0.015340 -0.563847
vn -0.569555 -0.017614 -0.821764
vn -0.575986 -0.078497 -0.813682
vn -0.000002 -0.199369 -0.979925
vn -0.136441 -0.197762 -0.970708
vn -0.132441 -0.094881 -0.986639
vn 0.398906 -0.836602 0.375462
vn 0.354238 -0.836596 0.417878
vn 0.227801 -0.938224 0.260467
vn 0.279821 -0.938281 0.203297
vn 0.293745 -0.939279 0.177394
vn 0.472165 -0.836631 0.277684
vn -0.000753 0.373858 0.927486
vn -0.043819 0.150652 0.987615
vn 0.041376 0.174896 0.983717
vn 0.180550 0.448100 0.875561
vn 0.141311 0.192188 0.971131
vn 0.219309 0.194316 0.956109
vn 0.403100 0.373859 -0.835308
vn 0.467990 0.150651 -0.870798
vn 0.389540 0.174896 -0.904251
vn 0.217220 0.448100 -0.867192
vn 0.294039 0.192187 -0.936272
vn 0.217251 0.194316 -0.956579
vn -0.542562 0.448100 -0.710515
vn -0.548676 0.192188 -0.813645
vn -0.612431 0.194318 -0.766270
vn -0.401742 0.373858 -0.835963
vn -0.389031 0.150652 -0.908823
vn -0.464098 0.174896 -0.868346
vn -0.571969 0.448101 0.687064
vn -0.671154 0.192188 0.715972
vn -0.610780 0.194317 0.767586
vn -0.725606 0.373861 0.577689
vn -0.799469 0.150652 0.581509
vn -0.743303 0.174897 0.645687
vn -0.904064 0.373858 -0.207119
vn -0.953103 0.150652 -0.262485
vn -0.968260 0.174896 -0.178558
vn -0.893786 0.448099 -0.018807
vn -0.978228 0.192187 -0.078327
vn -0.980939 0.194315 0.001055
vn 0.813433 0.448101 -0.370854
vn 0.915337 0.192188 -0.353866
vn 0.883337 0.194316 -0.426564
vn 0.904397 0.373862 -0.205651
vn 0.972604 0.150653 -0.177045
vn 0.949847 0.174895 -0.259235
vn 0.797113 0.448100 0.404743
vn 0.847367 0.192189 0.495007
vn 0.884253 0.194318 0.424662
vn 0.724668 0.373859 0.578866
vn 0.744827 0.150652 0.650028
vn 0.794899 0.174899 0.580988
vn 0.781718 0.008230 -0.623578
vn 0.781909 -0.010219 -0.623309
vn 0.726474 -0.227105 -0.648582
vn 0.689151 -0.227112 -0.688107
vn 0.701606 -0.124666 -0.701575
vn 0.400190 -0.001275 -0.916431
vn 0.517514 -0.226800 -0.825070
vn 0.470685 -0.226352 -0.852772
vn 0.477694 -0.121861 -0.870034
vn -0.845936 0.530371 0.055673
vn -0.970957 0.237303 0.030478
vn -0.974377 0.224723 0.009463
vn -0.973674 0.212157 0.083359
vn -0.258245 -0.215406 -0.941759
vn -0.155418 -0.274471 -0.948952
vn -0.121917 -0.078924 -0.989397
vn -0.301502 -0.935203 -0.185721
vn -0.331771 0.009590 0.943311
vn -0.218742 0.843462 0.490636
vn 0.858936 0.442879 -0.257075
vn 0.972960 0.198835 -0.117530
vn 0.971552 0.170714 -0.164143
vn 0.624719 0.765062 -0.156225
vn 0.857453 0.505154 -0.097950
vn 0.859164 0.479784 -0.177890
vn 0.550764 0.304152 -0.777271
vn 0.506242 0.304144 -0.806979
vn 0.463571 0.468245 -0.752229
vn -0.099397 0.979937 0.172751
vn 0.846329 0.008299 0.532596
vn 0.806244 0.304141 0.507414
vn 0.833467 0.304151 0.461329
vn 0.770232 0.466748 0.434613
vn 0.196495 -0.836602 0.511358
vn 0.137847 -0.836597 0.530192
vn 0.092230 -0.938224 0.333509
vn 0.015524 -0.938282 0.345523
vn 0.044455 -0.939279 0.340263
vn 0.077288 -0.836632 0.542286
vn 0.845833 0.009590 0.533361
vn 0.462971 0.843472 0.272419
vn 0.429662 0.843461 0.322435
vn 0.160481 0.979933 0.118227
vn -0.127841 0.976646 -0.172684
vn -0.112549 0.974839 -0.192412
vn -0.306450 0.832131 -0.462219
vn -0.588487 0.638064 -0.496545
vn 0.062683 0.074062 -0.995282
vn 0.000416 0.076586 -0.997063
vn 0.000440 0.050095 -0.998744
vn 0.125790 0.068304 -0.989703
vn 0.114328 0.042824 -0.992520
vn -0.136488 0.184285 0.973350
vn -0.333343 0.175642 0.926301
vn -0.342075 0.279640 0.897099
vn -0.971103 0.075302 0.226471
vn -0.845937 0.164483 0.507283
vn -0.838654 0.103898 0.534663
vn 0.969202 0.223879 0.102592
vn 0.991149 0.070635 0.112406
vn 0.983333 0.070631 0.167536
vn 0.991148 0.070635 -0.112407
vn 0.967582 0.223822 -0.116996
vn 0.959864 0.233153 -0.155887
vn 0.849063 -0.269607 0.454318
vn 0.330386 -0.336550 0.881804
vn 0.207894 -0.976732 -0.052675
vn -0.321840 -0.939279 0.119057
vn -0.293743 -0.939279 -0.177395
vn 0.170801 -0.976732 0.129695
vn 0.238311 -0.939279 -0.246907
vn -0.162141 -0.971892 0.170691
vn -0.164451 -0.976732 0.137660
vn -0.156069 -0.978686 0.133474
vn 0.088436 -0.976732 -0.195381
vn -0.107581 -0.939279 0.325854
vn -0.234545 -0.971892 -0.020343
vn -0.210160 -0.976732 -0.042742
vn -0.201661 -0.978687 -0.038801
vn 0.341624 -0.939279 0.032373
vn 0.901623 0.232885 -0.364473
vn 0.921814 0.070638 -0.381143
vn 0.941765 0.070634 -0.328769
vn 0.685330 0.230269 -0.690868
vn 0.705853 0.070633 -0.704828
vn 0.744082 0.070630 -0.664344
vn 0.054800 0.103068 0.993164
vn -0.000519 0.103066 0.994674
vn -0.000229 0.039335 0.999226
vn -0.111212 0.008280 0.993762
vn -0.960945 -0.010893 -0.276526
vn -0.935923 -0.227103 -0.269205
vn -0.919442 -0.227112 -0.321009
vn -0.881232 -0.358871 -0.307639
vn 0.854545 0.473304 0.213861
vn 0.617151 0.712504 0.333860
vn 0.607397 0.768080 0.202788
vn 0.852512 0.288730 0.435728
vn 0.402182 0.832237 0.381616
vn 0.357218 0.832178 0.424117
vn 0.518698 0.655000 0.549479
vn 0.127381 0.977268 0.169476
vn 0.100517 0.979412 0.175065
vn 0.273307 0.839665 0.469325
vn -0.839645 -0.202128 0.504123
vn -0.969738 -0.093701 0.225450
vn -0.967614 -0.065286 0.243844
vn -0.822226 -0.046363 0.567269
vn -0.404835 0.002104 -0.914388
vn -0.328549 0.157836 -0.931205
vn -0.270464 0.188607 -0.944074
vn -0.274306 0.091873 -0.957244
vn -0.943620 -0.211834 -0.254376
vn -0.975428 -0.220242 -0.005793
vn -0.856084 -0.507302 -0.098820
vn -0.999946 0.005782 0.008648
vn -0.993594 0.008237 0.112709
vn -0.993586 -0.010663 0.112574
vn -0.985774 -0.010202 0.167765
vn -0.973732 -0.048222 0.222532
vn -0.923746 0.009590 -0.382885
vn -0.943792 0.009589 -0.330400
vn -0.943723 0.008435 -0.330628
vn -0.941765 0.070635 -0.328769
vn -0.922524 0.223823 -0.314408
vn -0.932446 0.233145 -0.276020
vn -0.535322 0.843472 -0.044568
vn -0.527012 0.843461 -0.104076
vn -0.195895 0.979931 -0.036892
vn -0.967439 0.230267 -0.105064
vn -0.991149 0.070633 -0.112406
vn -0.983333 0.070631 -0.167536
vn -0.285737 0.468209 0.836143
vn 0.036784 0.979956 -0.195787
vn 0.014602 0.979937 -0.198771
vn 0.044090 0.843482 -0.535345
vn 0.899397 0.304141 -0.313980
vn 0.880340 0.304151 -0.363997
vn 0.820027 0.466747 -0.331215
vn 0.924081 0.008263 -0.382108
vn 0.944081 0.008317 -0.329608
vn -0.041234 0.977267 -0.207964
vn -0.014606 0.979414 -0.201334
vn -0.042609 0.839665 -0.541430
vn -0.299083 0.468253 -0.831438
vn -0.332282 0.466452 -0.819763
vn 0.827067 -0.053047 -0.559594
vn 0.575933 -0.078269 -0.813742
vn 0.569553 -0.017460 -0.821769
vn 0.824241 0.022721 -0.565783
vn 0.820495 0.051820 -0.569301
vn 0.993044 0.103076 0.056918
vn 0.988280 0.103073 0.112602
vn 0.992836 0.039344 0.112824
vn 0.955781 0.103068 0.275425
vn 0.938923 0.103075 0.328329
vn 0.943310 0.039373 0.329570
vn 0.307502 -0.864041 -0.398592
vn -0.115284 -0.794909 -0.595676
vn -0.128174 -0.958515 -0.254600
vn 0.001253 -0.967544 -0.252699
vn 0.110371 0.009590 0.993844
vn 0.110964 0.070634 0.991311
vn 0.115648 0.223878 0.967731
vn 0.154706 0.232895 0.960118
vn -0.811256 0.103071 0.575535
vn -0.842107 0.103072 0.529370
vn -0.845802 0.039338 0.532045
vn -0.923492 0.039339 0.381595
vn -0.900370 0.039349 0.433342
vn -0.896395 0.103077 0.431105
vn -0.578185 -0.010338 0.815840
vn -0.578105 0.008286 0.815921
vn -0.481201 0.103071 0.870530
vn -0.529026 0.103072 0.842322
vn -0.531198 0.039342 0.846334
vn -0.270222 -0.227120 0.935627
vn -0.274607 -0.124670 0.953440
vn -0.277543 -0.010652 0.960654
vn 0.745534 0.039392 -0.665302
vn 0.707214 0.039364 -0.705903
vn 0.704218 0.103067 -0.702463
vn 0.612144 0.189706 -0.767653
vn 0.654688 0.189703 -0.731708
vn 0.663654 0.103077 -0.740904
vn -0.624733 0.765068 -0.156137
vn -0.151766 0.968202 -0.198876
vn -0.000021 0.979555 -0.201176
vn -0.000007 0.938719 -0.344682
vn -0.867753 -0.124669 0.481106
vn -0.839363 -0.124663 0.529083
vn -0.845176 -0.048222 0.532309
vn -0.942925 -0.048189 0.329500
vn -0.959830 -0.048249 0.276403
vn -0.953353 -0.124660 0.274914
vn 0.132261 -0.979213 0.153780
vn 0.004432 -0.999984 0.003624
vn 0.005411 -0.999985 0.001331
vn 0.014644 -0.999823 0.011771
vn 0.364632 0.441195 0.819994
vn 0.270863 0.441023 0.855647
vn 0.263246 0.670742 0.693403
vn 0.276751 0.070637 0.958342
vn 0.262469 0.233175 0.936344
vn 0.329370 0.223828 0.917287
vn 0.016469 0.839262 -0.543477
vn 0.021302 0.638066 -0.769687
vn 0.274805 0.638041 -0.719295
vn 0.192336 0.637925 -0.745693
vn 0.137164 0.839238 -0.526181
vn -0.877148 0.468244 0.106574
vn -0.211923 0.977268 -0.006077
vn -0.199543 0.979412 -0.030566
vn -0.537336 0.839666 -0.078939
vn 0.440381 -0.010319 -0.897752
vn 0.406767 -0.069251 -0.910903
vn 0.691328 -0.146656 -0.707501
vn 0.855212 -0.507670 -0.104323
vn 0.857712 -0.511119 -0.055560
vn 0.975803 -0.218605 -0.004592
vn -0.356108 -0.566660 -0.743023
vn -0.614385 -0.476100 -0.629174
vn -0.607907 -0.373056 -0.700912
vn -0.615526 -0.571867 -0.542306
vn -0.357206 -0.680272 -0.640026
vn -0.354822 -0.782834 -0.511148
vn -0.739661 -0.124660 0.661333
vn -0.701605 -0.124666 0.701576
vn -0.706580 -0.048182 0.705991
vn -0.814174 -0.048183 0.578618
vn 0.054635 0.189691 0.980323
vn 0.163881 0.189703 0.968068
vn 0.109251 0.189697 0.975745
vn 0.110133 0.103071 0.988558
vn -0.154843 -0.850004 0.503504
vn -0.372644 -0.798679 0.472492
vn -0.366143 -0.696663 0.616927
vn -0.134817 -0.351349 0.926487
vn -0.000168 -0.354304 0.935130
vn -0.000155 -0.492148 0.870511
vn 0.132957 0.095979 0.986464
vn 0.325792 0.090980 0.941054
vn 0.319909 0.029382 0.946993
vn 0.144600 0.415444 0.898052
vn 0.970159 0.130787 -0.204170
vn 0.843413 0.289431 -0.452641
vn 0.850629 0.343792 -0.397790
vn -0.354311 0.870058 -0.342729
vn -0.265252 0.052934 -0.962725
vn -0.200886 0.084847 -0.975933
vn 0.321072 -0.228700 -0.919026
vn 0.270536 -0.225175 -0.936006
vn 0.273130 -0.118261 -0.954680
vn 0.108508 -0.227248 -0.967773
vn -0.777344 0.103065 -0.620575
vn -0.810655 0.103067 -0.576382
vn -0.800512 0.189690 -0.568505
vn -0.874131 0.039332 -0.484096
vn -0.900172 0.039339 -0.433754
vn -0.895945 0.103073 -0.432040
vn 0.154120 -0.275938 -0.948739
vn 0.260842 -0.217740 -0.940506
vn 0.185596 -0.062668 -0.980626
vn 0.597661 -0.801623 -0.014219
vn 0.330138 0.070633 -0.941286
vn 0.315687 0.223883 -0.922073
vn 0.277194 0.232892 -0.932161
vn 0.331771 0.009589 -0.943311
vn 0.275863 0.006475 -0.961175
vn 0.831879 0.468204 -0.297930
vn 0.851994 0.466532 -0.237603
vn 0.915518 0.304135 -0.263304
vn 0.541868 0.839277 -0.044643
vn 0.533519 0.839261 -0.104879
vn 0.198383 0.979419 -0.037181
vn -0.340781 -0.929691 -0.139793
vn -0.690328 -0.147679 -0.708265
vn -0.571060 -0.318791 -0.756481
vn -0.334762 -0.147317 -0.930716
vn -0.270863 0.441023 -0.855647
vn -0.172571 0.441049 -0.880736
vn -0.183683 0.670964 -0.718379
vn -0.453594 0.441120 -0.774381
vn -0.364632 0.441196 -0.819994
vn -0.338821 0.670647 -0.659873
vn -0.577691 0.064548 0.813699
vn -0.578041 0.022202 0.815705
vn -0.531363 0.021981 0.846859
vn -0.388129 0.151536 0.909061
vn -0.379923 0.350816 0.855913
vn -0.422549 0.381710 0.822040
vn 0.275990 0.064548 0.958991
vn 0.277342 0.022203 0.960515
vn 0.330802 0.021981 0.943444
vn 0.468738 0.151535 0.870242
vn 0.432303 0.350815 0.830688
vn 0.379241 0.381709 0.842897
vn 0.167432 0.064548 -0.983768
vn 0.166876 0.022202 -0.985728
vn 0.111303 0.021981 -0.993543
vn -0.044734 0.151535 -0.987439
vn -0.029069 0.350816 -0.935993
vn 0.024034 0.381710 -0.923969
vn -0.996360 0.064547 0.055674
vn -0.998147 0.022203 0.056654
vn -0.993400 0.021981 0.112572
vn -0.952728 0.151535 0.263338
vn -0.906058 0.350815 0.236617
vn -0.906152 0.381709 0.182171
vn -0.664750 0.064548 -0.744272
vn -0.666628 0.022202 -0.745059
vn -0.707388 0.021981 -0.706484
vn -0.799902 0.151535 -0.580684
vn -0.749913 0.350816 -0.560854
vn -0.707403 0.381710 -0.594876
vn 0.972636 0.151536 0.176113
vn 0.918994 0.350816 0.179938
vn 0.895455 0.381713 0.229034
vn 0.921846 0.064548 0.382143
vn 0.923880 0.022202 0.382038
vn 0.943866 0.021981 0.329597
vn 0.873532 0.064548 -0.482467
vn 0.874718 0.022203 -0.484124
vn 0.846180 0.021981 -0.532444
vn 0.744119 0.151535 -0.650633
vn 0.713664 0.350817 -0.606309
vn 0.737373 0.381712 -0.557294
vn 0.597928 -0.798852 -0.065709
vn 0.600134 -0.771968 -0.209532
vn -0.008366 -0.999269 -0.037293
vn 0.000148 -0.999270 -0.038198
vn 0.002867 -0.995439 0.095362
vn -0.038793 -0.995439 0.087162
vn -0.018557 -0.995364 0.094370
vn 0.008643 -0.999269 -0.037229
vn -0.606741 -0.728639 -0.317728
vn -0.600173 -0.771791 -0.210075
vn -0.343976 -0.905888 -0.247079
vn -0.340944 -0.927677 -0.152224
vn -0.398908 -0.836602 -0.375460
vn -0.354238 -0.836598 -0.417875
vn -0.227799 -0.938225 -0.260463
vn -0.649370 -0.227116 -0.725766
vn 0.252214 -0.836610 0.486283
vn 0.451127 -0.358859 0.817132
vn 0.496019 -0.358869 0.790682
vn -0.522309 -0.836601 -0.165202
vn -0.500467 -0.836598 -0.222794
vn -0.318253 -0.938224 -0.135833
vn -0.862560 -0.358879 -0.356645
vn -0.941765 0.070633 0.328769
vn -0.917733 0.223879 0.328090
vn -0.901622 0.232887 0.364473
vn -0.820998 0.223823 0.525229
vn -0.844223 0.070634 0.531318
vn -0.872731 0.070638 0.483065
vn -0.998355 0.008344 0.056726
vn -0.998340 -0.010155 0.056697
vn -0.980632 0.103068 0.166548
vn -0.988397 0.103071 0.111570
vn -0.992886 0.039332 0.112383
vn -0.355572 0.621612 -0.697973
vn -0.147309 0.658391 -0.738120
vn -0.142661 0.543262 -0.827353
vn 0.346372 0.514131 -0.784663
vn -0.999977 0.000823 -0.006797
vn -0.999963 -0.000443 -0.008591
vn -0.850654 0.343286 -0.398173
vn -0.346083 0.514216 -0.784735
vn -0.111838 -0.125431 -0.985779
vn -0.167127 -0.122223 -0.978330
vn -0.169872 -0.046644 -0.984362
vn -0.272458 -0.008328 -0.962132
vn 0.624541 -0.778952 0.056414
vn 0.858045 -0.512150 0.038237
vn 0.856664 -0.515780 -0.009855
vn -0.282555 0.832236 0.477018
vn -0.333995 0.832179 0.442635
vn -0.420281 0.655001 0.627963
vn -0.136882 0.977267 0.161900
vn -0.148304 0.979413 0.136949
vn -0.396739 0.839667 0.370887
vn 0.430321 -0.120379 -0.894613
vn 0.376328 -0.142888 -0.915402
vn 0.375860 -0.064999 -0.924394
vn 0.326817 -0.061666 -0.943074
vn 0.327092 -0.142996 -0.934111
vn 0.781761 0.020819 0.623231
vn 0.781619 0.056078 0.621231
vn 0.746646 0.053428 0.663072
vn 0.665967 0.008436 0.745934
vn 0.993720 0.008433 -0.111579
vn 0.998418 0.008434 -0.055594
vn 0.998394 0.009590 -0.055830
vn 0.974681 0.020819 -0.222627
vn 0.973029 0.056077 -0.223763
vn 0.983937 0.053428 -0.170334
vn -0.167969 0.008434 0.985756
vn 0.000159 0.020819 0.999783
vn 0.001634 0.056078 0.998425
vn -0.052884 0.053429 0.997170
vn -0.781562 0.020820 0.623480
vn -0.779582 0.056077 0.623785
vn -0.812591 0.053428 0.580380
vn -0.875423 0.008434 0.483285
vn 0.579038 0.008434 -0.815257
vn 0.433646 0.020819 -0.900843
vn 0.431729 0.056078 -0.900259
vn 0.480303 0.053428 -0.875474
vn -0.923664 0.008434 -0.383110
vn -0.974752 0.020819 -0.222316
vn -0.973756 0.056078 -0.220578
vn -0.960402 0.053428 -0.273449
vn -0.433934 0.020819 -0.900704
vn -0.434672 0.056078 -0.898841
vn -0.385010 0.053429 -0.921364
vn -0.329907 0.008434 -0.943976
vn -0.276368 0.008435 -0.961015
vn -0.276594 0.009590 -0.960939
vn 0.476753 0.843531 -0.247308
vn 0.844223 0.070634 -0.531317
vn 0.820999 0.223821 -0.525229
vn 0.797174 0.233141 -0.556919
vn 0.187424 0.979586 0.072686
vn 0.751599 0.468204 0.464633
vn -0.936645 0.233046 0.261506
vn -0.958643 0.070631 0.275706
vn -0.972493 0.070630 0.221965
vn -0.991149 0.070634 0.112406
vn -0.967582 0.223823 0.116996
vn -0.959866 0.233146 0.155887
vn 0.942939 -0.048250 -0.329450
vn 0.959830 -0.048251 -0.276403
vn 0.953353 -0.124662 -0.274914
vn 0.992441 -0.048189 -0.112863
vn -0.330139 0.070634 0.941286
vn -0.317704 0.230275 0.919803
vn -0.269336 0.240025 0.932656
vn -0.101243 0.223824 0.969357
vn -0.110963 0.070634 0.991311
vn -0.166463 0.070638 0.983514
vn 0.849423 -0.439956 -0.291408
vn 0.612642 -0.660773 -0.433646
vn 0.615375 -0.572010 -0.542326
vn -0.000139 -0.729943 -0.683508
vn -0.573074 -0.124668 0.809966
vn -0.526678 -0.124664 0.840874
vn -0.530581 -0.048249 0.846260
vn -0.622523 -0.048201 0.781115
vn -0.665819 -0.048188 0.744556
vn -0.661095 -0.124670 0.739872
vn 0.972596 0.224448 -0.060662
vn -0.143105 0.956934 0.252584
vn -0.617080 0.712086 0.334882
vn 0.917179 -0.124669 0.378471
vn 0.936988 -0.124661 0.326362
vn 0.943126 -0.048180 0.328924
vn 0.974903 0.008266 0.222478
vn 0.974855 -0.010467 0.222596
vn 0.985724 -0.010264 0.168054
vn 0.839797 -0.174509 -0.514090
vn 0.597194 -0.261810 -0.758166
vn 0.585634 -0.160735 -0.794479
vn -0.000048 -0.329126 -0.944286
vn 0.195363 0.839247 -0.507443
vn 0.427319 0.638053 -0.640536
vn 0.353145 0.638067 -0.684222
vn 0.250646 0.839261 -0.482511
vn -0.705853 0.070633 0.704828
vn -0.684497 0.223879 0.693788
vn -0.654194 0.232890 0.719578
vn -0.530088 0.070634 0.844996
vn -0.511807 0.223819 0.829433
vn -0.476590 0.233143 0.847648
vn -0.921814 0.070638 -0.381143
vn -0.826047 0.230269 -0.514415
vn -0.844223 0.070634 -0.531317
vn -0.813261 0.070631 -0.577596
vn 0.921813 0.070637 0.381144
vn 0.895709 0.233176 0.378595
vn 0.922524 0.223826 0.314406
vn 0.813261 0.070630 0.577596
vn 0.788443 0.233039 0.569254
vn 0.828708 0.223880 0.512953
vn 0.845204 -0.048228 -0.532264
vn 0.873752 -0.048192 -0.483978
vn 0.867753 -0.124669 -0.481106
vn 0.936527 -0.124667 -0.327682
vn 0.351156 0.912158 0.211321
vn 0.373749 0.926548 0.042678
vn 0.642483 0.765842 -0.026478
vn 0.151101 0.981623 0.116551
vn 0.359916 0.925910 0.114679
vn 0.356347 0.933384 0.042567
vn -0.744083 0.070630 0.664344
vn -0.797172 0.233145 0.556920
vn 0.521046 0.230270 0.821880
vn 0.530088 0.070632 0.844996
vn 0.482112 0.070630 0.873258
vn 0.665154 0.070638 0.743358
vn 0.642741 0.233174 0.729735
vn 0.694750 0.223822 0.683540
vn 0.647327 0.240022 -0.723434
vn 0.530089 0.070634 -0.844995
vn 0.511806 0.223824 -0.829432
vn 0.476590 0.233144 -0.847647
vn 0.455658 -0.530050 -0.715138
vn 0.485674 -0.529030 -0.695880
vn 0.434564 -0.690307 -0.578473
vn 0.552506 -0.690376 -0.467032
vn 0.496906 -0.690382 -0.525792
vn 0.604194 -0.530075 -0.594954
vn 0.051911 -0.358859 -0.931947
vn 0.000000 -0.358855 -0.933393
vn 0.000013 -0.227718 -0.973727
vn -0.162720 -0.226353 -0.960357
vn -0.108492 -0.227032 -0.967825
vn -0.103832 -0.358869 -0.927595
vn 0.846874 -0.529029 -0.054158
vn 0.843217 -0.530048 -0.089633
vn 0.927443 -0.358868 -0.105181
vn 0.542262 -0.836601 -0.077782
vn 0.547574 -0.836596 -0.016411
vn 0.345669 -0.938225 -0.015706
vn 0.742319 0.103068 -0.662072
vn 0.777992 0.103069 -0.619762
vn 0.781370 0.039338 -0.622827
vn 0.815249 0.008257 -0.579051
vn 0.880573 0.441198 -0.173021
vn 0.894468 0.441021 -0.073670
vn 0.734593 0.670745 -0.102346
vn 0.531736 0.843481 -0.076136
vn 0.536838 0.843535 -0.015953
vn 0.199063 0.979956 -0.007707
vn -0.061611 0.233148 0.970488
vn 0.055475 0.070630 0.995959
vn -0.542264 -0.836600 0.077775
vn -0.547575 -0.836595 0.016408
vn -0.345668 -0.938225 0.015709
vn -0.967670 -0.227110 0.109711
vn -0.972302 -0.227119 0.055190
vn -0.931883 -0.358878 0.052925
vn 0.707017 -0.048179 0.705553
vn 0.845519 -0.048192 0.531766
vn 0.814544 -0.048251 0.578091
vn 0.809343 -0.124662 0.573955
vn 0.330821 -0.048251 0.942459
vn 0.277416 -0.048188 0.959541
vn 0.275951 -0.124669 0.953053
vn 0.055880 -0.124661 0.990625
vn 0.111070 -0.124665 0.985963
vn 0.111398 -0.048310 0.992601
vn 0.923177 -0.048249 0.381335
vn 0.840108 -0.124664 0.527900
vn 0.941766 0.070634 0.328768
vn 0.957352 0.233044 0.170787
vn -0.577417 0.009590 -0.816393
vn -0.622780 0.009589 -0.782338
vn -0.622601 0.008436 -0.782494
vn -0.482113 0.070631 -0.873257
vn -0.463373 0.233042 -0.854972
vn -0.524079 0.223880 -0.821717
vn 0.923321 0.039337 0.382009
vn 0.870005 0.103075 0.482147
vn 0.841553 0.103073 0.530249
vn 0.845561 0.039336 0.532428
vn -0.483141 0.039332 0.874659
vn -0.433755 0.039338 0.900172
vn -0.432042 0.103069 0.895945
vn -0.276465 0.103077 0.955480
vn -0.329692 0.103073 0.938445
vn -0.330924 0.039335 0.942837
vn 0.720344 0.233142 0.653261
vn 0.744083 0.070630 0.664344
vn 0.705854 0.070634 0.704827
vn 0.779879 0.070629 0.621933
vn -0.482113 0.070632 0.873257
vn -0.379534 0.233048 0.895345
vn -0.382147 0.070631 0.921398
vn -0.432800 0.070630 0.898719
vn -0.277284 -0.836602 0.472452
vn -0.328574 -0.836597 0.438343
vn -0.203244 -0.938224 0.280047
vn -0.539642 -0.358877 0.761574
vn -0.485674 -0.529031 0.695879
vn -0.018299 -0.999824 -0.004248
vn -0.018306 -0.999824 0.004101
vn -0.055869 -0.998332 0.014569
vn -0.225449 -0.971552 -0.072525
vn 0.463978 0.000941 -0.885846
vn 0.522602 -0.000093 -0.852577
vn 0.524472 -0.009084 -0.851379
vn 0.480101 0.100937 -0.871387
vn 0.430238 0.098335 -0.897344
vn 0.425988 0.188686 -0.884834
vn -0.855447 -0.328507 0.400367
vn -0.849280 -0.268736 0.454427
vn -0.637394 -0.724167 0.263270
vn 0.575102 -0.196038 0.794246
vn 0.831017 -0.138305 0.538779
vn 0.839837 -0.201930 0.503883
vn 0.565320 -0.059166 0.822747
vn 0.055860 -0.048286 0.997270
vn -0.110838 -0.048290 0.992665
vn 0.034373 -0.999269 0.016711
vn 0.029772 -0.999270 0.023932
vn -0.076344 -0.995439 -0.057216
vn -0.043958 -0.995439 -0.084674
vn -0.062211 -0.995364 -0.073347
vn 0.023718 -0.999269 0.029970
vn -0.477187 0.670960 -0.567543
vn -0.112364 0.979941 -0.164588
vn -0.333834 -0.910473 -0.244117
vn -0.292090 -0.753366 -0.589171
vn -0.563863 -0.724140 -0.397088
vn 0.839362 -0.124665 -0.529084
vn 0.744881 -0.048187 -0.665455
vn 0.780730 -0.048179 -0.623009
vn 0.775297 -0.124659 -0.619173
vn -0.166972 0.039337 0.985177
vn -0.111381 0.039331 0.992999
vn -0.111166 0.103073 0.988442
vn -0.211978 0.304154 0.928739
vn -0.158975 0.304151 0.939265
vn -0.154700 0.466494 0.870891
vn -0.000000 0.070630 -0.997503
vn -0.007201 0.223939 -0.974576
vn -0.046526 0.233044 -0.971353
vn -0.110371 0.009589 -0.993844
vn -0.993044 0.103076 -0.056920
vn -0.988279 0.103076 -0.112603
vn -0.992837 0.039332 -0.112820
vn -0.960237 0.039335 -0.276400
vn -0.974122 0.039339 -0.222573
vn -0.969619 0.103072 -0.221844
vn -0.745970 -0.010542 0.665896
vn -0.744857 -0.048228 0.665478
vn -0.196494 -0.836601 -0.511359
vn -0.137848 -0.836597 -0.530191
vn -0.092230 -0.938224 -0.333509
vn -0.258961 -0.358878 -0.896741
vn -0.969205 0.240023 -0.055046
vn -0.971272 0.233177 0.047532
vn -0.995897 0.070637 0.056562
vn -0.997502 0.070639 -0.000000
vn -0.345909 0.119350 -0.930646
vn -0.222196 0.028415 -0.974588
vn -0.328419 0.049130 -0.943254
vn -0.478530 0.031375 -0.877510
vn -0.527405 0.036255 -0.848840
vn -0.527371 0.101757 -0.843519
vn -0.662878 0.103078 -0.741598
vn -0.619744 0.103069 -0.778006
vn -0.622820 0.039379 -0.781374
vn -0.576309 0.231633 -0.783718
vn -0.564320 0.077710 -0.821891
vn -0.901181 0.419435 -0.109303
vn 0.093970 0.419435 0.902909
vn 0.307093 0.419437 -0.854264
vn 0.859361 0.419435 -0.292528
vn 0.764512 0.419438 0.489483
vn -0.647331 0.419439 0.636423
vn -0.476421 0.419436 -0.772720
vn 0.008208 -0.999824 -0.016874
vn 0.120494 -0.979213 -0.163164
vn 0.846762 0.009590 -0.531885
vn 0.872731 0.070637 -0.483063
vn 0.364444 0.912220 -0.187178
vn 0.147477 0.988118 0.043287
vn 0.919398 0.103076 -0.379583
vn 0.939266 0.103071 -0.327347
vn 0.943468 0.039337 -0.329121
vn 0.992887 0.039340 -0.112372
vn 0.985070 0.039344 -0.167601
vn 0.980632 0.103068 -0.166549
vn -0.972797 0.207853 -0.102287
vn -0.972516 0.229827 -0.037300
vn 0.376177 0.189690 0.906923
vn 0.324984 0.189696 0.926499
vn 0.328712 0.103071 0.938789
vn 0.222124 0.039343 0.974224
vn 0.277011 0.039346 0.960061
vn 0.275467 0.103076 0.955768
vn 0.141343 0.968015 -0.207290
vn 0.360048 0.914225 -0.185899
vn 0.359716 0.868068 -0.342144
vn 0.625723 0.709425 -0.324324
vn 0.970671 -0.156554 -0.182451
vn 0.969990 -0.223781 -0.095085
vn 0.968682 -0.242152 -0.054929
vn 0.998295 0.009590 0.057572
vn 0.999954 0.009591 0.000871
vn 0.999964 0.008437 0.001108
vn 0.971272 0.233175 -0.047532
vn 0.995897 0.070638 -0.056562
vn 0.997502 0.070639 0.000000
vn -0.324011 -0.090886 -0.941678
vn -0.332212 -0.188306 -0.924217
vn -0.597351 -0.262122 -0.757934
vn -0.341951 -0.309004 -0.887460
vn -0.350816 -0.442530 -0.825285
vn 0.221965 0.070639 -0.972492
vn 0.209711 0.223861 -0.951792
vn 0.169788 0.233175 -0.957497
vn 0.103899 0.843532 -0.526933
vn -0.316002 -0.017319 0.948600
vn -0.589718 0.151416 0.793288
vn -0.052441 -0.979213 -0.195937
vn -0.008087 -0.999823 -0.016959
vn 0.192549 0.843482 0.501460
vn 0.135015 0.843531 0.519834
vn 0.051810 0.979955 0.192362
vn -0.196777 0.832237 -0.518325
vn -0.253201 0.832249 -0.493205
vn -0.090414 0.974862 -0.203641
vn 0.018392 -0.999822 -0.004119
vn 0.202693 -0.979213 -0.007526
vn -0.781086 0.039349 -0.623183
vn -0.666129 0.039354 -0.744798
vn -0.706918 0.039343 -0.706200
vn -0.703484 0.103072 -0.703197
vn -0.623178 0.039348 0.781090
vn -0.577893 0.039339 0.815164
vn -0.575500 0.103075 0.811280
vn -0.663653 0.103074 0.740905
vn -0.704218 0.103070 0.702462
vn -0.707236 0.039340 0.705882
vn -0.974224 0.039341 0.222128
vn -0.960361 0.039335 0.275970
vn -0.956068 0.103066 0.274428
vn -0.919398 0.103071 0.379584
vn -0.939266 0.103071 0.327346
vn -0.943468 0.039337 0.329121
vn 0.589472 0.332356 -0.736249
vn 0.965401 0.069437 -0.251355
vn 0.827086 0.155785 -0.540055
vn 0.834919 0.222423 -0.503427
vn 0.154733 -0.849950 0.503629
vn -0.151723 -0.739123 0.656260
vn -0.000085 -0.747674 0.664066
vn -0.000032 -0.860330 0.509737
vn 0.382602 0.039333 0.923075
vn 0.433340 0.039340 0.900371
vn 0.431105 0.103068 0.896396
vn 0.619763 0.103076 0.777990
vn 0.574652 0.103076 0.811881
vn 0.577508 0.039377 0.815435
vn 0.741627 0.103069 0.662848
vn 0.703485 0.103071 0.703197
vn 0.706908 0.039344 0.706211
vn 0.622846 0.039355 0.781354
vn -0.640111 0.638040 -0.427975
vn 0.146300 0.979938 0.135347
vn -0.856175 -0.516626 0.007884
vn -0.752383 -0.137065 -0.644308
vn 0.277581 0.001950 -0.960700
vn 0.319216 -0.005270 -0.947667
vn 0.120626 -0.077401 -0.989676
vn 0.168397 -0.047866 -0.984556
vn 0.988397 0.103072 -0.111570
vn 0.997604 0.039368 0.056896
vn -0.153373 0.927612 -0.340606
vn -0.153217 0.857101 -0.491835
vn -0.859044 0.189704 -0.475453
vn -0.830986 0.189695 -0.522951
vn -0.841553 0.103069 -0.530250
vn -0.814635 0.466487 -0.344614
vn -0.799206 0.468180 -0.376932
vn -0.858284 0.304153 -0.413327
vn -0.367790 -0.913217 0.175399
vn -0.347512 -0.935316 -0.066477
vn -0.601025 0.792386 0.104374
vn -0.854376 0.519610 -0.006896
vn 0.088445 -0.530074 0.843326
vn 0.016245 -0.836611 0.547557
vn 0.438228 -0.836611 0.328693
vn 0.714484 -0.530072 0.456657
vn 0.720821 -0.530050 -0.446614
vn 0.454813 -0.836602 -0.305356
vn 0.486225 -0.836597 -0.252370
vn 0.304622 -0.938225 -0.164130
vn -0.720821 -0.530051 0.446613
vn -0.454816 -0.836601 0.305356
vn -0.486230 -0.836595 0.252368
vn -0.304626 -0.938224 0.164132
vn 0.143019 0.957038 0.252238
vn 0.347455 0.906759 0.238879
vn 0.355455 0.844905 0.399734
vn 0.342294 0.939226 -0.026250
vn -0.379470 -0.124662 0.916767
vn -0.327723 -0.124665 0.936513
vn -0.330317 -0.048228 0.942637
vn -0.433129 -0.048223 0.900041
vn -0.482439 -0.048295 0.874597
vn -0.478938 -0.124659 0.868952
vn -0.577076 -0.047915 -0.815283
vn -0.528266 -0.046299 -0.847816
vn -0.527418 -0.124195 -0.840480
vn -0.462834 0.000015 -0.886445
vn -0.403822 -0.001803 -0.914836
vn 0.622565 0.601798 -0.500252
vn 0.362896 0.717782 -0.594219
vn 0.367459 0.806501 -0.463174
vn 0.628289 0.730381 -0.267949
vn 0.559685 0.638039 -0.528828
vn 0.496831 0.637927 -0.588395
vn 0.351881 0.839241 -0.414553
vn 0.302947 0.839278 -0.451481
vn -0.781886 0.008216 -0.623367
vn -0.781762 -0.010330 -0.623492
vn -0.874063 -0.048256 -0.483410
vn 0.266487 0.194321 -0.944047
vn 0.742117 -0.010660 -0.670185
vn 0.727165 0.132052 -0.673642
vn 0.417230 0.058346 -0.906926
vn 0.567502 0.144013 -0.810680
vn 0.316505 0.167858 -0.933621
vn -0.128168 0.176131 -0.975987
vn 0.329043 -0.124666 0.936050
vn 0.531064 -0.048185 0.845961
vn 0.483056 -0.048250 0.874259
vn 0.480163 -0.124661 0.868276
vn -0.984598 -0.048191 0.168064
vn -0.992435 -0.048247 0.112892
vn -0.985801 -0.124663 0.112501
vn -0.985958 -0.124662 -0.111112
vn -0.990641 -0.124669 -0.055561
vn -0.997249 -0.048187 -0.056332
vn 0.109457 0.188737 -0.975909
vn 0.107088 0.638055 -0.762507
vn 0.077052 0.839278 -0.538215
vn 0.127897 -0.017011 0.991642
vn 0.315816 -0.017490 0.948659
vn 0.313257 -0.065489 0.947408
vn 0.130054 0.031738 0.990999
vn 0.985768 0.008307 0.167907
vn 0.974123 0.039336 0.222568
vn 0.984993 0.039339 0.168050
vn 0.980457 0.103070 0.167572
vn 0.862946 -0.384665 0.327653
vn 0.588461 -0.292495 0.753764
vn -0.107086 0.638056 0.762507
vn -0.021302 0.638066 0.769687
vn -0.016468 0.839261 0.543480
vn -0.029158 0.979587 0.198895
vn -0.777345 0.466493 0.422041
vn -0.792991 0.468186 0.389829
vn -0.858284 0.304155 0.413327
vn -0.899397 0.304141 0.313980
vn -0.880340 0.304151 0.363996
vn -0.820026 0.466749 0.331214
vn -0.924094 -0.010338 0.382026
vn -0.899788 -0.048191 0.433657
vn -0.922929 -0.048193 0.381941
vn -0.916645 -0.124667 0.379763
vn -0.601056 0.240260 0.762237
vn -0.857254 0.346513 0.380847
vn -0.621686 0.525546 0.580782
vn -0.617076 0.431232 0.658222
vn 0.201334 0.979411 -0.014787
vn 0.762413 0.638038 0.107860
vn 0.769794 0.637927 0.021580
vn 0.543506 0.839241 0.016641
vn 0.181461 -0.356015 -0.916693
vn 0.272095 -0.252882 -0.928448
vn 0.194735 -0.093489 -0.976390
vn 0.311065 0.000841 -0.950388
vn 0.518541 0.839247 -0.163646
vn 0.496904 0.839240 -0.220825
vn 0.185261 0.979400 -0.080338
vn 0.162606 0.979419 -0.119574
vn 0.174978 0.979411 -0.100678
vn 0.468835 0.839279 -0.275326
vn 0.126521 0.101703 -0.986737
vn 0.195214 0.083194 -0.977226
vn 0.294895 0.242695 -0.924195
vn 0.365009 0.146030 -0.919480
vn 0.643705 0.313576 -0.698079
vn -0.315040 0.034713 -0.948444
vn -0.840950 -0.358880 0.404979
vn -0.862561 -0.358878 0.356645
vn -0.782000 -0.528858 0.329825
vn -0.893637 -0.124668 0.431127
vn 0.264550 0.193596 0.944740
vn 0.263964 0.439939 0.858357
vn 0.335528 0.410358 0.847955
vn 0.367346 0.176854 0.913115
vn 0.418680 0.164014 0.893200
vn 0.903571 0.193598 0.382203
vn 0.835669 0.439942 0.328800
vn 0.872157 0.410357 0.266364
vn 0.942939 0.176853 0.282115
vn 0.959375 0.164013 0.229565
vn -0.453760 0.410356 0.791018
vn -0.484866 0.176855 0.856520
vn -0.437289 0.164014 0.884238
vn -0.573684 0.193596 0.795869
vn -0.506512 0.439939 0.741552
vn 0.862186 0.193597 -0.468141
vn 0.778097 0.439941 -0.448349
vn 0.752033 0.410358 -0.515803
vn 0.808480 0.176854 -0.561322
vn 0.777641 0.164014 -0.606938
vn -0.670215 0.410357 -0.618401
vn -0.727153 0.176854 -0.663303
vn -0.764763 0.164014 -0.623087
vn -0.648258 0.193597 -0.736398
vn -0.610251 0.439940 -0.658822
vn 0.171557 0.193597 -0.965965
vn 0.134603 0.439940 -0.887882
vn 0.065614 0.410356 -0.909562
vn 0.065218 0.176854 -0.982074
vn 0.010328 0.164012 -0.986404
vn -0.979922 0.193596 0.047692
vn -0.895573 0.439940 0.066345
vn -0.901358 0.410356 0.138429
vn -0.971964 0.176854 0.154949
vn -0.963971 0.164014 0.209427
vn -0.814808 0.039374 0.578393
vn -0.745517 0.039333 0.665325
vn 0.666857 -0.010382 -0.745114
vn 0.666775 0.008278 -0.745213
vn 0.707609 -0.010348 -0.706528
vn 0.739660 -0.124664 -0.661333
vn 0.706584 -0.048221 -0.705985
vn 0.845802 0.039341 -0.532044
vn 0.814796 0.039331 -0.578412
vn 0.811256 0.103069 -0.575535
vn 0.900370 0.039333 -0.433344
vn 0.874351 0.039340 -0.483697
vn 0.870508 0.103075 -0.481239
vn 0.052440 -0.979213 0.195937
vn 0.008052 -0.999825 0.016899
vn -0.000241 0.997743 0.067152
vn -0.000225 0.975659 0.219295
vn -0.142085 0.965527 0.218106
vn -0.370190 0.928080 0.040323
vn -0.350119 0.912342 0.212245
vn -0.611589 0.766729 0.195154
vn -0.745283 -0.048180 -0.665005
vn -0.707040 -0.048250 -0.705526
vn -0.574125 -0.124626 -0.809228
vn 0.527470 -0.045939 -0.848331
vn 0.462685 -0.000583 -0.886523
vn 0.057527 0.048086 -0.997185
vn 0.056571 0.104462 -0.992919
vn 0.000661 0.105618 -0.994407
vn 0.000016 0.189846 -0.981814
vn 0.978222 -0.124662 0.165955
vn 0.985958 -0.124665 0.111112
vn 0.992511 -0.048186 0.112246
vn 0.984701 -0.048187 0.167457
vn 0.973866 -0.048214 0.221947
vn 0.967478 -0.124660 0.220103
vn -0.698218 0.593099 0.400906
vn -0.390369 0.886827 0.247287
vn -0.450113 0.869982 0.201318
vn -0.390043 0.915237 0.101039
vn -0.722822 0.670564 0.166952
vn -0.742377 0.626988 0.236140
vn -0.140434 0.293396 0.945620
vn 0.136571 0.184095 0.973374
vn 0.000020 0.186075 0.982535
vn 0.000107 0.296118 0.955151
vn -0.312090 -0.005505 -0.950037
vn -0.319942 -0.001250 -0.947436
vn -0.273029 0.018321 -0.961831
vn -0.275438 -0.003974 -0.961311
vn -0.970982 -0.197547 -0.134794
vn -0.970498 -0.110981 -0.214047
vn -0.846207 -0.247303 -0.471990
vn -0.850372 -0.314543 -0.421819
vn -0.003984 -0.116522 -0.993180
vn 0.113702 -0.800705 -0.588169
vn -0.144764 -0.907777 -0.393679
vn 0.546223 0.593097 0.591503
vn 0.327947 0.886829 0.325554
vn 0.296430 0.869976 0.394044
vn 0.185299 0.915233 0.357788
vn 0.323610 0.670563 0.667549
vn 0.395414 0.626987 0.671219
vn 0.355543 0.505583 0.786114
vn -0.322191 0.915231 -0.241961
vn -0.581201 0.670563 -0.461032
vn -0.647488 0.626985 -0.433185
vn -0.748773 0.593097 -0.295929
vn -0.436732 0.886825 -0.151020
vn -0.438046 0.869974 -0.226408
vn -0.480021 0.099611 -0.871583
vn -0.424787 0.161718 -0.890732
vn -0.425497 0.057803 -0.903112
vn -0.377336 0.052914 -0.924564
vn -0.235487 0.593097 -0.769923
vn -0.154229 0.886823 -0.435613
vn -0.096106 0.869978 -0.483635
vn -0.011711 0.915232 -0.402757
vn -0.001923 0.670564 -0.741850
vn -0.065024 0.626986 -0.776312
vn -0.164204 0.915229 0.367957
vn -0.320144 0.670564 0.669218
vn -0.278243 0.626989 0.727644
vn -0.121891 0.593099 0.795849
vn -0.050050 0.886825 0.459387
vn -0.123264 0.869972 0.477446
vn 0.395269 0.915230 0.078206
vn 0.723678 0.670563 0.163202
vn 0.771318 0.626986 0.109351
vn 0.803020 0.593097 -0.058259
vn 0.459013 0.886821 -0.053431
vn 0.492898 0.869976 0.013927
vn 0.307591 0.915230 -0.260274
vn 0.578802 0.670564 -0.464040
vn 0.566403 0.626987 -0.534860
vn 0.455127 0.593098 -0.664149
vn 0.244415 0.886822 -0.392184
vn 0.318208 0.869974 -0.376682
vn -0.148301 0.785216 0.601201
vn -0.359415 0.743170 0.564375
vn -0.355141 0.844659 0.400533
vn -0.147758 0.653259 0.742577
vn -0.034496 -0.999269 0.016455
vn -0.037273 -0.999270 0.008356
vn 0.092333 -0.995439 -0.024015
vn 0.093608 -0.995439 0.018425
vn 0.096133 -0.995364 -0.002908
vn -0.038219 -0.999269 -0.000142
vn -0.023718 -0.999269 -0.029970
vn -0.016440 -0.999270 -0.034479
vn 0.043959 -0.995439 0.084675
vn 0.024226 -0.995364 0.093076
vn -0.037207 -0.999270 -0.008645
vn 0.076344 -0.995439 0.057215
vn 0.087875 -0.995364 0.039092
vn -0.034372 -0.999269 -0.016711
vn -0.023941 -0.999269 0.029793
vn -0.029956 -0.999270 0.023700
vn 0.072770 -0.995439 -0.061699
vn 0.085351 -0.995364 -0.044329
vn 0.016440 -0.999270 0.034480
vn -0.002867 -0.995439 -0.095362
vn -0.024226 -0.995364 -0.093076
vn 0.008366 -0.999269 0.037293
vn -0.008644 -0.999269 0.037229
vn -0.016707 -0.999270 0.034351
vn 0.038793 -0.995439 -0.087161
vn 0.057665 -0.995364 -0.076972
vn 0.016707 -0.999270 -0.034351
vn -0.072769 -0.995439 0.061698
vn -0.057665 -0.995364 0.076972
vn 0.023940 -0.999269 -0.029793
vn -0.000148 -0.999270 0.038198
vn 0.018557 -0.995364 -0.094371
vn 0.038219 -0.999269 0.000142
vn 0.037207 -0.999270 0.008644
vn -0.093608 -0.995439 -0.018425
vn -0.087874 -0.995364 -0.039091
vn 0.034496 -0.999269 -0.016455
vn 0.037273 -0.999270 -0.008355
vn -0.092332 -0.995439 0.024015
vn -0.096133 -0.995364 0.002908
vn 0.029957 -0.999270 -0.023701
vn -0.085351 -0.995364 0.044330
vn -0.029772 -0.999270 -0.023932
vn 0.062211 -0.995364 0.073347
vn -0.936988 -0.124664 -0.326362
vn -0.953740 -0.124660 -0.273569
vn -0.960022 -0.048298 -0.275726
vn -0.900055 -0.048194 -0.433103
vn 0.814537 0.039333 0.578777
vn 0.745201 0.039397 0.665676
vn 0.781100 0.039366 0.623163
vn 0.777344 0.103067 0.620575
vn 0.315144 0.034796 -0.948406
vn 0.318458 -0.019622 -0.947734
vn -0.129808 -0.230978 0.964261
vn -0.127092 -0.135174 0.982637
vn -0.000159 -0.135921 0.990720
vn -0.000167 -0.232623 0.972567
vn 0.150256 0.637927 0.755296
vn 0.234358 0.638057 0.733458
vn 0.164099 0.839278 0.518348
vn 0.220967 0.839263 0.496802
vn 0.314763 0.638068 0.702704
vn -0.136676 -0.988898 -0.058317
vn -0.132662 -0.990796 -0.026921
vn -0.140462 -0.976947 -0.160764
vn 0.337418 0.122255 -0.933383
vn 0.142460 0.965609 0.217498
vn 0.152852 0.986220 0.063297
vn 0.993594 -0.010253 -0.112543
vn 0.984598 -0.048184 -0.168065
vn -0.044015 -0.998332 0.037367
vn -0.055580 0.008265 0.998420
vn -0.000240 -0.009995 0.999950
vn 0.000028 0.008317 0.999965
vn -0.055798 0.039331 0.997667
vn -0.694749 0.223822 -0.683540
vn -0.705854 0.070633 -0.704827
vn -0.665154 0.070637 -0.743358
vn -0.788443 0.233045 -0.569252
vn 0.326236 0.049557 -0.943989
vn 0.279210 0.002199 -0.960228
vn 0.250780 0.032186 -0.967509
vn -0.354239 0.833581 -0.423859
vn -0.456763 0.647673 -0.609825
vn -0.505384 0.466747 -0.725764
vn -0.475572 0.468203 -0.744727
vn -0.506242 0.304144 -0.806979
vn -0.588848 -0.292654 0.753400
vn -0.830763 -0.138234 0.539188
vn -0.052981 0.304136 -0.951154
vn -0.105973 0.304144 -0.946714
vn -0.105349 0.468208 -0.877316
vn -0.137825 0.832178 -0.537108
vn -0.079316 0.837231 -0.541067
vn -0.148828 0.646206 -0.748510
vn 0.849067 0.509165 0.140838
vn 0.972148 0.228891 0.050369
vn 0.974853 0.194154 0.109390
vn 0.857261 0.413218 0.307172
vn -0.997605 0.039342 -0.056890
vn -0.999226 0.039344 -0.000224
vn -0.994673 0.103079 -0.000519
vn -0.997631 0.039348 0.056428
vn -0.364495 0.912212 -0.187117
vn -0.367734 0.872979 -0.320435
vn 0.878764 0.468204 0.092513
vn 0.915519 0.304131 0.263304
vn 0.350636 0.395333 0.848980
vn 0.044834 -0.836602 -0.545973
vn 0.105850 -0.836597 -0.537496
vn 0.061606 -0.938225 -0.340498
vn 0.107580 -0.939279 -0.325854
vn -0.570360 -0.529030 -0.628345
vn -0.595814 -0.530051 -0.603367
vn -0.660485 -0.358868 -0.659525
vn -0.789962 -0.358867 -0.497167
vn -0.760992 -0.358857 -0.540474
vn -0.695389 -0.528829 -0.486594
vn -0.614380 0.523228 -0.590567
vn -0.603013 0.435004 -0.668690
vn -0.858712 0.441901 -0.259493
vn -0.627826 0.674755 -0.387996
vn -0.622519 0.601989 -0.500079
vn -0.921814 0.070636 0.381143
vn -0.924412 0.009590 0.381275
vn -0.901305 0.009590 0.433079
vn -0.901417 0.008435 0.432870
vn -0.391059 0.843482 -0.368254
vn -0.347194 0.843531 -0.409771
vn -0.130140 0.979956 -0.150831
vn 0.152853 0.974797 0.162503
vn 0.169813 0.974863 0.144243
vn -0.146300 0.979938 -0.135346
vn -0.124416 0.974797 0.185182
vn -0.102841 0.974862 0.197658
vn 0.099398 0.979938 -0.172749
vn 0.272002 0.843482 -0.463199
vn 0.322237 0.843532 -0.429671
vn 0.118091 0.979956 -0.160440
vn -0.116768 -0.011887 -0.993088
vn -0.117934 0.014979 -0.992908
vn -0.126738 -0.110594 -0.985752
vn -0.194344 -0.087038 -0.977064
vn -0.270152 -0.247164 -0.930552
vn -0.222346 0.974798 0.018186
vn -0.218657 0.974861 0.042833
vn 0.197040 0.979936 -0.029998
vn -0.549113 0.832239 0.076505
vn -0.554311 0.832177 0.014851
vn -0.753004 0.654998 0.062942
vn -0.383063 0.008259 0.923685
vn -0.331084 -0.010085 0.943547
vn -0.330928 0.008309 0.943619
vn -0.383013 0.039333 0.922905
vn 0.463373 0.233049 0.854970
vn 0.330140 0.070634 0.941286
vn -0.973864 -0.048186 -0.221964
vn -0.992512 -0.048245 -0.112216
vn 0.900173 0.039345 0.433752
vn 0.919000 0.103078 0.380544
vn 0.900948 0.008302 0.433848
vn 0.900918 -0.010187 0.433869
vn -0.221965 0.070639 -0.972493
vn -0.222452 0.024901 -0.974626
vn -0.166831 0.024900 -0.985671
vn -0.382986 0.024898 -0.923419
vn -0.330864 0.024899 -0.943350
vn 0.983866 0.054458 0.170419
vn 0.985558 0.020634 0.168074
vn 0.993413 0.020162 0.112798
vn 0.974676 0.021143 0.222620
vn 0.972682 0.057638 0.224870
vn 0.958598 0.060622 0.278234
vn -0.052782 0.054459 -0.997120
vn -0.055448 0.020635 -0.998248
vn -0.111085 0.020162 -0.993606
vn 0.000153 0.021143 -0.999776
vn 0.002790 0.057638 -0.998334
vn 0.057950 0.060622 -0.996477
vn -0.433924 0.021143 0.900701
vn -0.435675 0.057638 0.898257
vn -0.484568 0.060622 0.872651
vn -0.385077 0.054459 0.921276
vn -0.383167 0.020634 0.923449
vn -0.331026 0.020162 0.943406
vn -0.781562 0.021143 -0.623469
vn -0.778790 0.057638 -0.624632
vn -0.742945 0.060622 -0.666601
vn -0.812490 0.054459 -0.580426
vn -0.815033 0.020634 -0.579047
vn -0.846093 0.020163 -0.532653
vn -0.960374 0.054459 0.273341
vn -0.960882 0.020634 0.276187
vn -0.943976 0.020163 0.329398
vn -0.974744 0.021143 0.222321
vn -0.973924 0.057638 0.219430
vn -0.984389 0.060622 0.165238
vn 0.433649 0.021143 0.900834
vn 0.430646 0.057638 0.900678
vn 0.380144 0.060622 0.922938
vn 0.480191 0.054459 0.875472
vn 0.483079 0.020634 0.875334
vn 0.531194 0.020163 0.847010
vn 0.781752 0.021142 -0.623231
vn 0.782268 0.057638 -0.620270
vn 0.815210 0.060622 -0.575984
vn 0.746669 0.054458 -0.662963
vn 0.745891 0.020634 -0.665748
vn 0.707573 0.020163 -0.706353
vn -0.486595 0.060215 -0.871550
vn -0.483343 0.021323 -0.875171
vn -0.531395 0.021762 -0.846844
vn -0.623356 0.022239 -0.781622
vn -0.621478 0.065953 -0.780651
vn -0.579883 0.064850 -0.812114
vn 0.222441 0.022239 -0.974693
vn 0.222853 0.065953 -0.972618
vn 0.273383 0.064851 -0.959717
vn 0.378018 0.060215 -0.923838
vn 0.382878 0.021323 -0.923553
vn 0.330770 0.021762 -0.943460
vn -0.741422 0.060215 0.668332
vn -0.745676 0.021323 0.665968
vn -0.707366 0.021762 0.706512
vn -0.623315 0.022239 0.781654
vn -0.622787 0.065952 0.779606
vn -0.662716 0.064850 0.746058
vn -0.984792 0.060215 -0.162968
vn -0.985596 0.021323 -0.167768
vn -0.993409 0.021762 -0.112538
vn -0.999753 0.022239 0.000026
vn -0.997822 0.065952 -0.000837
vn -0.996488 0.064851 -0.052972
vn 0.957976 0.060216 -0.280455
vn 0.960784 0.021323 -0.276478
vn 0.943858 0.021763 -0.329633
vn 0.900735 0.022239 -0.433799
vn 0.899370 0.065953 -0.432185
vn 0.920789 0.064849 -0.384632
vn 0.060255 0.060216 0.996365
vn 0.055754 0.021323 0.998217
vn 0.111337 0.021762 0.993544
vn 0.222491 0.022239 0.974681
vn 0.221221 0.065953 0.972991
vn 0.170095 0.064851 0.983291
vn 0.816557 0.060215 0.574115
vn 0.815200 0.021323 0.578787
vn 0.846203 0.021762 0.532416
vn 0.900757 0.022239 0.433754
vn 0.898644 0.065952 0.433693
vn 0.874821 0.064851 0.480085
vn 0.277285 -0.836602 -0.472452
vn 0.328574 -0.836598 -0.438341
vn 0.203243 -0.938225 -0.280047
vn 0.366849 -0.690359 -0.623560
vn -0.923319 0.039346 -0.382012
vn -0.924102 0.008286 -0.382057
vn -0.944083 -0.010088 -0.329554
vn -0.944098 0.008308 -0.329560
vn 0.999808 0.019618 0.000031
vn 0.998824 0.048486 0.000188
vn 0.997090 0.049446 0.058022
vn 0.997131 0.048968 -0.057725
vn 0.998196 0.019658 -0.056734
vn 0.993422 0.019912 -0.112765
vn 0.623345 0.019618 0.781701
vn 0.622610 0.048486 0.781029
vn 0.576312 0.049446 0.815733
vn 0.666832 0.048968 0.743597
vn 0.666722 0.019659 0.745047
vn 0.707553 0.019912 0.706380
vn 0.623394 0.019618 -0.781661
vn 0.622903 0.048486 -0.780795
vn 0.667039 0.049446 -0.743380
vn 0.576569 0.048968 -0.815580
vn 0.578009 0.019659 -0.815794
vn 0.531224 0.019912 -0.846997
vn -0.900782 0.019618 -0.433828
vn -0.899828 0.048486 -0.433542
vn -0.873172 0.049446 -0.484897
vn -0.923430 0.048967 -0.380630
vn -0.923959 0.019659 -0.381985
vn -0.943969 0.019912 -0.329432
vn -0.900809 0.019618 0.433772
vn -0.899990 0.048486 0.433205
vn -0.923522 0.049446 0.380344
vn -0.873337 0.048967 0.484649
vn -0.874727 0.019659 0.484218
vn -0.846115 0.019912 0.532628
vn -0.165605 0.048968 0.984976
vn -0.166807 0.019658 0.985794
vn -0.111118 0.019912 0.993608
vn -0.222508 0.019618 0.974733
vn -0.222442 0.048486 0.973740
vn -0.278441 0.049446 0.959180
vn -0.222447 0.019618 -0.974747
vn -0.222077 0.048486 -0.973823
vn -0.165306 0.049447 -0.985002
vn -0.278162 0.048968 -0.959285
vn -0.277433 0.019659 -0.960544
vn -0.330996 0.019912 -0.943422
vn -0.662919 0.638055 0.391693
vn -0.468673 0.839023 0.276380
vn -0.435175 0.839263 0.325977
vn -0.615047 0.638069 0.463234
vn -0.192551 0.843483 -0.501458
vn -0.135016 0.843532 -0.519831
vn -0.051810 0.979956 -0.192360
vn -0.263244 0.670742 -0.693403
vn 0.145153 -0.468390 -0.871517
vn 0.350538 -0.442346 -0.825501
vn 0.355742 -0.566571 -0.743267
vn 0.341767 -0.308774 -0.887611
vn 0.140996 -0.325874 -0.934840
vn 0.136395 -0.197658 -0.970736
vn -0.832875 -0.108232 -0.542775
vn -0.585743 -0.161030 -0.794339
vn 0.467269 -0.690305 0.552393
vn 0.332379 -0.690377 0.642576
vn 0.402037 -0.690381 0.601449
vn 0.445592 -0.530075 0.721435
vn 0.709622 -0.690376 0.140774
vn 0.720898 -0.690380 0.060672
vn 0.841863 -0.530074 0.101429
vn 0.723217 -0.690304 -0.020915
vn -0.140540 -0.690306 0.709737
vn -0.295152 -0.690377 0.660504
vn -0.219568 -0.690380 0.689323
vn -0.286220 -0.530073 0.798186
vn 0.147567 -0.600973 -0.785529
vn 0.148114 -0.721585 -0.676296
vn 0.356830 -0.680413 -0.640087
vn 0.354520 -0.783089 -0.510968
vn -0.798602 -0.530049 -0.285102
vn -0.786506 -0.529028 -0.318650
vn -0.660671 -0.690304 -0.294948
vn -0.578266 -0.690376 -0.434728
vn -0.623180 -0.690380 -0.367453
vn -0.714484 -0.530073 -0.456658
vn 0.154890 -0.928541 0.337373
vn 0.372645 -0.872142 0.317024
vn 0.367902 -0.913152 0.175502
vn 0.000045 0.665628 -0.746284
vn 0.147491 0.658349 -0.738121
vn 0.142886 0.543230 -0.827336
vn 0.000031 0.770683 -0.637219
vn 0.976939 -0.191060 0.095323
vn 0.147025 -0.829138 -0.539364
vn 0.144620 -0.907867 -0.393526
vn 0.349443 -0.859441 -0.373163
vn 0.343983 -0.905985 -0.246712
vn 0.000055 0.548813 -0.835945
vn 0.000058 0.415294 -0.909687
vn 0.137223 0.411442 -0.901047
vn 0.131951 0.284646 -0.949508
vn -0.326801 -0.063962 -0.942926
vn -0.379450 -0.119837 -0.917418
vn -0.373266 -0.031155 -0.927201
vn -0.477672 -0.043622 -0.877455
vn -0.424522 -0.038554 -0.904596
vn -0.429521 -0.121088 -0.894902
vn -0.976268 -0.208840 0.057325
vn -0.856950 -0.512230 -0.057073
vn -0.526193 0.839258 -0.136993
vn -0.745647 0.638068 -0.192040
vn -0.719560 0.638057 -0.274074
vn -0.139329 0.924757 -0.354136
vn -0.141008 0.968062 -0.207300
vn 0.000052 0.999472 -0.032506
vn -0.140130 0.989625 -0.031714
vn -0.145594 0.982780 -0.113780
vn 0.917735 0.223874 -0.328090
vn 0.936646 0.233044 -0.261507
vn 0.958643 0.070631 -0.275707
vn 0.972493 0.070631 -0.221964
vn 0.750813 0.136136 -0.646333
vn -0.020663 -0.690377 -0.723155
vn -0.101261 -0.690381 -0.716324
vn -0.088444 -0.530073 -0.843327
vn 0.005900 -0.530012 -0.847969
vn 0.041250 -0.528880 -0.847693
vn -0.667437 0.009590 0.744604
vn -0.624142 0.009589 0.781252
vn -0.624333 0.008435 0.781112
vn -0.568417 0.233174 0.789007
vn -0.576711 0.070637 0.813889
vn -0.621932 0.070639 0.779878
vn 0.482114 0.070630 -0.873257
vn 0.379537 0.233038 -0.895346
vn 0.382148 0.070630 -0.921398
vn 0.432801 0.070629 -0.898719
vn 0.623382 -0.010674 0.781845
vn 0.527863 -0.124665 0.840130
vn 0.832832 -0.107956 -0.542896
vn 0.968656 -0.076589 -0.236305
vn 0.969412 0.039210 0.242288
vn 0.838718 0.108435 0.533661
vn 0.841776 0.161458 0.515115
vn 0.601075 0.239772 0.762377
vn 0.623182 0.039347 -0.781086
vn 0.577207 0.039025 -0.815665
vn 0.575403 0.103023 -0.811355
vn 0.528506 0.037635 -0.848095
vn 0.477231 0.033978 -0.878121
vn 0.974223 0.039346 -0.222128
vn 0.960361 0.039334 -0.275971
vn 0.956068 0.103069 -0.274427
vn 0.974890 0.008313 -0.222534
vn 0.974878 -0.010174 -0.222508
vn 0.896395 0.103075 -0.431105
vn 0.923491 0.039335 -0.381597
vn -0.000335 -0.997976 -0.063587
vn 0.144834 -0.987395 -0.063824
vn 0.143353 -0.979282 -0.143027
vn 0.129247 -0.958477 -0.254200
vn -0.985764 0.008304 -0.167928
vn -0.985742 -0.010191 -0.167956
vn -0.984994 0.039343 -0.168047
vn 0.127177 0.095577 -0.987264
vn 0.128351 0.176154 -0.975959
vn 0.000068 0.177646 -0.984094
vn 0.000060 0.287107 -0.957899
vn -0.086772 0.373797 -0.923443
vn -0.010652 0.323970 -0.946007
vn 0.002253 0.739563 -0.673083
vn -0.294612 0.247414 -0.923033
vn -0.193824 0.340689 -0.919980
vn -0.298198 0.678016 -0.671842
vn -0.467269 -0.690307 -0.552392
vn -0.332380 -0.690376 -0.642577
vn -0.402037 -0.690381 -0.601449
vn -0.445591 -0.530075 -0.721435
vn 0.967006 0.098836 -0.234801
vn 0.396186 0.839246 -0.372428
vn -0.135457 0.979942 0.146169
vn -0.999986 0.000582 -0.005192
vn -0.576429 0.038758 -0.816227
vn -0.623522 0.008251 -0.781763
vn -0.132261 -0.979213 -0.153781
vn -0.170804 -0.976732 -0.129695
vn 0.627598 0.654856 0.421051
vn 0.676121 0.647675 0.351252
vn 0.476652 0.832131 0.283481
vn -0.270841 0.654859 0.705553
vn -0.191994 0.647677 0.737328
vn -0.170310 0.832130 0.527783
vn 0.744796 0.304129 -0.593956
vn 0.710609 0.304134 -0.634458
vn 0.664527 0.466532 -0.583739
vn 0.595109 0.466746 -0.654212
vn 0.620230 0.468206 -0.629363
vn 0.674098 0.304142 -0.673119
vn -0.700425 -0.690379 0.181059
vn -0.723215 -0.690306 0.020915
vn -0.716244 -0.690360 0.101970
vn -0.843215 -0.530052 0.089632
vn 0.666135 0.039330 0.744794
vn 0.707696 0.008266 0.706469
vn -0.277444 0.039335 0.959936
vn -0.222573 0.039342 0.974122
vn -0.221842 0.103077 0.969619
vn -0.166506 0.103077 0.980638
vn -0.072024 -0.971892 0.224137
vn -0.088437 -0.976732 0.195381
vn -0.037767 -0.979213 0.199286
vn -0.020540 -0.971552 0.235934
vn 0.057986 -0.083191 -0.994845
vn -0.003512 -0.274006 -0.961721
vn 0.341965 -0.934757 -0.096378
vn 0.139455 -0.985382 -0.097855
vn -0.000127 -0.623749 0.781624
vn -0.146742 -0.617223 0.772983
vn -0.141103 -0.487470 0.861663
vn -0.344192 -0.464233 0.816101
vn 0.854436 -0.326883 0.403839
vn 0.617683 -0.494581 0.611439
vn 0.604343 -0.397554 0.690449
vn 0.355180 -0.584502 0.729523
vn -0.031198 0.649321 0.759875
vn 0.049447 0.716550 0.695781
vn 0.107658 0.743966 0.659488
vn 0.574643 0.649318 0.498169
vn 0.574815 0.716548 0.395154
vn 0.582733 0.743965 0.327016
vn -0.513154 0.716550 0.472472
vn -0.448485 0.743966 0.495354
vn -0.613547 0.649319 0.449382
vn -0.346438 0.716549 -0.605424
vn -0.383138 0.743965 -0.547468
vn -0.301588 0.649316 -0.698164
vn -0.733883 0.649318 -0.199506
vn -0.689342 0.716547 -0.106620
vn -0.666910 0.743965 -0.041793
vn 0.357808 0.649318 -0.671088
vn 0.257339 0.716549 -0.648331
vn 0.189145 0.743966 -0.640889
vn 0.747764 0.649322 -0.138673
vn 0.667332 0.716551 -0.203033
vn 0.618998 0.743966 -0.251707
vn 0.999934 -0.010182 -0.005226
vn 0.999963 -0.008602 0.000704
vn -0.414642 0.839259 -0.351733
vn -0.373742 0.839023 -0.395421
vn -0.529387 0.638055 -0.559138
vn -0.152759 0.979419 -0.131920
vn 0.922909 -0.048315 -0.381975
vn 0.924123 -0.010831 -0.381941
vn 0.999966 0.008272 -0.000012
vn 0.999225 0.039358 0.000216
vn 0.997631 0.039339 -0.056436
vn 0.993103 0.103076 -0.055880
vn 0.324002 -0.090725 -0.941696
vn 0.332117 -0.188093 -0.924294
vn -0.613389 0.223861 -0.757390
vn -0.621932 0.070639 -0.779878
vn -0.576710 0.070637 -0.813889
vn -0.642741 0.233174 -0.729735
vn -0.474261 0.008444 -0.880344
vn -0.442020 0.066880 -0.894508
vn -0.752755 0.136241 -0.644048
vn -0.623424 -0.010336 -0.781816
vn -0.666248 -0.048223 -0.744170
vn -0.623006 -0.048199 -0.780730
vn -0.619172 -0.124671 -0.775296
vn -0.745954 0.008342 -0.665945
vn -0.745213 0.039346 -0.665665
vn 0.482751 0.039335 0.874874
vn 0.530811 0.039338 0.846577
vn 0.528146 0.103072 0.842875
vn 0.531488 0.008249 0.847026
vn 0.129943 0.725745 -0.675580
vn 0.488574 0.518207 -0.701967
vn 0.305754 0.675927 -0.670549
vn 0.197648 0.337730 -0.920257
vn 0.319656 -0.528827 -0.786233
vn 0.423493 -0.226701 -0.877075
vn -0.062340 0.073280 -0.995361
vn -0.151777 0.986473 0.061931
vn 0.781796 -0.010217 0.623451
vn 0.781096 -0.048226 0.622546
vn 0.745281 -0.048180 0.665008
vn 0.740592 -0.124660 0.660290
vn 0.027260 0.441196 -0.896997
vn 0.146202 0.670960 -0.726937
vn 0.063684 0.670742 -0.738951
vn 0.127214 0.441022 -0.888435
vn -0.999946 -0.010345 -0.000045
vn -0.997214 -0.048220 0.056912
vn -0.998838 -0.048192 0.000312
vn -0.992197 -0.124675 0.000700
vn -0.278268 0.009589 0.960456
vn -0.223361 0.009590 0.974689
vn -0.223593 0.008434 0.974646
vn -0.214678 0.239039 0.946981
vn -0.221965 0.070639 0.972492
vn -0.276753 0.070637 0.958341
vn 0.278268 0.009590 -0.960456
vn 0.223360 0.009589 -0.974689
vn 0.223594 0.008435 -0.974646
vn 0.276751 0.070637 -0.958342
vn 0.874454 0.009590 0.485014
vn 0.900550 0.009588 0.434647
vn 0.900455 0.008436 0.434868
vn 0.881263 0.223864 0.416246
vn 0.898718 0.070639 0.432801
vn 0.872731 0.070637 0.483064
vn -0.320027 0.029611 0.946945
vn -0.572640 0.024638 0.819437
vn -0.579989 0.078490 0.810834
vn -0.325837 0.091306 0.941007
vn 0.897056 0.441045 0.027736
vn 0.888247 0.441119 0.128186
vn 0.738823 0.670810 0.064454
vn 0.741244 0.670960 -0.019226
vn -0.784404 0.450238 -0.426610
vn -0.685313 0.660673 -0.306361
vn -0.706253 0.670743 -0.226518
vn -0.838178 0.441022 -0.320869
vn -0.867109 -0.428998 0.253146
vn -0.972098 -0.126305 0.197668
vn 0.222882 -0.038264 -0.974094
vn 0.165808 -0.122944 -0.978464
vn 0.221049 -0.118958 -0.967981
vn 0.217047 -0.225811 -0.949684
vn -0.146465 0.893009 0.425539
vn -0.347589 0.906510 0.239629
vn 0.621933 0.070640 0.779878
vn 0.577417 0.009590 0.816393
vn 0.622780 0.009590 0.782339
vn 0.622599 0.008435 0.782495
vn 0.667436 0.009590 -0.744605
vn 0.624142 0.009590 -0.781252
vn 0.624334 0.008435 -0.781112
vn 0.568416 0.233174 -0.789007
vn 0.576709 0.070638 -0.813890
vn 0.621932 0.070639 -0.779878
vn 0.222563 -0.048191 0.973726
vn 0.167045 -0.048297 0.984766
vn 0.166269 -0.124669 0.978168
vn 0.166910 0.008262 0.985937
vn 0.166603 -0.010777 0.985965
vn 0.222234 -0.010127 0.974941
vn -0.878762 0.468207 -0.092513
vn -0.545159 0.837225 -0.043072
vn -0.762862 0.646205 -0.021463
vn -0.373571 0.837230 0.399363
vn -0.492417 0.646205 0.583048
vn -0.620230 0.468204 0.629364
vn 0.306224 0.837228 0.453075
vn 0.458858 0.646204 0.609812
vn 0.475571 0.468206 0.744725
vn -0.589236 0.332356 -0.736437
vn -0.820253 0.441048 0.364228
vn -0.855900 0.441120 0.269905
vn -0.693620 0.670814 0.262488
vn -0.659499 0.670960 0.338931
vn -0.617441 0.670743 0.410939
vn -0.773923 0.441020 0.454471
vn -0.580991 0.441049 0.684051
vn -0.654030 0.441123 0.614536
vn -0.511041 0.670812 0.537446
vn -0.447130 0.670962 0.591510
vn -0.377994 0.670747 0.638138
vn -0.500093 0.441022 0.745256
vn 0.590459 0.450240 -0.669808
vn 0.654633 0.441034 -0.613958
vn 0.516210 0.662959 -0.542229
vn 0.451178 0.660671 -0.599960
vn -0.891821 0.450241 -0.044022
vn -0.888168 0.441036 -0.129017
vn -0.745782 0.662960 -0.065517
vn -0.750373 0.660671 0.021324
vn -0.734594 0.670744 0.102345
vn -0.894391 0.441025 0.074577
vn -0.241368 0.450240 0.859666
vn -0.323417 0.441033 0.837193
vn -0.229822 0.662958 0.712509
vn -0.146182 0.660670 0.736305
vn -0.063682 0.670742 0.738952
vn -0.126312 0.441021 0.888564
vn 0.659500 0.670957 -0.338935
vn 0.617441 0.670742 -0.410939
vn 0.773922 0.441023 -0.454470
vn 0.820254 0.441046 -0.364228
vn -0.718727 0.670644 0.183490
vn -0.880572 0.441198 0.173023
vn -0.304659 0.670643 0.676329
vn -0.413754 0.441191 0.796340
vn -0.027261 0.441199 0.896995
vn 0.018957 0.670652 0.741530
vn 0.101564 0.670810 0.734642
vn 0.072680 0.441120 0.894500
vn -0.567934 0.670646 0.477163
vn -0.718297 0.441196 0.537956
vn 0.567938 0.670645 -0.477160
vn 0.718296 0.441196 -0.537956
vn -0.868441 0.441196 -0.226177
vn -0.727161 0.670646 -0.146525
vn -0.000000 0.304132 0.952630
vn 0.052981 0.304134 0.951155
vn 0.042058 0.466534 0.883503
vn 0.000031 -0.095449 -0.995434
vn -0.318405 -0.019722 -0.947750
vn -0.129589 -0.020119 -0.991364
vn 0.000275 0.793387 0.608718
vn 0.149036 0.785297 0.600913
vn 0.148659 0.653221 0.742430
vn 0.622033 0.525545 0.580411
vn 0.359300 0.619914 0.697574
vn 0.360151 0.743313 0.563717
vn -0.187508 -0.066034 -0.980041
vn 0.796184 0.441048 0.414208
vn 0.744664 0.441124 0.500885
vn 0.637686 0.670813 0.378638
vn 0.676177 0.670961 0.304296
vn 0.706250 0.670745 0.226521
vn 0.837852 0.441022 0.321719
vn 0.484519 0.660672 0.573370
vn 0.538029 0.670744 0.510516
vn 0.615952 0.441021 0.652765
vn 0.521623 0.450241 0.724701
vn -0.709620 -0.690378 -0.140774
vn -0.720896 -0.690382 -0.060673
vn -0.841863 -0.530073 -0.101430
vn -0.846874 -0.529029 0.054157
vn 0.868441 0.441195 0.226179
vn 0.727162 0.670645 0.146528
vn 0.591580 0.670643 0.447517
vn 0.684305 0.441196 0.580580
vn 0.220829 0.103078 0.969850
vn 0.165481 0.103077 0.980812
vn 0.166530 0.039333 0.985252
vn -0.434566 -0.690306 0.578472
vn -0.366848 -0.690360 0.623559
vn -0.455657 -0.530053 0.715137
vn -0.319655 -0.528829 0.786232
vn -0.181320 -0.690307 -0.700428
vn -0.258791 -0.690360 -0.675596
vn -0.275019 -0.530050 -0.802129
vn -0.415400 -0.528827 -0.740125
vn 0.837652 -0.528824 0.136689
vn 0.660669 -0.690305 0.294949
vn 0.689557 -0.690359 0.218897
vn 0.798602 -0.530049 0.285101
vn 0.181322 -0.690306 0.700428
vn 0.258791 -0.690359 0.675597
vn 0.275020 -0.530049 0.802130
vn 0.415399 -0.528827 0.740125
vn -0.689557 -0.690358 -0.218897
vn -0.837651 -0.528826 -0.136688
vn 0.874845 -0.010317 0.484293
vn 0.900041 -0.048229 0.433129
vn 0.874050 -0.048192 0.483440
vn 0.868430 -0.124669 0.479882
vn -0.624403 0.712235 -0.320690
vn 0.126463 -0.066891 0.989714
vn -0.000127 -0.016715 0.999860
vn -0.202694 -0.979213 0.007525
vn -0.234589 -0.971552 0.032476
vn -0.121759 -0.992442 0.015316
vn -0.120598 -0.992673 -0.007499
vn -0.056658 -0.998332 -0.011115
vn 0.433743 0.466450 -0.770903
vn 0.364956 0.304135 -0.879948
vn -0.814507 -0.048211 -0.578147
vn -0.781117 -0.048182 -0.622523
vn -0.776169 -0.124659 -0.618080
vn -0.537177 0.832252 0.137101
vn -0.720488 0.654861 0.228153
vn -0.166465 0.070638 -0.983514
vn -0.154706 0.232892 -0.960118
vn -0.224025 0.223861 -0.948525
vn -0.115648 0.223880 -0.967731
vn -0.110963 0.070634 -0.991311
vn -0.055475 0.070630 -0.995959
vn 0.252454 -0.035421 -0.966960
vn -0.943108 -0.048253 -0.328967
vn -0.923166 -0.048195 -0.381369
vn -0.917179 -0.124672 -0.378471
vn -0.924054 -0.010337 -0.382122
vn 0.382944 -0.010900 0.923707
vn 0.433629 -0.048223 0.899800
vn 0.382993 -0.048296 0.922488
vn 0.380761 -0.124661 0.916232
vn 0.172570 0.441048 0.880736
vn 0.183684 0.670962 0.718380
vn -0.147909 -0.601016 -0.785431
vn -0.382346 -0.048251 0.922759
vn -0.383187 -0.010647 0.923609
vn 0.063940 -0.992442 -0.104744
vn 0.081055 -0.992673 -0.089612
vn 0.044015 -0.998332 -0.037367
vn 0.055869 -0.998332 -0.014569
vn 0.103055 -0.992442 -0.066629
vn 0.840950 -0.358880 0.404980
vn 0.816634 -0.358879 0.452012
vn 0.745437 -0.528858 0.405750
vn 0.894243 -0.124672 0.429869
vn -0.581956 -0.358879 0.729749
vn -0.622398 -0.358878 0.695577
vn -0.561452 -0.528858 0.636460
vn -0.618080 -0.124670 0.776167
vn 0.207697 -0.358882 0.909981
vn 0.155765 -0.358879 0.920295
vn 0.147544 -0.528858 0.835787
vn 0.221467 -0.124672 0.967166
vn -0.275325 -0.063247 -0.959268
vn -0.222171 -0.037669 -0.974280
vn -0.219901 -0.120219 -0.968086
vn -0.326829 -0.143322 -0.934153
vn -0.042059 0.466536 -0.883502
vn -0.007033 0.468152 -0.883620
vn -0.000000 0.304131 -0.952630
vn 0.158975 0.304151 -0.939265
vn 0.105973 0.304144 -0.946713
vn 0.091282 0.468247 -0.878870
vn 0.255055 -0.054400 -0.965395
vn -0.577228 -0.048199 0.815159
vn -0.531376 -0.010082 0.847076
vn 0.026636 -0.998332 0.051226
vn 0.001772 -0.998332 0.057710
vn -0.000068 -0.999824 0.018758
vn -0.008212 -0.999824 0.016889
vn 0.000809 -0.999910 0.013365
vn 0.087431 -0.984660 -0.150998
vn -0.082011 -0.984080 -0.157675
vn 0.612511 0.766292 0.193977
vn 0.869102 0.482885 -0.107158
vn -0.728028 0.132438 -0.672633
vn -0.742668 -0.006984 -0.669624
vn -0.442017 0.003020 -0.897002
vn -0.567316 0.143796 -0.810849
vn -0.316282 0.167747 -0.933717
vn 0.993683 0.009588 -0.111814
vn 0.983333 0.070631 -0.167535
vn -0.993683 0.009590 0.111816
vn -0.983333 0.070631 0.167536
vn -0.874454 0.009590 -0.485013
vn -0.900549 0.009590 -0.434648
vn -0.900455 0.008435 -0.434867
vn -0.875469 0.239037 -0.420018
vn -0.898718 0.070639 -0.432799
vn -0.872731 0.070637 -0.483064
vn -0.530089 0.070634 -0.844995
vn -0.530655 0.009589 -0.847534
vn -0.951744 0.223937 -0.209845
vn -0.972493 0.070629 -0.221965
vn -0.958643 0.070631 -0.275707
vn -0.960758 0.009589 -0.277221
vn -0.974689 0.009589 -0.223360
vn -0.974646 0.008433 -0.223593
vn -0.766445 0.223934 -0.602010
vn -0.779879 0.070629 -0.621932
vn -0.744083 0.070630 -0.664343
vn -0.745331 0.009589 -0.666625
vn -0.781252 0.009589 -0.624142
vn -0.781112 0.008434 -0.624334
vn -0.757466 0.223935 0.613269
vn -0.779879 0.070629 0.621933
vn -0.813261 0.070631 0.577597
vn -0.815764 0.009589 0.578306
vn -0.782338 0.009590 0.622780
vn -0.782494 0.008434 0.622600
vn 0.969419 -0.093144 0.227049
vn 0.347796 0.000573 -0.937570
vn 0.355390 -0.007610 -0.934687
vn 0.408505 -0.003526 -0.912749
vn -0.000031 0.995882 -0.090654
vn -0.149808 0.984648 -0.089590
vn -0.148497 0.988796 -0.015197
vn -0.620403 0.784169 -0.013373
vn -0.358009 0.933621 -0.013475
vn -0.360609 0.928921 -0.084066
vn 0.856880 0.513482 -0.045739
vn 0.620559 0.781056 -0.069707
vn 0.619114 0.785215 -0.011615
vn 0.148365 0.988815 -0.015226
vn 0.357858 0.933677 -0.013578
vn 0.360523 0.928947 -0.084144
vn -0.203598 0.468189 -0.859853
vn -0.238485 0.466494 -0.851768
vn -0.228920 0.655003 -0.720116
vn -0.218917 0.187128 -0.957632
vn -0.042026 -0.992442 -0.115297
vn -0.019524 -0.992673 -0.119243
vn -0.001772 -0.998332 -0.057710
vn 0.023443 -0.998332 -0.052764
vn 0.012161 -0.992442 -0.122113
vn 0.649415 -0.227118 -0.725726
vn 0.607213 -0.227113 -0.761388
vn 0.618058 -0.124669 -0.776184
vn 0.533385 -0.530025 -0.659222
vn 0.561453 -0.528857 -0.636460
vn -0.198738 0.979941 -0.014769
vn 0.538194 0.839246 0.077547
vn -0.014601 0.979937 0.198771
vn -0.073088 0.979938 -0.185420
vn 0.752908 -0.137981 -0.643499
vn 0.785488 -0.000841 -0.618876
vn 0.477651 -0.005537 -0.878532
vn -0.076128 0.839025 0.538740
vn -0.110523 0.833579 0.541231
vn 0.503066 0.833580 0.228186
vn 0.508294 0.839024 0.194102
vn 0.140723 0.293194 0.945640
vn 0.589691 0.150936 0.793400
vn 0.333413 0.175262 0.926347
vn 0.342326 0.279237 0.897128
vn 0.480291 0.103070 0.871032
vn 0.460425 0.304134 0.833973
vn -0.000037 0.999879 -0.015536
vn 0.149723 0.984658 -0.089621
vn 0.121757 -0.992442 -0.015316
vn 0.120599 -0.992673 0.007500
vn 0.056657 -0.998332 0.011114
vn 0.046225 -0.998332 0.034597
vn 0.116347 -0.992441 0.039030
vn -0.850894 -0.378668 -0.364129
vn -0.612773 -0.660456 -0.433944
vn -0.058726 -0.087465 -0.994435
vn -0.973867 -0.227120 -0.000032
vn -0.933384 -0.358880 -0.000000
vn -0.990562 -0.124669 0.056958
vn -0.166373 -0.048276 0.984881
vn -0.221991 -0.048228 0.973855
vn -0.276793 -0.048252 0.959717
vn 0.840949 -0.358881 -0.404980
vn 0.862561 -0.358878 -0.356645
vn 0.782000 -0.528858 -0.329825
vn 0.916645 -0.124669 -0.379763
vn 0.893636 -0.124670 -0.431128
vn 0.899781 -0.048220 -0.433670
vn -0.897030 -0.358858 0.257987
vn -0.936527 -0.124666 0.327683
vn 0.073088 0.979937 0.185421
vn 0.247209 0.843465 0.476922
vn 0.977987 -0.124661 -0.167335
vn 0.967167 -0.124659 -0.221467
vn 0.973732 -0.048220 -0.222532
vn 0.909991 -0.358855 -0.207699
vn 0.920133 -0.358859 -0.156768
vn 0.835618 -0.528881 -0.148415
vn 0.808533 -0.124658 -0.575096
vn 0.729756 -0.358855 -0.581962
vn 0.760992 -0.358858 -0.540474
vn 0.688470 -0.528882 -0.496278
vn 0.776168 -0.124659 0.618080
vn 0.729756 -0.358856 0.581961
vn 0.696260 -0.358859 0.621645
vn 0.637035 -0.528882 0.560776
vn -0.054484 -0.124661 0.990702
vn 0.000699 -0.124660 0.992199
vn 0.000277 -0.048223 0.998837
vn -0.000000 -0.358856 0.933393
vn -0.051912 -0.358859 0.931947
vn -0.041249 -0.528881 0.847693
vn -0.808532 -0.124662 0.575096
vn -0.775297 -0.124660 0.619173
vn -0.780744 -0.048208 0.622989
vn -0.729756 -0.358855 0.581962
vn -0.760991 -0.358860 0.540474
vn -0.688469 -0.528884 0.496278
vn 0.964717 0.043942 -0.259596
vn 0.821748 0.096965 -0.561541
vn -0.405111 -0.004044 -0.914258
vn -0.365155 0.003911 -0.930938
vn -0.346983 -0.000728 -0.937871
vn -0.055842 -0.010814 0.998381
vn -0.055187 -0.048297 0.997307
vn 0.997211 -0.048231 -0.056965
vn 0.998837 -0.048215 -0.000288
vn 0.992198 -0.124673 -0.000701
vn 0.997249 -0.048182 0.056331
vn 0.841972 0.535151 0.068525
vn 0.599749 0.793616 0.102351
vn 0.598721 0.800144 0.036082
vn 0.139383 0.989590 0.035835
vn 0.340197 0.939645 0.036509
vn 0.341394 0.932638 0.116773
vn -0.863901 -0.382927 0.327171
vn -0.630196 -0.582974 0.512830
vn -0.637603 -0.663556 0.391351
vn 0.856299 0.397965 -0.329204
vn 0.627840 0.674625 -0.388199
vn -0.182840 -0.530025 -0.828036
vn -0.147544 -0.528858 -0.835787
vn -0.241248 -0.529030 -0.813589
vn -0.333574 0.941254 0.052619
vn 0.125526 0.941254 0.313502
vn 0.024297 0.997258 0.069901
vn 0.077945 0.989669 0.120335
vn -0.052220 0.997258 -0.052439
vn -0.122431 0.989670 -0.074595
vn -0.249120 0.941254 -0.227993
vn 0.008439 0.997258 -0.073521
vn -0.018008 0.989669 -0.142239
vn 0.022928 0.941254 -0.336921
vn 0.323371 0.941254 0.097325
vn 0.069801 0.997258 0.024589
vn 0.142667 0.989671 0.014088
vn -0.039510 0.997258 0.062580
vn -0.045461 0.989674 0.135935
vn -0.166842 0.941254 0.293606
vn 0.062747 0.997258 -0.039241
vn 0.099957 0.989672 -0.102752
vn 0.277711 0.941253 -0.192142
vn -0.002512 -0.999985 0.004919
vn -0.000144 -0.999985 0.005559
vn -0.014741 -0.999823 0.011664
vn 0.666313 -0.048296 0.744106
vn 0.623004 -0.048360 0.780722
vn 0.577688 -0.048245 0.814831
vn 0.226655 0.441050 -0.868391
vn -0.067209 0.974797 -0.212731
vn 0.971963 0.234951 -0.009311
vn 0.162787 -0.226596 -0.960289
vn 0.135647 -0.529028 -0.837693
vn 0.218707 0.187036 -0.957698
vn 0.272221 0.189719 -0.943346
vn 0.275146 0.091741 -0.957015
vn 0.166014 0.009589 0.986077
vn 0.221661 0.009589 0.975077
vn 0.221431 0.008435 0.975139
vn 0.224025 0.223859 0.948525
vn 0.221964 0.070640 0.972493
vn 0.166465 0.070637 0.983514
vn 0.055475 0.070631 -0.995959
vn 0.056482 0.009590 -0.998358
vn 0.000871 0.009588 -0.999954
vn 0.001109 0.008433 -0.999964
vn 0.757466 0.223937 -0.613268
vn 0.779879 0.070629 -0.621933
vn 0.813262 0.070630 -0.577596
vn 0.815764 0.009589 -0.578306
vn 0.782339 0.009589 -0.622780
vn 0.782494 0.008434 -0.622600
vn 0.007201 0.223938 0.974577
vn 0.000001 0.070630 0.997503
vn -0.055475 0.070630 0.995959
vn -0.056483 0.009588 0.998358
vn -0.000870 0.009589 0.999954
vn -0.001109 0.008434 0.999964
vn 0.951745 0.223935 0.209846
vn 0.972493 0.070628 0.221966
vn 0.958643 0.070629 0.275709
vn 0.960758 0.009588 0.277222
vn 0.974689 0.009590 0.223359
vn 0.974646 0.008433 0.223593
vn 0.429340 0.223936 0.874940
vn 0.432800 0.070629 0.898719
vn 0.382148 0.070631 0.921398
vn 0.382281 0.009590 0.923996
vn 0.433079 0.009590 0.901305
vn 0.432870 0.008436 0.901417
vn -0.642201 0.766034 -0.027736
vn -0.848457 0.505287 0.157496
vn -0.574374 0.102823 -0.812110
vn -0.550764 0.304153 -0.777271
vn -0.537618 0.441049 -0.718639
vn -0.410253 0.670813 -0.617821
vn 0.631603 -0.761173 0.147288
vn 0.864248 -0.493142 0.099435
vn 0.637412 -0.724055 0.263533
vn -0.531377 0.008308 0.847095
vn 0.665811 -0.048236 -0.744559
vn 0.576246 -0.047726 -0.815882
vn 0.622499 -0.048255 -0.781132
vn -0.116346 -0.992442 -0.039029
vn -0.105402 -0.992673 -0.059083
vn 0.140187 0.982653 0.121408
vn -0.000093 0.999363 0.035677
vn -0.993102 0.103077 0.055881
vn -0.952624 0.304151 0.000000
vn -0.951092 0.304149 0.054016
vn -0.883479 0.466496 0.042969
vn -0.870509 0.103077 0.481238
vn -0.833467 0.304155 0.461327
vn -0.620576 0.103076 0.777342
vn -0.593950 0.304155 0.744791
vn -0.550764 0.304153 0.777271
vn -0.517247 0.466493 0.717524
vn -0.919000 0.103079 -0.380545
vn -0.880339 0.304154 -0.363997
vn 0.994674 0.103074 0.000518
vn 0.952623 0.304153 -0.000001
vn 0.895945 0.103075 0.432040
vn 0.858284 0.304154 0.413327
vn 0.880340 0.304151 0.363997
vn 0.814633 0.466491 0.344615
vn 0.073901 -0.292030 -0.953550
vn 0.842107 0.103072 -0.529370
vn 0.776677 0.304134 -0.551612
vn -0.055838 0.103069 0.993106
vn -0.052980 0.304134 0.951155
vn -0.741626 0.103069 -0.662848
vn -0.674098 0.304142 -0.673120
vn 0.810654 0.103070 0.576382
vn 0.744797 0.304131 0.593955
vn 0.776677 0.304134 0.551612
vn 0.716975 0.466532 0.517972
vn -0.413331 0.304132 0.858290
vn -0.364956 0.304135 0.879948
vn -0.345443 0.466536 0.814256
vn -0.381543 0.103069 0.918587
vn 0.969851 0.103068 -0.220828
vn 0.928746 0.304131 -0.211980
vn -0.742319 0.103068 0.662072
vn -0.777991 0.103067 0.619763
vn -0.781356 0.039359 0.622843
vn -0.710610 0.304132 0.634459
vn 0.928746 0.304130 0.211980
vn 0.939097 0.304135 0.159999
vn 0.870712 0.466532 0.155593
vn 0.969620 0.103066 0.221842
vn -0.969851 0.103067 0.220829
vn -0.915519 0.304131 0.263306
vn -0.939096 0.304135 -0.159999
vn -0.980457 0.103071 -0.167571
vn -0.944079 0.008308 0.329615
vn 0.476505 -0.042900 -0.878125
vn 0.425869 -0.036554 -0.904046
vn 0.792992 0.468184 -0.389830
vn 0.733708 0.638039 -0.233621
vn 0.702924 0.637927 -0.314559
vn 0.414168 -0.001216 -0.910199
vn 0.364267 -0.008391 -0.931257
vn 0.348276 0.001484 -0.937391
vn -0.831236 0.057435 0.552944
vn -0.716973 0.466534 -0.517973
vn -0.751599 0.468205 -0.464632
vn -0.806244 0.304141 -0.507414
vn -0.833467 0.304151 -0.461330
vn -0.770230 0.466752 -0.434613
vn 0.634258 0.762122 -0.129945
vn 0.852737 0.451123 -0.263303
vn -0.985754 0.008313 0.167988
vn -0.985070 0.039341 0.167596
vn -0.340269 -0.939260 0.044803
vn 0.177128 -0.939261 -0.293963
vn -0.326010 -0.939260 -0.107273
vn -0.177129 -0.939261 0.293964
vn 0.247180 -0.939260 0.238101
vn 0.287134 -0.939260 -0.188000
vn 0.326010 -0.939260 0.107274
vn 0.119394 -0.939260 0.321769
vn -0.287134 -0.939260 0.188001
vn -0.119392 -0.939261 -0.321769
vn -0.032040 -0.939260 0.341707
vn 0.032040 -0.939261 -0.341706
vn -0.247177 -0.939261 -0.238102
vn 0.340270 -0.939260 -0.044799
vn -0.874876 0.008304 0.484276
vn -0.874879 -0.010231 0.484233
vn -0.874349 0.039346 0.483701
vn -0.059061 0.013047 -0.998169
vn -0.354346 0.929314 -0.103991
vn -0.338533 0.940510 -0.028903
vn -0.999971 0.007556 -0.000196
vn -0.373122 -0.227104 0.899558
vn -0.422575 -0.227100 0.877415
vn -0.404984 -0.358856 0.840958
vn -0.429870 -0.124658 0.894244
vn 0.431129 -0.124661 0.893637
vn 0.470665 -0.227105 0.852583
vn 0.422520 -0.227102 0.877440
vn 0.404984 -0.358856 0.840958
vn 0.960031 -0.227105 0.163596
vn 0.949447 -0.227103 0.216735
vn 0.909991 -0.358855 0.207699
vn 0.953740 -0.124660 0.273569
vn 0.000225 0.285226 -0.958460
vn 0.086807 0.276185 -0.957176
vn 0.149919 0.786827 -0.598689
vn 0.516977 0.540130 -0.664073
vn 0.337228 0.715274 -0.612095
vn 0.181066 0.254150 -0.950065
vn 0.084774 -0.402966 -0.911280
vn -0.001108 -0.409888 -0.912135
vn -0.001408 -0.812896 -0.582408
vn -0.178319 0.979400 -0.094755
vn -0.166522 0.979412 -0.114117
vn -0.451252 0.839245 -0.303380
vn 0.172651 0.979941 0.099537
vn -0.999938 -0.010068 -0.004793
vn 0.874904 0.008295 0.484226
vn 0.874130 0.039342 0.484097
vn 0.865974 -0.471012 0.168039
vn 0.975404 -0.217143 0.037887
vn 0.999962 0.008658 0.000382
vn -0.173685 0.979586 0.101213
vn -0.361987 -0.929583 0.069577
vn -0.149956 -0.985967 0.073370
vn -0.147702 -0.989029 -0.002258
vn -0.000111 -0.999998 -0.002092
vn 0.400564 0.001873 -0.916267
vn 0.755129 0.638066 -0.150503
vn 0.767221 0.638053 -0.065274
vn -0.965653 0.069978 -0.250236
vn -0.064450 -0.291583 -0.954372
vn -0.077977 -0.738240 -0.670016
vn -0.447655 -0.542458 -0.710875
vn -0.237862 -0.692864 -0.680706
vn 0.350202 -0.926586 -0.137101
vn 0.350586 -0.934366 -0.063643
vn 0.262356 0.055549 -0.963371
vn 0.229532 0.016759 -0.973157
vn 0.176795 -0.010528 -0.984191
vn -0.666771 0.008375 0.745216
vn -0.666476 0.039361 0.744487
vn 0.314161 -0.131088 0.940276
vn 0.567315 -0.116788 0.815177
vn -0.871015 0.480012 -0.104507
vn -0.967533 0.226702 0.111743
vn -0.605421 -0.771946 -0.193817
vn -0.805159 -0.475093 -0.354974
vn -0.827298 -0.052741 -0.559282
vn 0.193039 0.979413 -0.059041
vn -0.185465 0.979941 0.072922
vn -0.349608 -0.859227 -0.373503
vn -0.851052 0.225081 0.474393
vn -0.611357 0.338332 0.715384
vn -0.350155 0.395735 0.848991
vn -0.277358 0.024900 -0.960444
vn -0.276752 0.070637 -0.958342
vn -0.330139 0.070634 -0.941286
vn 0.227197 -0.020885 -0.973625
vn 0.000654 0.805959 -0.591971
vn -0.180651 0.256528 -0.949505
vn -0.087578 0.276497 -0.957016
vn -0.149075 0.787352 -0.598209
vn 0.146292 -0.617153 0.773124
vn 0.612191 0.189707 0.767615
vn 0.732422 0.189690 0.653892
vn 0.694793 0.189696 0.693742
vn 0.960987 -0.010290 0.276401
vn 0.961012 0.008229 0.276383
vn 0.960008 -0.048207 0.275792
vn 0.999946 -0.006953 -0.007713
vn 0.970349 -0.112756 -0.213794
vn 0.341684 -0.927535 -0.151427
vn 0.596575 -0.792404 -0.127258
vn 0.843327 -0.534766 -0.053155
vn 0.814150 -0.048248 -0.578646
vn 0.815320 -0.010652 -0.578913
vn -0.974289 -0.224915 0.013176
vn -0.859048 -0.510183 0.041842
vn 0.846760 0.507551 0.159338
vn 0.967821 0.205219 -0.145629
vn -0.785107 0.003342 -0.619352
vn -0.125983 0.735396 -0.665824
vn 0.966181 -0.021405 -0.256976
vn 0.826127 -0.013965 -0.563311
vn -0.142022 -0.954986 -0.260446
vn 0.442116 0.832252 0.334500
vn 0.695228 0.468149 0.545430
vn -0.377053 0.468151 0.799166
vn -0.227735 0.832250 0.505467
vn -0.781797 -0.010250 0.623449
vn -0.781801 0.008237 0.623473
vn 0.105972 0.304142 0.946714
vn 0.158975 0.304152 0.939265
vn 0.140437 0.466751 0.873167
vn 0.105350 0.468204 0.877318
vn -0.346962 -0.000332 -0.937879
vn -0.408477 0.000257 -0.912769
vn -0.468558 -0.005538 -0.883415
vn 0.960241 0.039359 0.276384
vn 0.020661 -0.690377 0.723155
vn 0.101263 -0.690381 0.716323
vn 0.642522 -0.690305 -0.332633
vn 0.700428 -0.690376 -0.181057
vn 0.675832 -0.690380 -0.258119
vn -0.552504 -0.690377 0.467032
vn -0.496909 -0.690380 0.525792
vn -0.642520 -0.690305 0.332636
vn -0.675831 -0.690381 0.258121
vn 0.578266 -0.690376 0.434730
vn 0.623181 -0.690380 0.367451
vn -0.059968 -0.690359 0.720977
vn -0.601071 -0.690360 0.402637
vn -0.526293 -0.690360 -0.496406
vn 0.601072 -0.690359 -0.402637
vn 0.526293 -0.690359 0.496407
vn 0.716246 -0.690358 -0.101968
vn -0.993323 0.024899 -0.112651
vn -0.971009 0.239037 0.001428
vn -0.995897 0.070637 -0.056561
vn -0.707401 0.024899 0.706374
vn -0.601910 0.223859 0.766545
vn -0.665153 0.070637 0.743358
vn -0.470670 -0.226834 -0.852652
vn -0.422538 -0.226444 -0.877602
vn -0.404984 -0.358853 -0.840959
vn -0.479175 -0.123042 -0.869053
vn -0.567424 -0.116569 0.815133
vn -0.314551 -0.130975 0.940161
vn -0.845575 0.039361 -0.532403
vn -0.870005 0.103076 -0.482149
vn 0.063053 -0.114497 -0.991421
vn -0.054241 -0.227526 -0.972260
vn -0.056190 -0.127365 -0.990263
vn -0.960032 -0.227103 -0.163597
vn -0.949448 -0.227100 -0.216736
vn -0.909991 -0.358855 -0.207700
vn -0.967478 -0.124655 -0.220106
vn -0.978222 -0.124659 -0.165955
vn -0.984694 -0.048227 -0.167485
vn 0.622397 -0.358879 0.695577
vn -0.155765 -0.358878 0.920295
vn 0.931883 -0.358878 -0.052926
vn -0.699735 0.702157 0.131702
vn 0.284105 0.702158 0.652885
vn -0.539246 0.702158 -0.464959
vn 0.027305 0.702159 -0.711496
vn -0.333308 0.702159 0.629189
vn 0.687582 0.702159 0.184944
vn 0.573297 0.702157 -0.422263
vn -0.873760 -0.048214 0.483962
vn -0.846255 -0.010536 -0.532674
vn -0.845515 -0.048286 -0.531764
vn -0.809343 -0.124656 -0.573956
vn 0.944367 0.009589 -0.328755
vn 0.943831 0.024899 -0.329490
vn 0.923835 0.024900 -0.381980
vn -0.944366 0.009590 0.328756
vn -0.943830 0.024899 0.329491
vn -0.923835 0.024900 0.381979
vn -0.484058 0.009589 0.874983
vn -0.434650 0.009590 0.900549
vn -0.434865 0.008434 0.900456
vn -0.433749 0.024898 0.900690
vn -0.382985 0.024898 0.923419
vn 0.781252 0.009589 0.624142
vn 0.781590 0.024898 0.623296
vn 0.815045 0.024898 0.578862
vn 0.745331 0.009589 0.666625
vn 0.781112 0.008434 0.624334
vn 0.484060 0.009588 -0.874982
vn 0.434647 0.009590 -0.900550
vn 0.434867 0.008433 -0.900455
vn 0.433750 0.024898 -0.900689
vn 0.382985 0.024898 -0.923419
vn -0.751209 0.597526 0.280442
vn -0.734326 0.575370 0.360159
vn -0.899937 0.322362 0.293591
vn 0.440570 0.597524 0.669973
vn 0.514533 0.575368 0.635773
vn 0.486486 0.322361 0.812044
vn 0.938200 0.322363 0.125950
vn 0.798497 0.597523 0.073270
vn 0.817872 0.575370 -0.005881
vn -0.331563 0.322362 0.886650
vn -0.249113 0.597525 0.762172
vn -0.176260 0.575370 0.798675
vn 0.683430 0.322363 -0.654985
vn 0.555137 0.597525 -0.578607
vn 0.505340 0.575367 -0.643106
vn -0.085975 0.322362 -0.942704
vn -0.106251 0.597525 -0.794779
vn -0.187727 0.575367 -0.796060
vn -0.790641 0.322362 -0.520548
vn -0.687632 0.597522 -0.412468
vn -0.739431 0.575366 -0.349565
vn 0.447100 0.069169 -0.891805
vn 0.974593 0.223862 -0.007341
vn -0.895710 0.233173 -0.378595
vn -0.802427 0.448992 -0.393086
vn -0.330129 0.009589 -0.943887
vn -0.539641 -0.358880 -0.761573
vn -0.581955 -0.358881 -0.729749
vn -0.607173 -0.227122 -0.761417
vn -0.524003 -0.530026 -0.666703
vn -0.495567 -0.528858 -0.689001
vn -0.630214 0.468247 -0.619334
vn 0.622943 0.626902 0.467905
vn 0.859169 0.351161 0.372175
vn -0.662137 -0.124669 -0.738940
vn -0.197268 -0.971552 0.131045
vn -0.103055 -0.992442 0.066628
vn 0.087890 -0.992442 0.085645
vn 0.171654 -0.971552 0.163160
vn -0.083863 -0.971552 -0.221482
vn 0.083862 -0.971552 0.221480
vn 0.042026 -0.992442 0.115297
vn 0.234587 -0.971552 -0.032476
vn 0.120874 -0.971552 -0.203659
vn -0.002415 0.052853 -0.998599
vn 0.060893 0.051488 -0.996815
vn -0.087583 0.323691 0.942101
vn -0.329854 0.323690 -0.886804
vn -0.898992 0.323690 -0.295024
vn 0.681958 0.323688 0.655866
vn -0.791171 0.323691 0.518916
vn 0.487672 0.323690 -0.810803
vn 0.937969 0.323692 -0.124250
vn 0.000204 0.419449 0.907779
vn -0.144067 0.415644 0.898045
vn 0.866704 0.497067 -0.041808
vn 0.264300 0.304151 0.915226
vn 0.404985 -0.358856 -0.840958
vn 0.357586 -0.358860 -0.862179
vn 0.372786 -0.230069 -0.898943
vn 0.308918 -0.358868 -0.880785
vn -0.849288 -0.439904 -0.291881
vn -0.971439 -0.170108 -0.165439
vn 0.521745 0.189606 -0.831764
vn 0.567636 0.189710 -0.801124
vn 0.620575 0.103078 -0.777343
vn 0.999975 -0.000621 -0.007038
vn -0.277180 0.008280 -0.960782
vn -0.311460 0.000160 -0.950259
vn 0.901056 -0.010278 -0.433582
vn -0.365744 0.298227 -0.881642
vn -0.316976 0.299039 -0.900057
vn -0.969275 0.049571 0.240932
vn -0.646989 0.308353 -0.697369
vn -0.489157 0.517318 -0.702216
vn -0.373559 0.141440 -0.916760
vn 0.851674 -0.379289 -0.361650
vn 0.971335 -0.195286 -0.135540
vn 0.007898 0.979420 -0.201677
vn 0.030383 0.979411 -0.199577
vn 0.080392 0.979419 0.185135
vn 0.059219 0.979411 0.192997
vn -0.194870 0.979419 -0.052577
vn -0.187812 0.979411 -0.074030
vn 0.197269 -0.971551 -0.131045
vn 0.190081 -0.977013 -0.096518
vn -0.129379 -0.977013 0.169430
vn 0.051800 -0.977013 0.206791
vn -0.171655 -0.971552 -0.163161
vn -0.136393 -0.977013 -0.163838
vn 0.020540 -0.971552 -0.235936
vn 0.043054 -0.977013 -0.208788
vn 0.225447 -0.971552 0.072524
vn 0.193974 -0.977013 0.088434
vn 0.129380 -0.977013 -0.169431
vn -0.213133 -0.977013 0.004485
vn -0.043053 -0.977013 0.208788
vn 0.213132 -0.977013 -0.004485
vn -0.193973 -0.977013 -0.088434
vn -0.051799 -0.977013 -0.206791
vn 0.136392 -0.977013 0.163837
vn -0.190080 -0.977013 0.096516
vn -0.894242 -0.124668 -0.429871
vn -0.877410 -0.227123 -0.422572
vn -0.140437 0.466749 -0.873168
vn -0.158976 0.304152 -0.939265
vn -0.211979 0.304155 -0.928738
vn -0.270073 -0.230006 -0.934964
vn -0.275989 -0.142356 -0.950560
vn -0.080036 -0.343195 -0.935848
vn -0.000051 0.097220 0.995263
vn -0.429663 0.843462 -0.322430
vn 0.218737 0.843464 -0.490635
vn 0.519980 0.843461 -0.134886
vn 0.667621 0.008434 -0.744453
vn 0.666756 0.019803 -0.745013
vn 0.577966 0.019803 0.815820
vn 0.577230 0.008434 0.816538
vn 0.998190 0.019803 0.056783
vn 0.998292 0.008433 0.057809
vn -0.874349 0.008435 -0.485225
vn -0.874701 0.019802 -0.484259
vn -0.924512 0.008435 0.381060
vn -0.923976 0.019803 0.381939
vn -0.277479 0.019802 0.960528
vn -0.278498 0.008436 0.960400
vn -0.166758 0.019802 -0.985799
vn -0.165782 0.008435 -0.986126
vn 0.924512 0.008436 -0.381059
vn 0.923866 0.022082 -0.382079
vn -0.667621 0.008435 0.744454
vn -0.666596 0.022082 0.745092
vn 0.277299 0.022082 -0.960530
vn 0.278498 0.008435 -0.960400
vn -0.998292 0.008434 -0.057808
vn -0.998152 0.022082 -0.056609
vn 0.166920 0.022082 0.985723
vn 0.165782 0.008434 0.986126
vn -0.578079 0.022082 -0.815682
vn -0.577229 0.008435 -0.816539
vn 0.874348 0.008435 0.485226
vn 0.874743 0.022082 0.484084
vn -0.411810 -0.069683 -0.908601
vn -0.258911 -0.057906 -0.964164
vn -0.229761 -0.016442 -0.973108
vn -0.985945 0.008434 0.166856
vn -0.985586 0.021611 0.167789
vn 0.960783 0.021612 0.276457
vn 0.960702 0.008434 0.277453
vn 0.056720 0.008435 -0.998354
vn 0.055731 0.021612 -0.998212
vn 0.815909 0.008435 -0.578119
vn 0.815181 0.021612 -0.578802
vn -0.745686 0.021612 -0.665947
vn -0.745181 0.008434 -0.666809
vn -0.484274 0.008435 0.874876
vn -0.483320 0.021612 0.875177
vn 0.382896 0.021612 0.923538
vn 0.382066 0.008434 0.924097
vn 0.094620 0.979419 -0.178286
vn 0.113967 0.979411 -0.166629
vn 0.132056 0.979400 -0.152763
vn 0.194869 0.979419 0.052577
vn 0.201769 0.979401 0.007999
vn 0.199539 0.979413 0.030561
vn -0.007898 0.979419 0.201681
vn 0.037100 0.979400 0.198492
vn 0.014604 0.979414 0.201335
vn 0.148305 0.979413 -0.136950
vn 0.052698 0.979400 -0.194932
vn 0.074197 0.979413 -0.187738
vn 0.985567 0.020322 -0.168061
vn 0.985945 0.008436 -0.166856
vn 0.745885 0.020322 0.665765
vn 0.745181 0.008435 0.666809
vn 0.484273 0.008435 -0.874876
vn 0.483096 0.020322 -0.875332
vn -0.960884 0.020322 -0.276203
vn -0.960702 0.008434 -0.277452
vn -0.815910 0.008434 0.578118
vn -0.815047 0.020322 0.579039
vn -0.056721 0.008434 0.998354
vn -0.055463 0.020322 0.998254
vn -0.383156 0.020322 -0.923460
vn -0.382066 0.008434 -0.924097
vn -0.694129 0.188020 -0.694863
vn -0.704944 0.063027 -0.706457
vn -0.522983 0.188021 0.831346
vn -0.531879 0.063027 0.844472
vn 0.323899 0.188022 0.927220
vn 0.328613 0.063027 0.942359
vn 0.941653 0.063027 0.330632
vn 0.926878 0.188019 0.324880
vn 0.831899 0.188021 -0.522104
vn 0.845610 0.063026 -0.530067
vn 0.112804 0.063027 -0.991616
vn 0.110483 0.188020 -0.975931
vn -0.991856 0.063027 0.110679
vn -0.976048 0.188019 0.109452
vn -0.968761 0.203640 -0.141540
vn -0.857467 0.396510 -0.327919
vn 0.265624 0.303071 -0.915200
vn 0.211978 0.304154 -0.928739
vn 0.189642 0.468189 -0.863038
vn 0.154701 0.466492 -0.870892
vn 0.900689 0.024901 -0.433750
vn 0.874645 0.024901 -0.484124
vn 0.847109 0.232888 0.477671
vn -0.555965 0.232889 -0.797913
vn 0.576710 0.070637 0.813889
vn 0.561252 0.240021 0.792077
vn 0.606530 0.239035 0.758276
vn 0.552407 0.448992 0.702319
vn -0.927443 -0.358869 0.105179
vn -0.909990 -0.358857 0.207700
vn -0.920133 -0.358859 0.156767
vn -0.835617 -0.528883 0.148415
vn -0.277358 0.024900 0.960444
vn -0.222451 0.024901 0.974626
vn -0.330863 0.024899 0.943350
vn 0.874646 0.024900 0.484123
vn 0.900690 0.024901 0.433747
vn 0.846074 0.024899 0.532483
vn 0.277358 0.024900 -0.960444
vn 0.222452 0.024901 -0.974626
vn 0.330861 0.024899 -0.943351
vn -0.340389 -0.935848 -0.091233
vn -0.597331 -0.798181 -0.078118
vn -0.597021 -0.791830 -0.128731
vn -0.841227 -0.533888 -0.085447
vn 0.365569 0.233145 0.901112
vn -0.720344 0.233143 -0.653260
vn 0.932446 0.233143 0.276022
vn 0.766445 0.223937 0.602009
vn 0.623296 0.024901 -0.781590
vn 0.707401 0.024899 -0.706374
vn 0.993322 0.024900 0.112652
vn 0.999690 0.024901 -0.000000
vn 0.623297 0.024901 0.781588
vn 0.531252 0.024899 0.846848
vn -0.649415 -0.227117 0.725725
vn -0.607219 -0.227121 0.761381
vn -0.563071 -0.227118 0.794587
vn 0.852039 -0.227119 0.471643
vn 0.877410 -0.227122 0.422572
vn 0.899960 -0.227119 0.372141
vn 0.162491 -0.227119 0.960216
vn 0.216676 -0.227122 0.949456
vn 0.270165 -0.227118 0.935643
vn 0.427838 -0.516947 -0.741431
vn 0.576585 -0.313505 -0.754496
vn 0.342281 -0.143041 -0.928646
vn 0.706596 0.140173 -0.693594
vn 0.708281 0.051570 -0.704045
vn -0.937561 0.140171 0.318325
vn -0.943612 0.051571 0.327011
vn -0.335683 0.140172 0.931487
vn -0.332664 0.051570 0.941634
vn -0.833437 0.140174 -0.534541
vn -0.844001 0.051570 -0.533857
vn 0.992050 0.051570 0.114791
vn 0.982830 0.140173 0.119990
vn 0.518972 0.140173 0.843220
vn 0.528788 0.051571 0.847186
vn -0.108839 0.051571 -0.992721
vn -0.101717 0.140173 -0.984888
vn 0.110613 0.063347 0.991843
vn 0.844420 0.063347 0.531923
vn -0.991589 0.063347 -0.112866
vn 0.330684 0.063347 -0.941613
vn -0.530004 0.063347 -0.845626
vn 0.942362 0.063347 -0.328545
vn -0.706487 0.063347 0.704886
vn -0.621148 0.780689 -0.068558
vn -0.113876 -0.054328 -0.992008
vn 0.661095 -0.124668 -0.739872
vn 0.373238 -0.530008 -0.761436
vn 0.451127 -0.358860 -0.817132
vn 0.496018 -0.358869 -0.790683
vn -0.220103 -0.124672 0.967477
vn 0.619172 -0.124671 0.775295
vn -0.729756 -0.358856 -0.581961
vn -0.696259 -0.358859 -0.621646
vn -0.637034 -0.528884 -0.560776
vn -0.726434 -0.227104 -0.648627
vn -0.761385 -0.227102 -0.607222
vn 0.273724 -0.029105 -0.961368
vn -0.899983 -0.227117 0.372086
vn -0.877437 -0.227119 0.422517
vn -0.852068 -0.227118 0.471591
vn 0.899983 -0.227119 -0.372085
vn 0.877436 -0.227122 -0.422517
vn 0.852067 -0.227119 -0.471591
vn 0.054133 -0.227104 0.972365
vn 0.108305 -0.227112 0.967828
vn -0.935940 -0.227105 0.269147
vn -0.919462 -0.227111 0.320952
vn 0.935940 -0.227104 -0.269147
vn 0.919462 -0.227110 -0.320952
vn -0.726474 -0.227105 0.648582
vn -0.689151 -0.227111 0.688107
vn 0.793977 -0.227104 0.563937
vn 0.824206 -0.227111 0.518754
vn 0.794011 -0.227104 -0.563888
vn 0.824237 -0.227112 -0.518703
vn 0.960041 -0.227105 -0.163537
vn 0.967669 -0.227112 -0.109712
vn -0.054192 -0.227105 0.972361
vn -0.108365 -0.227112 0.967821
vn -0.794011 -0.227104 0.563888
vn -0.824238 -0.227111 0.518703
vn 0.726435 -0.227104 0.648626
vn 0.689109 -0.227111 0.688150
vn -0.761420 -0.227103 0.607176
vn -0.000030 -0.227101 0.973871
vn 0.761384 -0.227101 0.607222
vn 0.761422 -0.227102 -0.607175
vn 0.949461 -0.227101 -0.216677
vn -0.949460 -0.227103 0.216678
vn -0.606675 0.768644 0.202807
vn -0.847978 0.513201 0.132508
vn 0.706248 0.138432 0.694298
vn 0.708164 0.050740 0.704223
vn 0.992116 0.050740 -0.114591
vn 0.983163 0.138433 -0.119278
vn 0.519736 0.138432 -0.843037
vn 0.528984 0.050740 -0.847114
vn -0.834045 0.138433 0.534046
vn -0.844147 0.050740 0.533706
vn -0.335065 0.138434 -0.931970
vn -0.332485 0.050740 -0.941743
vn -0.943585 0.050740 -0.327220
vn -0.937553 0.138432 -0.319111
vn -0.109049 0.050740 0.992741
vn -0.102485 0.138433 0.985055
vn 0.593951 0.304155 0.744790
vn 0.635227 0.304153 0.709914
vn 0.584436 0.466493 0.663942
vn 0.654732 0.189704 0.731668
vn -0.931884 -0.358875 -0.052926
vn -0.847960 -0.530027 -0.005999
vn -0.847664 -0.528858 -0.042135
vn 0.732383 0.189691 -0.653937
vn -0.900689 0.024901 0.433750
vn -0.874645 0.024900 0.484125
vn 0.052982 0.304136 -0.951154
vn 0.054747 0.189494 -0.980354
vn -0.053133 -0.528827 -0.847065
vn -0.051912 -0.358859 -0.931947
vn 0.474520 0.189281 -0.859653
vn 0.460426 0.304134 -0.833973
vn 0.413331 0.304131 -0.858290
vn 0.377053 0.468147 -0.799168
vn -0.373238 -0.530008 0.761436
vn -0.404964 -0.528883 0.745847
vn -0.451128 -0.358859 0.817132
vn -0.357586 -0.358858 -0.862179
vn -0.362604 -0.530007 -0.766558
vn -0.330636 -0.528883 -0.781641
vn 0.897030 -0.358859 0.257987
vn 0.825399 -0.530007 0.194445
vn 0.817260 -0.528883 0.228843
vn -0.897030 -0.358858 -0.257989
vn -0.825399 -0.530007 -0.194444
vn -0.817260 -0.528882 -0.228845
vn 0.357586 -0.358859 0.862179
vn 0.362605 -0.530007 0.766557
vn 0.330636 -0.528883 0.781641
vn 0.301614 0.927358 0.221439
vn -0.283005 0.927357 0.244779
vn 0.361182 0.927358 -0.097748
vn 0.148774 0.927356 -0.343332
vn -0.175669 0.927356 -0.330381
vn 0.014926 0.927358 0.373877
vn -0.367829 0.927356 -0.068646
vn -0.065890 0.107895 -0.991976
vn -0.134720 0.101909 -0.985629
vn 0.110931 0.039331 0.993050
vn 0.055349 0.039335 0.997692
vn 0.236134 -0.691941 -0.682245
vn 0.046923 -0.750430 -0.659282
vn 0.466807 0.002358 -0.884356
vn -0.137325 0.979586 -0.146809
vn 0.184885 0.974839 0.124522
vn 0.190106 0.976646 0.100115
vn -0.080261 0.974838 0.207962
vn -0.055303 0.976645 0.207620
vn -0.212633 0.974839 0.066911
vn -0.196805 0.976645 0.086211
vn -0.823558 0.013004 0.567083
vn -0.221707 0.094473 -0.970526
vn 0.826520 0.050954 0.560597
vn 0.561788 0.448990 -0.694839
vn 0.604299 0.239034 -0.760056
vn -0.169788 0.233172 0.957498
vn -0.204674 0.448991 0.869779
vn -0.898718 0.070639 0.432800
vn -0.874893 0.223861 0.429474
vn -0.854464 0.233171 0.464244
vn -0.893514 0.448995 -0.005999
vn 0.898718 0.070640 -0.432799
vn 0.874894 0.223859 -0.429474
vn 0.854462 0.233177 -0.464245
vn 0.061611 0.233147 -0.970488
vn -0.948540 0.223937 0.223883
vn 0.416365 0.223938 -0.881187
vn 0.046525 0.233045 0.971352
vn -0.416367 0.223936 0.881187
vn -0.730425 0.233044 0.642005
vn 0.948541 0.223934 -0.223882
vn -0.957351 0.233047 -0.170786
vn 0.730425 0.233042 -0.642006
vn -0.974381 -0.221477 0.039102
vn -0.964859 -0.199352 -0.171189
vn -0.988103 -0.002335 -0.153773
vn -0.358117 -0.933676 0.001123
vn -0.623506 -0.779751 0.056823
vn 0.967892 -0.066094 0.242520
vn 0.112652 -0.054088 -0.992161
vn -0.063940 -0.992442 0.104744
vn 0.273073 0.017255 -0.961839
vn 0.320874 -0.002763 -0.947118
vn -0.623296 0.024901 -0.781589
vn -0.666612 0.024900 -0.744989
vn -0.900690 0.024901 -0.433748
vn -0.923836 0.024900 -0.381979
vn -0.846075 0.024899 -0.532482
vn -0.874646 0.024900 -0.484123
vn -0.531252 0.024899 -0.846848
vn -0.577976 0.024900 -0.815674
vn -0.846074 0.024899 0.532483
vn -0.815044 0.024898 0.578863
vn -0.707402 0.024899 -0.706373
vn -0.745715 0.024898 -0.665799
vn -0.943831 0.024899 -0.329490
vn -0.960746 0.024898 -0.276312
vn -0.831877 0.468207 0.297930
vn -0.974626 0.024898 -0.222452
vn -0.985489 0.024898 -0.167903
vn -0.433750 0.024898 -0.900689
vn -0.483171 0.024898 -0.875172
vn -0.781589 0.024898 0.623297
vn -0.745714 0.024898 0.665801
vn -0.781590 0.024898 -0.623296
vn -0.815045 0.024898 -0.578863
vn -0.883600 0.468188 0.007158
vn -0.545319 0.468187 0.695289
vn 0.517247 0.466493 -0.717524
vn 0.799203 0.468186 0.376931
vn 0.556512 0.468187 0.686363
vn -0.189641 0.468190 0.863038
vn -0.329371 0.223827 -0.917288
vn -0.262469 0.233176 -0.936344
vn -0.365568 0.233142 -0.901113
vn -0.744040 0.468252 0.476596
vn 0.056306 0.466451 -0.882753
vn 0.299084 0.468248 0.831440
vn -0.836521 0.468250 -0.284560
vn 0.007032 0.468150 0.883621
vn 0.345443 0.466535 -0.814257
vn 0.863035 0.468145 0.189768
vn 0.686458 0.468151 -0.556426
vn 0.993322 0.024899 -0.112653
vn 0.998082 0.024900 -0.056686
vn -0.531250 0.024899 0.846849
vn -0.623297 0.024901 0.781589
vn -0.577975 0.024900 0.815674
vn -0.993322 0.024899 0.112653
vn -0.999690 0.024901 0.000001
vn -0.998082 0.024900 0.056685
vn 0.707401 0.024898 0.706374
vn 0.666612 0.024900 0.744989
vn 0.531252 0.024899 -0.846848
vn 0.577974 0.024900 -0.815675
vn 0.745715 0.024898 0.665800
vn -0.483170 0.024898 0.875173
vn -0.985489 0.024898 0.167904
vn -0.974626 0.024897 0.222451
vn 0.483170 0.024898 -0.875172
vn 0.985489 0.024898 -0.167903
vn 0.974626 0.024897 -0.222451
vn 0.960745 0.024898 -0.276312
vn -0.960745 0.024898 0.276312
vn 0.112310 0.101563 -0.988469
vn -0.162605 0.979419 0.119572
vn -0.056643 0.048116 -0.997234
vn -0.852038 -0.227117 -0.471644
vn -0.840949 -0.358882 -0.404979
vn -0.816634 -0.358878 -0.452012
vn -0.745438 -0.528857 -0.405749
vn -0.741401 0.654853 0.146602
vn 0.576878 0.654848 0.488247
vn -0.347637 0.654849 0.671060
vn 0.662880 0.103076 0.741597
vn 0.254515 -0.675168 -0.692366
vn -0.134706 0.989663 0.049212
vn -0.073553 0.997258 0.008137
vn 0.218510 0.189707 0.957217
vn 0.272434 0.189704 0.943288
vn 0.567682 0.189703 0.801093
vn 0.521793 0.189697 0.831713
vn 0.474572 0.189691 0.859534
vn 0.426033 0.189690 0.884598
vn 0.380583 0.103069 0.918985
vn 0.842345 -0.532798 -0.081121
vn -0.998082 0.024900 -0.056685
vn -0.666612 0.024900 0.744989
vn -0.561075 0.637233 0.528327
vn -0.762884 0.637236 -0.109261
vn 0.390229 0.637234 0.664571
vn -0.063238 0.637230 -0.768074
vn 0.103832 -0.358869 -0.927595
vn 0.155766 -0.358879 -0.920295
vn 0.054250 -0.227632 -0.972235
vn 0.999940 0.009634 -0.005147
vn -0.999962 -0.008566 -0.001531
vn -0.969420 -0.236949 -0.063873
vn -0.166830 0.024900 0.985671
vn -0.111206 0.024899 0.993485
vn 0.222453 0.024901 0.974625
vn 0.277358 0.024900 0.960444
vn 0.330863 0.024899 0.943350
vn 0.166830 0.024900 -0.985671
vn 0.111207 0.024899 -0.993485
vn 0.923836 0.024901 0.381979
vn 0.943830 0.024899 0.329492
vn 0.330496 0.039343 0.942987
vn 0.166832 0.024900 0.985671
vn 0.111207 0.024899 0.993485
vn -0.111208 0.024899 -0.993485
vn 0.960745 0.024898 0.276313
vn 0.974626 0.024899 0.222450
vn -0.055597 0.024898 0.998143
vn 0.000000 0.024897 0.999690
vn 0.382986 0.024898 0.923419
vn 0.433750 0.024898 0.900689
vn 0.055597 0.024898 -0.998143
vn -0.000000 0.024897 -0.999690
vn 0.846075 0.024899 -0.532482
vn 0.815045 0.024898 -0.578862
vn 0.781589 0.024898 -0.623297
vn 0.745714 0.024898 -0.665801
vn 0.055598 0.024898 0.998143
vn 0.483170 0.024898 0.875173
vn -0.055598 0.024898 -0.998143
vn 0.985489 0.024899 0.167902
vn -0.814519 0.039393 -0.578797
vn 0.666471 0.039336 -0.744493
vn 0.082123 0.313687 -0.945969
vn -0.567644 0.189612 -0.801141
vn -0.521734 0.189300 -0.831841
vn -0.474456 0.191766 -0.859138
vn -0.069329 -0.992673 -0.098964
vn 0.105401 -0.992673 0.059082
vn 0.111909 -0.992673 -0.045569
vn 0.034147 -0.992673 -0.115905
vn 0.069329 -0.992673 0.098964
vn -0.081055 -0.992673 0.089612
vn 0.524004 -0.530025 0.666703
vn 0.495568 -0.528857 0.689001
vn 0.581955 -0.358882 0.729748
vn 0.847663 -0.528859 0.042135
vn 0.847960 -0.530027 0.005999
vn 0.933383 -0.358881 -0.000000
vn -0.194538 -0.530027 0.825365
vn -0.229701 -0.528859 0.817035
vn -0.207698 -0.358881 0.909981
vn -0.100972 -0.994882 0.003825
vn -0.821752 0.096747 -0.561572
vn 0.966206 -0.197347 -0.165831
vn 0.849658 -0.481576 -0.214862
vn -0.654732 0.189703 -0.731668
vn -0.612184 0.189695 -0.767624
vn 0.859015 0.189702 -0.475506
vn 0.884595 0.189706 -0.426032
vn 0.907329 0.189703 -0.375189
vn -0.980260 0.189703 0.055703
vn -0.981840 0.189709 0.000030
vn -0.980263 0.189704 -0.055643
vn -0.163822 0.189704 0.968078
vn -0.218451 0.189705 0.957231
vn -0.272377 0.189703 0.943305
vn -0.654687 0.189702 0.731709
vn -0.567633 0.189703 0.801128
vn -0.612144 0.189705 0.767653
vn 0.859045 0.189703 0.475452
vn 0.907352 0.189703 0.375133
vn 0.884621 0.189706 0.425978
vn 0.980260 0.189702 -0.055702
vn 0.981841 0.189707 -0.000030
vn 0.980264 0.189702 0.055641
vn -0.859016 0.189702 0.475505
vn -0.884595 0.189709 0.426030
vn -0.907330 0.189703 0.375187
vn -0.907352 0.189704 -0.375133
vn -0.884622 0.189705 -0.425977
vn 0.207697 -0.358881 -0.909982
vn 0.859903 0.468149 -0.203481
vn -0.967891 0.189692 0.164934
vn -0.975585 0.189699 0.110669
vn 0.800478 0.189691 -0.568553
vn 0.830955 0.189695 -0.523001
vn -0.054575 0.189691 0.980326
vn -0.109192 0.189698 0.975752
vn -0.474520 0.189690 0.859563
vn -0.521742 0.189697 0.831745
vn -0.800477 0.189692 0.568553
vn -0.830954 0.189695 0.523002
vn 0.967892 0.189690 -0.164935
vn 0.975586 0.189697 -0.110670
vn -0.732422 0.189689 -0.653893
vn -0.694793 0.189697 -0.693742
vn -0.943603 0.189690 -0.271352
vn -0.926991 0.189695 -0.323580
vn 0.943603 0.189688 0.271351
vn 0.926990 0.189696 0.323580
vn -0.943587 0.189686 0.271411
vn -0.926971 0.189694 0.323636
vn 0.800512 0.189691 0.568505
vn 0.830986 0.189697 0.522950
vn -0.376121 0.189691 0.906945
vn -0.324927 0.189695 0.926519
vn -0.694751 0.189698 0.693783
vn -0.732383 0.189692 0.653936
vn 0.943586 0.189691 -0.271408
vn 0.926970 0.189697 -0.323637
vn 0.967902 0.189690 0.164876
vn 0.975592 0.189697 0.110610
vn -0.967901 0.189694 -0.164875
vn -0.975592 0.189698 -0.110609
vn 0.767618 0.189686 -0.612194
vn -0.767655 0.189689 -0.612147
vn -0.425979 0.189686 0.884625
vn 0.767656 0.189688 0.612146
vn 0.000030 0.189689 0.981844
vn 0.957234 0.189689 0.218453
vn 0.957221 0.189689 -0.218510
vn -0.767619 0.189689 0.612193
vn -0.957221 0.189688 0.218510
vn -0.957233 0.189691 -0.218453
vn 0.766589 -0.530025 -0.362511
vn -0.761384 -0.530024 -0.373321
vn 0.182840 -0.530027 0.828035
vn 0.761384 -0.530023 0.373323
vn -0.533386 -0.530025 0.659222
vn -0.766588 -0.530027 0.362511
vn 0.307046 -0.002554 -0.951691
vn -0.005900 -0.530010 0.847971
vn 0.659293 -0.530006 0.533316
vn -0.666651 -0.530007 0.524089
vn -0.828025 -0.530008 0.182939
vn 0.666651 -0.530006 -0.524090
vn 0.828026 -0.530007 -0.182939
vn -0.659292 -0.530008 -0.533316
vn -0.470196 0.002197 -0.882559
vn 0.528536 0.102461 -0.842705
vn 0.581956 -0.358880 -0.729749
vn 0.622398 -0.358878 -0.695577
vn -0.999944 0.009696 -0.004296
vn -0.183256 -0.979562 0.082924
vn -0.196851 -0.979614 0.040066
vn 0.082864 -0.979615 0.182999
vn 0.121624 -0.979561 0.160210
vn -0.201090 -0.979561 -0.004800
vn -0.194740 -0.979615 -0.049312
vn 0.040068 -0.979561 0.197115
vn -0.004742 -0.979614 0.200832
vn -0.049425 -0.979561 0.194979
vn -0.091410 -0.979614 0.178885
vn 0.179093 -0.979561 0.091573
vn 0.154059 -0.979614 0.128923
vn -0.159972 -0.979615 0.121508
vn -0.129128 -0.979561 0.154225
vn -0.040067 -0.979561 -0.197116
vn 0.004742 -0.979614 -0.200832
vn 0.201089 -0.979561 0.004799
vn 0.194740 -0.979614 0.049312
vn -0.082864 -0.979615 -0.182999
vn -0.121625 -0.979561 -0.160211
vn -0.179093 -0.979561 -0.091573
vn -0.154058 -0.979615 -0.128924
vn 0.049425 -0.979561 -0.194979
vn 0.091410 -0.979614 -0.178885
vn 0.183257 -0.979561 -0.082925
vn 0.196850 -0.979615 -0.040066
vn 0.159973 -0.979615 -0.121508
vn 0.129130 -0.979561 -0.154226
vn -0.849590 -0.480768 -0.216932
vn -0.631221 -0.327879 -0.702891
vn 0.014665 -0.999825 -0.011576
vn -0.855639 0.516074 -0.039361
vn -0.824560 -0.082882 0.559671
vn 0.469167 -0.007949 -0.883074
vn 0.000072 -0.999823 -0.018789
vn -0.014644 -0.999823 -0.011771
vn 0.450183 -0.542363 -0.709350
vn 0.284462 -0.936866 -0.203380
vn 0.018302 -0.999823 0.004252
vn 0.582309 -0.779550 -0.230690
vn 0.636924 -0.322950 -0.700022
vn -0.622398 -0.358877 -0.695578
vn -0.983204 -0.003267 -0.182478
vn -0.776675 0.304136 -0.551614
vn -0.744797 0.304131 -0.593955
vn 0.983162 -0.003622 -0.182700
vn -0.000150 -0.995152 -0.098352
vn -0.139400 -0.985424 -0.097503
vn 0.424307 0.027777 -0.905092
vn 0.373016 0.020306 -0.927603
vn -0.586221 -0.779036 -0.222367
vn 0.106845 -0.994269 0.003576
vn 0.304707 -0.952414 -0.007854
vn -0.965811 -0.021610 -0.258345
vn 0.561395 -0.721193 -0.405852
vn 0.988071 -0.000465 -0.154000
vn -0.111910 -0.992673 0.045569
vn 0.019524 -0.992673 0.119244
vn 0.645207 0.316372 -0.695426
vn -0.187981 -0.370922 -0.909439
vn -0.423851 -0.517654 -0.743226
vn 0.944151 -0.211053 -0.253054
vn 0.825257 -0.083882 0.558493
vn 0.694751 0.189696 -0.693784
vn 0.404964 -0.528882 -0.745847
vn -0.376891 0.157569 -0.912757
vn -0.649627 0.311764 -0.693389
vn 0.539641 -0.358878 -0.761573
vn 0.666612 0.024900 -0.744989
vn 0.665154 0.070637 -0.743358
vn 0.577976 0.024900 0.815674
vn 0.998082 0.024901 0.056686
vn 0.995897 0.070637 0.056561
vn -0.518450 0.541511 -0.661797
vn 0.844223 0.070635 0.531318
vn -0.004441 -0.999984 0.003439
vn -0.966163 -0.041254 0.254611
vn 0.539641 -0.358880 0.761572
vn 0.607172 -0.227122 0.761418
vn 0.973866 -0.227122 0.000029
vn 0.931882 -0.358880 0.052924
vn -0.258962 -0.358879 0.896741
vn -0.216736 -0.227121 0.949443
vn -0.899960 -0.227121 -0.372141
vn 0.970471 0.232893 0.062819
vn -0.849340 0.240022 -0.470118
vn -0.332802 0.718566 -0.610660
vn 0.883602 0.468183 -0.007160
vn -0.556513 0.468185 -0.686364
vn 0.258962 -0.358877 -0.896742
vn 0.128510 -0.112376 -0.985321
vn 0.963366 0.190821 -0.188450
vn 0.806177 -0.473277 -0.355089
vn 0.523686 0.006327 -0.851888
vn -0.964455 0.043507 -0.260642
vn 0.966467 -0.041958 0.253338
vn -0.418449 0.009464 -0.908191
vn -0.264299 0.304154 -0.915225
# 4141 vertex normals

g Cylinder01
usemtl 01___Default
s 4
f -3206//-4141 -3747//-4140 -2855//-4139 
f -4045//-4138 -995//-4137 -2865//-4136 
f -2945//-4135 -1396//-4134 -1797//-4133 
f -2849//-4132 -1381//-4131 -1859//-4130 
f -2838//-4129 -1398//-4128 -1802//-4127 
f -3798//-4126 -3300//-4125 -3352//-4124 
f -3316//-4123 -2500//-4122 -4139//-4121 
f -1467//-4120 -3279//-4119 -3576//-4118 
f -1796//-4117 -3144//-4116 -2835//-4115 
f -1795//-4114 -3141//-4113 -3254//-4112 
f -912//-4111 -3465//-4110 -3483//-4109 
f -3352//-4124 -2564//-4108 -3798//-4126 
f -1351//-4107 -2916//-4106 -3117//-4105 
f -3320//-4104 -948//-4103 -1027//-4102 
f -2083//-4101 -3803//-4100 -2570//-4099 
f -1027//-4102 -909//-4098 -3320//-4104 
f -1807//-4097 -3145//-4096 -2834//-4095 
f -1019//-4094 -4138//-4093 -4131//-4092 
f -3240//-4091 -1366//-4090 -1803//-4089 
f -2728//-4088 -4090//-4087 -3447//-4086 
f -4129//-4085 -3213//-4084 -2620//-4083 
f -2834//-4095 -1397//-4082 -1807//-4097 
f -4127//-4081 -3236//-4080 -3563//-4079 
f -1574//-4078 -1523//-4077 -3195//-4076 
f -2927//-4075 -1385//-4074 -1856//-4073 
f -2878//-4072 -4048//-4071 -3824//-4070 
f -3453//-4069 -3483//-4109 -984//-4068 
f -2629//-4067 -2561//-4066 -3744//-4065 
f -1904//-4064 -1015//-4063 -4138//-4093 
f -1794//-4062 -3146//-4061 -2917//-4060 
f -3919//-4059 -4092//-4058 -2358//-4057 
f -911//-4056 -3491//-4055 -3483//-4109 
f -2713//-4054 -3915//-4053 -1258//-4052 
f -3116//-4051 -4042//-4050 -2869//-4049 
f -2578//-4048 -3615//-4047 -695//-4046 
f -2438//-4045 -3898//-4044 -3956//-4043 
f -2984//-4042 -3738//-4041 -1873//-4040 
f -1837//-4039 -3323//-4038 -3891//-4037 
f -3094//-4036 -3260//-4035 -1346//-4034 
f -2957//-4033 -1438//-4032 -1432//-4031 
f -3880//-4030 -3460//-4029 -313//-4028 
f -2120//-4027 -4032//-4026 -2809//-4025 
f -3223//-4024 -2016//-4023 -1439//-4022 
f -4121//-4021 -3991//-4020 -3350//-4019 
f -2224//-4018 -2884//-4017 -2674//-4016 
f -2925//-4015 -1382//-4014 -1777//-4013 
f -988//-4012 -1900//-4011 -1203//-4010 
f -1896//-4009 -3706//-4008 -2421//-4007 
f -3840//-4006 -4087//-4005 -3402//-4004 
f -3480//-4003 -4117//-4002 -3780//-4001 
f -4116//-4000 -2495//-3999 -2719//-3998 
f -2848//-3997 -1377//-3996 -1854//-3995 
f -1517//-3994 -1582//-3993 -3924//-3992 
f -2640//-3991 -2499//-3990 -3550//-3989 
f -1804//-3988 -3140//-3987 -2836//-3986 
f -4114//-3985 -1016//-3984 -4138//-4093 
f -1907//-3983 -3428//-3982 -4138//-4093 
f -1797//-4133 -3142//-3981 -2945//-4135 
f -4112//-3980 -3424//-3979 -4138//-4093 
f -1802//-4127 -3143//-3978 -2838//-4129 
f -4000//-3977 -3589//-3976 -1664//-3975 
f -2868//-3974 -1418//-3973 -1886//-3972 
f -3559//-3971 -2673//-3970 -2723//-3969 
f -1248//-3968 -3309//-3967 -825//-3966 
f -3339//-3965 -2856//-3964 -3402//-4004 
f -3207//-3963 -3807//-3962 -2373//-3961 
f -1943//-3960 -1914//-3959 -2126//-3958 
f -2832//-3957 -3711//-3956 -3809//-3955 
f -2861//-3954 -202//-3953 -446//-3952 
f -3556//-3951 -4141//-3950 -2899//-3949 
f -2202//-3948 -3210//-3947 -1111//-3946 
f -985//-3945 -4096//-3944 -3203//-3943 
f -1173//-3942 -1174//-3941 -3586//-3940 
f -4139//-4121 -3506//-3939 -3316//-4123 
f -1674//-3938 -1638//-3937 -937//-3936 
f -4049//-3935 -3953//-3934 -1653//-3933 
f -2832//-3957 -2484//-3932 -3711//-3956 
f -1217//-3931 -1234//-3930 -2759//-3929 
f -1657//-3928 -1708//-3927 -3761//-3926 
f -4041//-3925 -3989//-3924 -1660//-3923 
f -4094//-3922 -4046//-3921 -1661//-3920 
f -1655//-3919 -1705//-3918 -972//-3917 
f -3065//-3916 -1201//-3915 -1206//-3914 
f -3353//-3913 -2907//-3912 -176//-3911 
f -1678//-3910 -1651//-3909 -940//-3908 
f -938//-3907 -974//-3906 -1681//-3905 
f -2705//-3904 -1902//-3903 -3755//-3902 
f -3654//-3901 -1439//-4022 -2016//-4023 
f -1552//-3900 -192//-3899 -1197//-3898 
f -1652//-3897 -3541//-3896 -906//-3895 
f -3066//-3894 -4123//-3893 -2574//-3892 
f -1053//-3891 -2422//-3890 -1267//-3889 
f -1663//-3888 -1704//-3887 -3934//-3886 
f -934//-3885 -978//-3884 -1682//-3883 
f -482//-3882 -498//-3881 -2940//-3880 
f -2930//-3879 -280//-3878 -444//-3877 
f -1671//-3876 -1641//-3875 -945//-3874 
f -2643//-3873 -2664//-3872 -1991//-3871 
f -4116//-4000 -992//-3870 -2495//-3999 
f -2526//-3869 -87//-3868 -649//-3867 
f -3299//-3866 -2369//-3865 -1194//-3864 
f -4058//-3863 -4091//-3862 -1181//-3861 
f -1214//-3860 -1243//-3859 -2750//-3858 
f -4090//-4087 -2439//-3857 -2607//-3856 
f -4137//-3855 -2609//-3854 -2509//-3853 
f -1056//-3852 -2988//-3851 -1962//-3850 
f -1672//-3849 -1649//-3848 -936//-3847 
f -944//-3846 -975//-3845 -1675//-3844 
f -3956//-4043 -2866//-3843 -2438//-4045 
f -2364//-3842 -1227//-3841 -1548//-3840 
f -1948//-3839 -1920//-3838 -2128//-3837 
f -2720//-3836 -3950//-3835 -3597//-3834 
f -642//-3833 -2089//-3832 -2523//-3831 
f -2557//-3830 -762//-3829 -619//-3828 
f -1114//-3827 -2377//-3826 -3000//-3825 
f -1776//-3824 -1785//-3823 -1820//-3822 
f -3557//-3821 -4082//-3820 -2833//-3819 
f -3198//-3818 -2913//-3817 -2410//-3816 
f -3961//-3815 -3257//-3814 -2632//-3813 
f -2747//-3812 -2740//-3811 -1215//-3810 
f -2752//-3809 -2737//-3808 -1216//-3807 
f -1215//-3810 -1244//-3806 -2747//-3812 
f -941//-3805 -971//-3804 -1676//-3803 
f -3652//-3802 -2531//-3801 -2721//-3800 
f -2966//-3799 -2284//-3798 -1080//-3797 
f -1909//-3796 -2718//-3795 -3614//-3794 
f -1426//-3793 -4056//-3792 -1436//-3791 
f -1080//-3797 -2327//-3790 -2966//-3799 
f -1259//-3789 -2595//-3788 -4109//-3787 
f -3494//-3786 -1783//-3785 -1861//-3784 
f -2569//-3783 -1248//-3968 -3938//-3782 
f -3882//-3781 -2359//-3780 -2350//-3779 
f -1664//-3975 -1709//-3778 -4000//-3977 
f -3020//-3777 -1380//-3776 -1780//-3775 
f -3010//-3774 -1018//-3773 -1925//-3772 
f -1870//-3771 -3129//-3770 -2946//-3769 
f -3011//-3768 -1019//-4094 -4131//-4092 
f -1864//-3767 -3132//-3766 -3253//-3765 
f -1868//-3764 -3130//-3763 -2948//-3762 
f -3005//-3761 -1021//-3760 -4125//-3759 
f -3007//-3758 -3428//-3982 -1907//-3983 
f -1866//-3757 -3127//-3756 -2947//-3755 
f -1869//-3754 -3128//-3753 -2837//-3752 
f -3006//-3751 -1016//-3984 -4114//-3985 
f -1865//-3750 -3133//-3749 -2918//-3748 
f -3009//-3747 -3424//-3979 -4112//-3980 
f -3008//-3746 -1015//-4063 -1904//-4064 
f -1867//-3745 -3131//-3744 -3252//-3743 
f -1554//-3742 -3401//-3741 -3002//-3740 
f -2020//-3739 -2055//-3738 -90//-3737 
f -2748//-3736 -2736//-3735 -1212//-3734 
f -4137//-3855 -3231//-3733 -2622//-3732 
f -1461//-3731 -3449//-3730 -3276//-3729 
f -2556//-3728 -761//-3727 -615//-3726 
f -234//-3725 -396//-3724 -2203//-3723 
f -2650//-3722 -2666//-3721 -2244//-3720 
f -933//-3719 -967//-3718 -1679//-3717 
f -3256//-3716 -2108//-3715 -1882//-3714 
f -1926//-3713 -2060//-3712 -211//-3711 
f -2905//-3710 -2985//-3709 -3180//-3708 
f -3620//-3707 -58//-3706 -617//-3705 
f -619//-3828 -2515//-3704 -3293//-3703 
f -612//-3702 -2517//-3701 -3297//-3700 
f -3618//-3699 -54//-3698 -614//-3697 
f -3534//-3696 -3588//-3695 -2372//-3694 
f -3861//-3693 -3112//-3692 -2725//-3691 
f -2416//-3690 -1763//-3689 -618//-3688 
f -2206//-3687 -644//-3686 -733//-3685 
f -1524//-3684 -1576//-3683 -4057//-3682 
f -1827//-3681 -1849//-3680 -1526//-3679 
f -1484//-3678 -1545//-3677 -1911//-3676 
f -3318//-3675 -3024//-3674 -2150//-3673 
f -1219//-3672 -1245//-3671 -2757//-3670 
f -2758//-3669 -2729//-3668 -1213//-3667 
f -2850//-3666 -1388//-3665 -1775//-3664 
f -1654//-3663 -1717//-3662 -3462//-3661 
f -464//-3660 -435//-3659 -3624//-3658 
f -2900//-3657 -275//-3656 -486//-3655 
f -735//-3654 -3275//-3653 -3435//-3652 
f -4052//-3651 -2614//-3650 -2639//-3649 
f -2346//-3648 -2999//-3647 -4130//-3646 
f -2932//-3645 -276//-3644 -473//-3643 
f -1783//-3785 -3494//-3786 -3171//-3642 
f -2186//-3641 -1332//-3640 -3333//-3639 
f -466//-3638 -465//-3637 -3608//-3636 
f -440//-3635 -479//-3634 -2902//-3633 
f -4048//-4071 -2476//-3632 -2621//-3631 
f -651//-3630 -2085//-3629 -2520//-3628 
f -1496//-3627 -3546//-3626 -2563//-3625 
f -2599//-3624 -1800//-3623 -3053//-3622 
f -493//-3621 -489//-3620 -2964//-3619 
f -487//-3618 -470//-3617 -2572//-3616 
f -475//-3615 -451//-3614 -2901//-3613 
f -3579//-3612 -3984//-3611 -2744//-3610 
f -4044//-3609 -1852//-3608 -1513//-3607 
f -1518//-3606 -1578//-3605 -3922//-3604 
f -2059//-3603 -313//-4028 -3460//-4029 
f -1469//-3602 -2286//-3601 -3622//-3600 
f -2315//-3599 -2237//-3598 -3765//-3597 
f -2223//-3596 -3886//-3595 -2216//-3594 
f -701//-3593 -570//-3592 -2903//-3591 
f -206//-3590 -3930//-3589 -457//-3588 
f -2066//-3587 -2035//-3586 -49//-3585 
f -2754//-3584 -2733//-3583 -1221//-3582 
f -2008//-3581 -1589//-3580 -3667//-3579 
f -2422//-3890 -1053//-3891 -2268//-3578 
f -500//-3577 -513//-3576 -327//-3575 
f -3739//-3574 -248//-3573 -1207//-3572 
f -1676//-3803 -1646//-3571 -941//-3805 
f -2844//-3570 -1055//-3569 -1787//-3568 
f -1276//-3567 -1965//-3566 -2270//-3565 
f -1875//-3564 -4036//-3563 -3434//-3562 
f -4035//-3561 -1841//-3560 -1516//-3559 
f -4055//-3558 -1842//-3557 -1515//-3556 
f -1969//-3555 -1266//-3554 -2704//-3553 
f -2455//-3552 -747//-3551 -2791//-3550 
f -2948//-3762 -1403//-3549 -1868//-3764 
f -1661//-3920 -1714//-3548 -4094//-3922 
f -108//-3547 -3554//-3546 -2055//-3738 
f -4032//-4026 -2120//-4027 -1758//-3545 
f -4122//-3544 -4098//-3543 -3331//-3542 
f -2270//-3565 -3223//-4024 -3280//-3541 
f -2847//-3540 -1389//-3539 -1860//-3538 
f -1660//-3923 -1706//-3537 -4041//-3925 
f -1216//-3807 -1233//-3536 -2752//-3809 
f -3753//-3535 -4029//-3534 -2699//-3533 
f -1002//-3532 -3946//-3531 -3720//-3530 
f -1854//-3995 -4068//-3529 -2848//-3997 
f -1859//-4130 -4070//-3528 -2849//-4132 
f -1001//-3527 -3947//-3526 -3725//-3525 
f -1860//-3538 -4073//-3524 -2847//-3540 
f -999//-3523 -3941//-3522 -3724//-3521 
f -998//-3520 -3944//-3519 -3723//-3518 
f -1856//-4073 -4074//-3517 -2927//-4075 
f -1000//-3516 -3945//-3515 -3721//-3514 
f -1857//-3513 -4071//-3512 -2959//-3511 
f -1855//-3510 -4069//-3509 -1054//-3508 
f -1003//-3507 -3942//-3506 -3722//-3505 
f -1858//-3504 -3153//-3503 -2926//-3502 
f -1004//-3501 -1769//-3500 -3719//-3499 
f -2901//-3613 -277//-3498 -475//-3615 
f -942//-3497 -973//-3496 -1673//-3495 
f -445//-3494 -490//-3493 -2939//-3492 
f -486//-3655 -439//-3491 -2900//-3657 
f -1514//-3490 -1583//-3489 -3925//-3488 
f -4019//-3487 -1839//-3486 -1522//-3485 
f -4018//-3484 -3948//-3483 -2698//-3482 
f -2759//-3929 -2731//-3481 -1217//-3931 
f -1460//-3480 -3422//-3479 -3277//-3478 
f -2555//-3477 -760//-3476 -612//-3702 
f -1740//-3475 -3019//-3474 -3710//-3473 
f -936//-3847 -965//-3472 -1672//-3849 
f -2602//-3471 -3594//-3470 -3550//-3989 
f -433//-3469 -461//-3468 -2944//-3467 
f -2626//-3466 -4014//-3465 -3831//-3464 
f -3374//-3463 -3757//-3462 -2711//-3461 
f -1986//-3460 -2005//-3459 -3167//-3458 
f -2924//-3457 -1386//-3456 -1773//-3455 
f -2205//-3454 -640//-3453 -743//-3452 
f -3181//-3451 -1457//-3450 -752//-3449 
f -1896//-4009 -3803//-4100 -1186//-3448 
f -2458//-3447 -3962//-3446 -3878//-3445 
f -4052//-3651 -3562//-3444 -2614//-3650 
f -476//-3443 -491//-3442 -3731//-3441 
f -2836//-3986 -1404//-3440 -1804//-3988 
f -2654//-3439 -2665//-3438 -2242//-3437 
f -649//-3867 -2086//-3436 -2526//-3869 
f -2611//-3435 -3329//-3434 -4008//-3433 
f -4007//-3432 -2807//-3431 -2558//-3430 
f -483//-3429 -505//-3428 -2943//-3427 
f -4061//-3426 -1848//-3425 -1521//-3424 
f -4006//-3423 -1843//-3422 -1525//-3421 
f -3376//-3420 -3658//-3419 -1047//-3418 
f -3663//-3417 -3378//-3416 -1542//-3415 
f -1445//-3414 -2724//-3413 -3107//-3412 
f -2401//-3411 -743//-3452 -640//-3453 
f -2935//-3410 -331//-3409 -502//-3408 
f -2911//-3407 -3136//-3406 -1933//-3405 
f -3054//-3404 -1481//-3403 -737//-3402 
f -3659//-3401 -752//-3449 -1457//-3450 
f -15//-3400 -1163//-3399 -2541//-3398 
f -1979//-3397 -771//-3396 -4001//-3395 
f -221//-3394 -2357//-3393 -509//-3392 
f -972//-3917 -3324//-3391 -1655//-3919 
f -2749//-3390 -2735//-3389 -1218//-3388 
f -2760//-3387 -2732//-3386 -1223//-3385 
f -3438//-3384 -2269//-3383 -2285//-3382 
f -2594//-3381 -3093//-3380 -3415//-3379 
f -2929//-3378 -282//-3377 -456//-3376 
f -3292//-3375 -4103//-3374 -2819//-3373 
f -2461//-3372 -3678//-3371 -2580//-3370 
f -1285//-3369 -1009//-3368 -3470//-3367 
f -3831//-3464 -3481//-3366 -2626//-3466 
f -1424//-3365 -3115//-3364 -2363//-3363 
f -1888//-3362 -3147//-3361 -3351//-3360 
f -2193//-3359 -2723//-3969 -905//-3358 
f -1526//-3679 -1580//-3357 -1827//-3681 
f -2424//-3356 -3400//-3355 -3483//-4109 
f -2638//-3354 -2259//-3353 -2238//-3352 
f -3025//-3351 -3888//-3350 -2708//-3349 
f -1156//-3348 -2193//-3359 -2369//-3865 
f -3202//-3347 -3439//-3346 -2400//-3345 
f -622//-3344 -2114//-3343 -3294//-3342 
f -2521//-3341 -88//-3340 -641//-3339 
f -937//-3936 -977//-3338 -1674//-3938 
f -2862//-3337 -201//-3336 -463//-3335 
f -2191//-3334 -1747//-3333 -1781//-3332 
f -3612//-3331 -3776//-3330 -1103//-3329 
f -620//-3328 -2115//-3327 -3296//-3326 
f -2523//-3831 -91//-3325 -642//-3833 
f -1012//-3324 -3420//-3323 -4100//-3322 
f -3498//-3321 -2809//-4025 -4032//-4026 
f -3622//-3600 -3113//-3320 -1469//-3602 
f -1495//-3319 -3906//-3318 -3174//-3317 
f -3933//-3316 -3552//-3315 -2623//-3314 
f -648//-3313 -2088//-3312 -2527//-3311 
f -705//-3310 -1968//-3309 -2811//-3308 
f -3415//-3379 -2497//-3307 -2594//-3381 
f -3701//-3306 -1782//-3305 -1746//-3304 
f -3434//-3562 -1197//-3898 -192//-3899 
f -2919//-3303 -1372//-3302 -1808//-3301 
f -2646//-3300 -2670//-3299 -1998//-3298 
f -1677//-3297 -1640//-3296 -935//-3295 
f -2921//-3294 -1373//-3293 -1818//-3292 
f -2629//-4067 -3979//-3291 -4126//-3290 
f -519//-3289 -508//-3288 -3237//-3287 
f -4130//-3646 -3978//-3286 -2346//-3648 
f -643//-3285 -2087//-3284 -2525//-3283 
f -2255//-3282 -2265//-3281 -3168//-3280 
f -2959//-3511 -1383//-3279 -1857//-3513 
f -3065//-3916 -1206//-3914 -1430//-3278 
f -2217//-3277 -670//-3276 -811//-3275 
f -2534//-3274 -3777//-3273 -2332//-3272 
f -4077//-3271 -3301//-3270 -2534//-3274 
f -2755//-3269 -2730//-3268 -1220//-3267 
f -2208//-3266 -639//-3265 -734//-3264 
f -2884//-4017 -3558//-3263 -3587//-3262 
f -2402//-3261 -733//-3685 -644//-3686 
f -2949//-3260 -203//-3259 -437//-3258 
f -3381//-3257 -3258//-3256 -2610//-3255 
f -2757//-3670 -2739//-3254 -1219//-3672 
f -1221//-3582 -1236//-3253 -2754//-3584 
f -2651//-3252 -2667//-3251 -1992//-3250 
f -298//-3249 -427//-3248 -1723//-3247 
f -3030//-3246 -2491//-3245 -887//-3244 
f -2502//-3243 -3085//-3242 -637//-3241 
f -2505//-3240 -3081//-3239 -633//-3238 
f -3033//-3237 -2493//-3236 -890//-3235 
f -3028//-3234 -2488//-3233 -889//-3232 
f -2503//-3231 -3083//-3230 -634//-3229 
f -3029//-3228 -2490//-3227 -888//-3226 
f -2504//-3225 -3080//-3224 -635//-3223 
f -3027//-3222 -2492//-3221 -886//-3220 
f -2506//-3219 -3084//-3218 -631//-3217 
f -3032//-3216 -2487//-3215 -891//-3214 
f -2501//-3213 -3082//-3212 -632//-3211 
f -2507//-3210 -3086//-3209 -636//-3208 
f -3031//-3207 -2489//-3206 -885//-3205 
f -3069//-3204 -3338//-3203 -1498//-3202 
f -1230//-3201 -893//-3200 -2955//-3199 
f -3799//-3198 -1327//-3197 -802//-3196 
f -3961//-3815 -2632//-3813 -2624//-3195 
f -1670//-3194 -1645//-3193 -943//-3192 
f -2946//-3769 -1394//-3191 -1870//-3771 
f -981//-3190 -2746//-3189 -1011//-3188 
f -2328//-3187 -3017//-3186 -3335//-3185 
f -481//-3184 -458//-3183 -3677//-3182 
f -3958//-3181 -2510//-3180 -2710//-3179 
f -2204//-3178 -645//-3177 -735//-3654 
f -3957//-3176 -2742//-3175 -1222//-3174 
f -1973//-3173 -2143//-3172 -2637//-3171 
f -2185//-3170 -3553//-3169 -2475//-3168 
f -1198//-3167 -1871//-3166 -3573//-3165 
f -2371//-3164 -400//-3163 -2801//-3162 
f -2112//-3161 -2404//-3160 -3778//-3159 
f -2826//-3158 -2081//-3157 -3399//-3156 
f -945//-3874 -969//-3155 -1671//-3876 
f -2863//-3154 -204//-3153 -441//-3152 
f -3575//-3151 -1727//-3150 -1747//-3333 
f -3760//-3149 -3103//-3148 -3676//-3147 
f -4107//-3146 -3951//-3145 -2774//-3144 
f -736//-3143 -2419//-3142 -3059//-3141 
f -1462//-3140 -3058//-3139 -2418//-3138 
f -3673//-3137 -4086//-3136 -2829//-3135 
f -3325//-3134 -3949//-3133 -2399//-3132 
f -1584//-3131 -4050//-3130 -3520//-3129 
f -3752//-3128 -4017//-3127 -2702//-3126 
f -1224//-3125 -1242//-3124 -2753//-3123 
f -3222//-3122 -3626//-3121 -3635//-3120 
f -2339//-3119 -3078//-3118 -134//-3117 
f -3217//-3116 -3629//-3115 -3639//-3114 
f -2337//-3113 -3075//-3112 -132//-3111 
f -2338//-3110 -3074//-3109 -135//-3108 
f -3221//-3107 -3625//-3106 -3640//-3105 
f -2335//-3104 -3072//-3103 -136//-3102 
f -3218//-3101 -3627//-3100 -3638//-3099 
f -3220//-3098 -3628//-3097 -3637//-3096 
f -2336//-3095 -3076//-3094 -133//-3093 
f -2340//-3092 -3073//-3091 -131//-3090 
f -3216//-3089 -3631//-3088 -3636//-3087 
f -2334//-3086 -3077//-3085 -130//-3084 
f -3219//-3083 -3630//-3082 -3634//-3081 
f -4103//-3374 -2456//-3080 -3313//-3079 
f -3037//-3078 -756//-3077 -1479//-3076 
f -2746//-3189 -981//-3190 -3088//-3075 
f -769//-3074 -3061//-3073 -3380//-3072 
f -3754//-3071 -3717//-3070 -4110//-3069 
f -1989//-3068 -2704//-3553 -1266//-3554 
f -2576//-3067 -1022//-3066 -1562//-3065 
f -3676//-3147 -2812//-3064 -3760//-3149 
f -3254//-4112 -1401//-3063 -1795//-4114 
f -1682//-3883 -1650//-3062 -934//-3885 
f -1433//-3061 -1428//-3060 -2579//-3059 
f -1613//-3058 -1062//-3057 -3139//-3056 
f -504//-3055 -529//-3054 -272//-3053 
f -3934//-3886 -4038//-3052 -1663//-3888 
f -3933//-3316 -2623//-3314 -3340//-3051 
f -443//-3050 -494//-3049 -2941//-3048 
f -3865//-3047 -3932//-3046 -2700//-3045 
f -1225//-3044 -1238//-3043 -2756//-3042 
f -3253//-3765 -1402//-3041 -1864//-3767 
f -1680//-3040 -1644//-3039 -946//-3038 
f -956//-3037 -2448//-3036 -2134//-3035 
f -3930//-3589 -206//-3590 -1950//-3034 
f -2344//-3033 -1316//-3032 -1143//-3031 
f -3115//-3364 -1374//-3030 -1246//-3029 
f -3887//-3028 -2993//-3027 -2547//-3026 
f -144//-3025 -2378//-3024 -3371//-3023 
f -304//-3022 -558//-3021 -1598//-3020 
f -548//-3019 -296//-3018 -3981//-3017 
f -3736//-3016 -2966//-3799 -2327//-3790 
f -3678//-3371 -2461//-3372 -2271//-3015 
f -3925//-3488 -1840//-3014 -1514//-3490 
f -1212//-3734 -1232//-3013 -2748//-3736 
f -1213//-3667 -1239//-3012 -2758//-3669 
f -3924//-3992 -1847//-3011 -1517//-3994 
f -1218//-3388 -1235//-3010 -2749//-3390 
f -3923//-3009 -1845//-3008 -1519//-3007 
f -3922//-3604 -1851//-3006 -1518//-3606 
f -1220//-3267 -1241//-3005 -2755//-3269 
f -3921//-3004 -1846//-3003 -1520//-3002 
f -1222//-3174 -2695//-3001 -3957//-3176 
f -2978//-3000 -1543//-2999 -426//-2998 
f -261//-2997 -546//-2996 -1595//-2995 
f -2469//-2994 -1295//-2993 -797//-2992 
f -2358//-4057 -2875//-2991 -3919//-4059 
f -4129//-4085 -996//-2990 -3213//-4084 
f -2396//-2989 -759//-2988 -621//-2987 
f -2743//-2986 -3982//-2985 -1431//-2984 
f -1346//-4034 -997//-2983 -3094//-4036 
f -2122//-2982 -2882//-2981 -1940//-2980 
f -963//-2979 -2442//-2978 -3535//-2977 
f -1288//-2976 -17//-2975 -2408//-2974 
f -4096//-3944 -985//-3945 -3343//-2973 
f -3178//-2972 -2855//-4139 -3747//-4140 
f -2514//-2971 -2813//-2970 -3794//-2969 
f -4140//-2968 -3913//-2967 -341//-2966 
f -3913//-2967 -3480//-4003 -2706//-2965 
f -3368//-2964 -2548//-2963 -4066//-2962 
f -2724//-3413 -1445//-3414 -1144//-2961 
f -2958//-2960 -1387//-2959 -1779//-2958 
f -422//-2957 -297//-2956 -3522//-2955 
f -1669//-2954 -1642//-2953 -939//-2952 
f -267//-2951 -556//-2950 -2168//-2949 
f -2939//-3492 -245//-2948 -445//-3494 
f -3909//-2947 -4020//-2946 -1659//-2945 
f -469//-2944 -492//-2943 -3379//-2942 
f -3908//-2941 -2722//-2940 -3563//-4079 
f -951//-2939 -2444//-2938 -3666//-2937 
f -271//-2936 -3699//-2935 -2060//-3712 
f -1978//-2934 -2411//-2933 -3679//-2932 
f -2595//-3788 -1423//-2931 -3182//-2930 
f -3758//-2929 -1310//-2928 -783//-2927 
f -3662//-2926 -1320//-2925 -593//-2924 
f -2897//-2923 -3331//-3542 -4098//-3543 
f -3904//-2922 -4011//-2921 -1877//-2920 
f -2837//-3752 -1405//-2919 -1869//-3754 
f -555//-2918 -269//-2917 -2817//-2916 
f -3718//-2915 -1326//-2914 -846//-2913 
f -823//-2912 -768//-2911 -1336//-2910 
f -4124//-2909 -3403//-2908 -3329//-3434 
f -3814//-2907 -1324//-2906 -803//-2905 
f -734//-3264 -2417//-2904 -3060//-2903 
f -3652//-3802 -3493//-2902 -2531//-3801 
f -340//-2901 -836//-2900 -1312//-2899 
f -1728//-2898 -2529//-2897 -3478//-2896 
f -1047//-3418 -1590//-2895 -3376//-3420 
f -2190//-2894 -1899//-2893 -1924//-2892 
f -3897//-2891 -1464//-2890 -1082//-2889 
f -1131//-2888 -1033//-2887 -3726//-2886 
f -1515//-3556 -1581//-2885 -4055//-3558 
f -949//-2884 -904//-2883 -2824//-2882 
f -2253//-2881 -2266//-2880 -3445//-2879 
f -1725//-2878 -3495//-2877 -263//-2876 
f -3666//-2937 -2131//-2875 -1919//-2874 
f -1928//-2873 -1954//-2872 -2912//-2871 
f -2902//-3633 -273//-2870 -440//-3635 
f -953//-2869 -2440//-2868 -3537//-2867 
f -1061//-2866 -3485//-2865 -2241//-2864 
f -3087//-2863 -3375//-2862 -3892//-2861 
f -2318//-2860 -2294//-2859 -3621//-2858 
f -3705//-2857 -2326//-2856 -2308//-2855 
f -3890//-2854 -1473//-2853 -1157//-2852 
f -1190//-2851 -1082//-2889 -1464//-2890 
f -1295//-2993 -2469//-2994 -3302//-2850 
f -2880//-2849 -1632//-2848 -1311//-2847 
f -2519//-2846 -2151//-2845 -2879//-2844 
f -2278//-2843 -1561//-2842 -1591//-2841 
f -3172//-2840 -2113//-2839 -2908//-2838 
f -1785//-3823 -1776//-3824 -3457//-2837 
f -3182//-2930 -4109//-3787 -2595//-3788 
f -3590//-2836 -3235//-2835 -1358//-2834 
f -3308//-2833 -3350//-4019 -3991//-4020 
f -1117//-2832 -1888//-3362 -1263//-2831 
f -750//-2830 -2792//-2829 -3055//-2828 
f -3279//-4119 -1467//-4120 -751//-2827 
f -1300//-2826 -3281//-2825 -2593//-2824 
f -849//-2823 -777//-2822 -1343//-2821 
f -2606//-2820 -2604//-2819 -2630//-2818 
f -3986//-2817 -176//-3911 -2907//-3912 
f -424//-2816 -265//-2815 -3421//-2814 
f -3252//-3743 -1395//-2813 -1867//-3745 
f -1197//-3898 -3434//-3562 -4036//-3563 
f -2120//-4027 -3330//-2812 -1758//-3545 
f -284//-2811 -3334//-2810 -447//-2809 
f -3098//-2808 -2790//-2807 -925//-2806 
f -1878//-2805 -3878//-3445 -3962//-3446 
f -1563//-2804 -1261//-2803 -2608//-2802 
f -2459//-2801 -1482//-2800 -4099//-2799 
f -2243//-2798 -2938//-2797 -2647//-2796 
f -2432//-2795 -335//-2794 -308//-2793 
f -3645//-2792 -2589//-2791 -690//-2790 
f -2430//-2789 -337//-2788 -312//-2787 
f -3642//-2786 -2588//-2785 -693//-2784 
f -2429//-2783 -333//-2782 -307//-2781 
f -3646//-2780 -2584//-2779 -691//-2778 
f -2427//-2777 -339//-2776 -309//-2775 
f -3643//-2774 -2585//-2773 -687//-2772 
f -2433//-2771 -334//-2770 -306//-2769 
f -3644//-2768 -2586//-2767 -689//-2766 
f -3647//-2765 -2583//-2764 -688//-2763 
f -2428//-2762 -338//-2761 -311//-2760 
f -2431//-2759 -336//-2758 -310//-2757 
f -3641//-2756 -2587//-2755 -692//-2754 
f -3420//-3323 -3986//-2817 -3314//-2753 
f -1103//-3329 -1745//-2752 -3612//-3331 
f -1539//-2751 -1511//-2750 -1073//-2749 
f -1071//-2748 -1099//-2747 -1531//-2746 
f -3210//-3947 -3867//-2745 -1744//-2744 
f -1744//-2744 -2636//-2743 -2631//-2742 
f -4002//-2741 -3866//-2740 -2694//-2739 
f -2603//-2738 -737//-3402 -1481//-3403 
f -2750//-3858 -2734//-2737 -1214//-3860 
f -2207//-2736 -646//-2735 -736//-3143 
f -4012//-2734 -3864//-2733 -2693//-2732 
f -2904//-2731 -621//-2987 -759//-2988 
f -425//-2730 -270//-2729 -2980//-2728 
f -300//-2727 -419//-2726 -2342//-2725 
f -3368//-2964 -3862//-2724 -3912//-2723 
f -3766//-2722 -1328//-2721 -858//-2720 
f -2362//-2719 -2915//-2718 -3611//-2717 
f -3765//-3597 -2293//-2716 -2315//-3599 
f -2574//-3892 -1254//-2715 -3066//-3894 
f -3492//-2714 -4001//-3395 -771//-3396 
f -2372//-3694 -1334//-2713 -3534//-3696 
f -3611//-2717 -3176//-2712 -2362//-2719 
f -1454//-2711 -3177//-2710 -3858//-2709 
f -2723//-3969 -3976//-2708 -905//-3358 
f -3404//-2707 -2828//-2706 -1964//-2705 
f -1964//-2705 -3339//-3965 -3892//-2861 
f -2123//-2704 -2881//-2703 -1944//-2702 
f -960//-2701 -2277//-2700 -3536//-2699 
f -2546//-2698 -1812//-2697 -2291//-2696 
f -3055//-2828 -1549//-2695 -882//-2694 
f -184//-2693 -94//-2692 -2231//-2691 
f -1777//-4013 -3968//-2690 -2925//-4015 
f -1774//-2689 -3964//-2688 -2928//-2687 
f -189//-2686 -93//-2685 -2226//-2684 
f -1775//-3664 -3965//-2683 -2850//-3666 
f -185//-2682 -96//-2681 -2230//-2680 
f -188//-2679 -95//-2678 -2225//-2677 
f -1780//-3775 -3969//-2676 -3020//-3777 
f -1773//-3455 -3963//-2675 -2924//-3457 
f -186//-2674 -98//-2673 -2227//-2672 
f -1779//-2958 -3967//-2671 -2958//-2960 
f -190//-2670 -97//-2669 -2229//-2668 
f -187//-2667 -99//-2666 -2228//-2665 
f -1778//-2664 -3966//-2663 -1743//-2662 
f -1653//-3933 -1713//-2661 -4049//-3935 
f -423//-2660 -295//-2659 -3523//-2658 
f -4046//-3921 -4094//-3922 -2353//-2657 
f -2941//-3048 -242//-2656 -443//-3050 
f -2976//-2655 -1620//-2654 -390//-2653 
f -547//-2652 -292//-2651 -3527//-2650 
f -1137//-2649 -1038//-2648 -3844//-2647 
f -3058//-3139 -1462//-3140 -1138//-2646 
f -417//-2645 -262//-2644 -2982//-2643 
f -299//-2642 -428//-2641 -1724//-2640 
f -1567//-2639 -2295//-2638 -3842//-2637 
f -3891//-4037 -1876//-2636 -1837//-4039 
f -3841//-2635 -1459//-2634 -1133//-2633 
f -1118//-2632 -1184//-2631 -3489//-2630 
f -3840//-4006 -3402//-4004 -2856//-3964 
f -4079//-2629 -3139//-3056 -1062//-3057 
f -1853//-2628 -1746//-3304 -1782//-3305 
f -2704//-3553 -3034//-2627 -1969//-3555 
f -3818//-2626 -1465//-2625 -1188//-2624 
f -3298//-2623 -2567//-2622 -4136//-2621 
f -1967//-2620 -2415//-2619 -3985//-2618 
f -4050//-3130 -1584//-3131 -1741//-2617 
f -2912//-2871 -3134//-2616 -1928//-2873 
f -1938//-2615 -1915//-2614 -2125//-2613 
f -549//-2612 -264//-2611 -2981//-2610 
f -553//-2609 -293//-2608 -3526//-2607 
f -297//-2956 -422//-2957 -2184//-2606 
f -303//-2605 -554//-2604 -2169//-2603 
f -1726//-2602 -3517//-2601 -257//-2600 
f -1616//-2599 -3099//-2598 -305//-2597 
f -1121//-2596 -1148//-2595 -3832//-2594 
f -3844//-2647 -1472//-2593 -1137//-2649 
f -3259//-2592 -2872//-2591 -3675//-2590 
f -2159//-2589 -2141//-2588 -2961//-2587 
f -264//-2611 -549//-2612 -2170//-2586 
f -419//-2726 -300//-2727 -3524//-2585 
f -301//-2584 -557//-2583 -1594//-2582 
f -1688//-2581 -3516//-2580 -258//-2579 
f -546//-2996 -261//-2997 -2983//-2578 
f -545//-2577 -294//-2576 -3602//-2575 
f -52//-2574 -3827//-2573 -2064//-2572 
f -2028//-2571 -2047//-2570 -89//-2569 
f -2215//-2568 -583//-2567 -720//-2566 
f -2434//-2565 -745//-2564 -647//-2563 
f -2815//-2562 -55//-2561 -613//-2560 
f -3825//-2559 -2751//-2558 -1237//-2557 
f -3583//-2556 -1299//-2555 -774//-2554 
f -3997//-2553 -2621//-3631 -2476//-3632 
f -1980//-2552 -1999//-2551 -3166//-2550 
f -1665//-2549 -1715//-2548 -3653//-2547 
f -428//-2641 -299//-2642 -3525//-2546 
f -269//-2917 -555//-2918 -1592//-2545 
f -4004//-2544 -3821//-2543 -2701//-2542 
f -741//-2541 -1667//-2540 -2235//-2539 
f -3422//-3479 -1460//-3480 -1168//-2538 
f -1123//-2537 -1034//-2536 -3820//-2535 
f -1149//-2534 -1160//-2533 -3819//-2532 
f -3806//-2531 -1474//-2530 -1039//-2529 
f -1188//-2624 -1042//-2528 -3818//-2626 
f -3820//-2535 -1478//-2527 -1123//-2537 
f -257//-2600 -416//-2526 -1726//-2602 
f -1598//-3020 -3100//-2525 -304//-3022 
f -2953//-2524 -1413//-2523 -1883//-2522 
f -2171//-2521 -3405//-2520 -302//-2519 
f -852//-2518 -593//-2924 -1320//-2925 
f -3393//-2517 -1313//-2516 -820//-2515 
f -863//-2514 -800//-2513 -1294//-2512 
f -3578//-2511 -1307//-2510 -819//-2509 
f -3513//-2508 -1596//-2507 -552//-2506 
f -3099//-2598 -1616//-2599 -395//-2505 
f -3526//-2607 -1599//-2504 -553//-2609 
f -2973//-2503 -1617//-2502 -391//-2501 
f -3974//-2500 -3811//-2499 -2697//-2498 
f -615//-3726 -2516//-2497 -3295//-2496 
f -2962//-2495 -1109//-2494 -1570//-2493 
f -1576//-3683 -1520//-3002 -3186//-2492 
f -2149//-2491 -983//-2490 -2854//-2489 
f -3598//-2488 -1290//-2487 -1721//-2486 
f -1589//-3580 -1107//-2485 -3175//-2484 
f -2955//-3199 -3808//-2483 -1230//-3201 
f -3328//-2482 -2530//-2481 -1434//-2480 
f -3470//-3367 -3996//-2479 -1285//-3369 
f -1039//-2529 -1035//-2478 -3806//-2531 
f -3449//-3730 -1461//-3731 -1084//-2477 
f -1532//-2476 -1503//-2475 -1077//-2474 
f -1072//-2473 -1100//-2472 -1528//-2471 
f -3804//-2470 -3168//-3280 -2265//-3281 
f -940//-3908 -970//-2469 -1678//-3910 
f -3004//-2468 -3173//-2467 -3326//-2466 
f -4011//-2921 -3904//-2922 -3173//-2467 
f -3832//-2594 -1463//-2465 -1121//-2596 
f -1193//-2464 -1146//-2463 -1444//-2462 
f -861//-2461 -845//-2460 -1329//-2459 
f -497//-2458 -499//-2457 -3459//-2456 
f -387//-2455 -224//-2454 -3800//-2453 
f -2835//-4115 -1400//-2452 -1796//-4117 
f -3398//-2451 -1305//-2450 -855//-2449 
f -869//-2448 -796//-2447 -1293//-2446 
f -4007//-3432 -3303//-2445 -2807//-3431 
f -1157//-2852 -1083//-2444 -3890//-2854 
f -3971//-2443 -3797//-2442 -2696//-2441 
f -2234//-2440 -618//-3688 -1763//-3689 
f -556//-2950 -267//-2951 -3530//-2439 
f -2979//-2438 -1689//-2437 -1272//-2436 
f -1542//-3415 -1973//-3173 -3663//-3417 
f -2475//-3168 -3580//-2435 -2185//-3170 
f -3553//-3169 -2185//-3170 -1199//-2434 
f -3794//-2969 -2333//-2433 -2514//-2971 
f -895//-2432 -950//-2431 -1391//-2430 
f -3389//-2429 -1348//-2428 -799//-2427 
f -3479//-2426 -2811//-3308 -1968//-3309 
f -3333//-3639 -3792//-2425 -2186//-3641 
f -3637//-3096 -3265//-2424 -3220//-3098 
f -1769//-3500 -1004//-3501 -3005//-3761 
f -3947//-3526 -1001//-3527 -3006//-3751 
f -3635//-3120 -3263//-2423 -3222//-3122 
f -3639//-3114 -3264//-2422 -3217//-3116 
f -3946//-3531 -1002//-3532 -3008//-3746 
f -3942//-3506 -1003//-3507 -3009//-3747 
f -3636//-3087 -3262//-2421 -3216//-3089 
f -3941//-3522 -999//-3523 -3011//-3768 
f -3634//-3081 -3261//-2420 -3219//-3083 
f -3944//-3519 -998//-3520 -3010//-3774 
f -3638//-3099 -3267//-2419 -3218//-3101 
f -3945//-3515 -1000//-3516 -3007//-3758 
f -3640//-3105 -3266//-2418 -3221//-3107 
f -3491//-4055 -911//-4056 -2822//-2417 
f -1513//-3607 -1573//-2416 -4044//-3609 
f -1054//-3508 -1378//-2415 -1855//-3510 
f -295//-2659 -423//-2660 -2341//-2414 
f -2711//-3461 -2121//-2413 -3374//-3463 
f -2961//-2587 -3782//-2412 -2159//-2589 
f -3596//-2411 -1308//-2410 -795//-2409 
f -798//-2408 -763//-2407 -3781//-2406 
f -3780//-4001 -2706//-2965 -3480//-4003 
f -3658//-3419 -4059//-2405 -2140//-2404 
f -3763//-2403 -1696//-2402 -1304//-2401 
f -782//-2400 -767//-2399 -3779//-2398 
f -3778//-3159 -4119//-2397 -2112//-3161 
f -3071//-2396 -2831//-2395 -3369//-2394 
f -1009//-3368 -2373//-3961 -3807//-3962 
f -3777//-3273 -2534//-3274 -3301//-3270 
f -2454//-2393 -1469//-3602 -3113//-3320 
f -3776//-3330 -3565//-2392 -4043//-2391 
f -3096//-2390 -1422//-2389 -1792//-2388 
f -3545//-2387 -1692//-2386 -714//-2385 
f -2399//-3132 -2870//-2384 -2276//-2383 
f -2435//-2382 -2288//-2381 -2297//-2380 
f -601//-2379 -357//-2378 -2977//-2377 
f -1659//-2945 -1710//-2376 -3909//-2947 
f -1258//-4052 -1390//-2375 -2713//-4054 
f -4047//-2374 -3371//-3023 -2378//-3024 
f -1525//-3421 -1575//-2373 -4006//-3423 
f -3465//-4110 -912//-4111 -2825//-2372 
f -1666//-2371 -1707//-2370 -3770//-2369 
f -2933//-2368 -3668//-2367 -926//-2366 
f -3453//-4069 -984//-4068 -2823//-2365 
f -1522//-3485 -1572//-2364 -4019//-3487 
f -3281//-2825 -1300//-2826 -749//-2363 
f -706//-2362 -854//-2361 -1325//-2360 
f -826//-2359 -824//-2358 -3767//-2357 
f -3396//-2356 -1314//-2355 -766//-2354 
f -772//-2353 -862//-2352 -3383//-2351 
f -3397//-2350 -1309//-2349 -794//-2348 
f -2285//-3382 -2437//-2347 -3438//-3384 
f -2117//-2346 -2714//-2345 -2082//-2344 
f -2150//-3673 -2508//-2343 -3318//-3675 
f -3574//-2342 -1891//-2341 -1903//-2340 
f -866//-2339 -781//-2338 -1301//-2337 
f -2478//-2336 -3455//-2335 -598//-2334 
f -3680//-2333 -1323//-2332 -718//-2331 
f -598//-2334 -870//-2330 -2478//-2336 
f -1952//-2329 -2410//-3816 -2913//-3817 
f -3761//-3926 -3342//-2328 -1657//-3928 
f -1248//-3968 -2569//-3783 -3518//-2327 
f -2673//-3970 -3559//-3971 -1897//-2326 
f -1064//-2325 -1758//-3545 -1429//-2324 
f -1375//-2323 -2630//-2818 -3759//-2322 
f -3781//-2406 -1322//-2321 -798//-2408 
f -783//-2927 -684//-2320 -3758//-2929 
f -1924//-2892 -4005//-2319 -2190//-2894 
f -2725//-3691 -3179//-2318 -3861//-3693 
f -2793//-2317 -1635//-2316 -1306//-2315 
f -2934//-2314 -1270//-2313 -518//-2312 
f -1498//-3202 -1410//-2311 -3069//-3204 
f -3414//-2310 -3755//-3902 -1902//-3903 
f -3754//-3071 -2455//-3552 -4034//-2309 
f -4110//-3069 -2136//-2308 -3754//-3071 
f -2525//-3283 -83//-2307 -643//-3285 
f -2756//-3042 -2741//-2306 -1225//-3044 
f -2753//-3123 -2738//-2305 -1224//-3125 
f -2527//-3311 -82//-2304 -648//-3313 
f -3296//-3326 -57//-2303 -620//-3328 
f -3987//-2302 -3751//-2301 -2691//-2300 
f -3294//-3342 -60//-2299 -622//-3344 
f -3990//-2298 -3750//-2297 -2703//-2296 
f -2597//-2295 -1760//-2294 -2914//-2293 
f -2906//-2292 -3399//-3156 -2081//-3157 
f -3748//-2291 -1477//-2290 -1124//-2289 
f -1135//-2288 -3484//-2287 -3348//-2286 
f -1140//-2285 -1205//-2284 -1468//-2283 
f -3973//-2282 -2224//-4018 -2483//-2281 
f -3746//-2280 -2331//-2279 -2348//-2278 
f -3139//-3056 -3935//-2277 -1613//-3058 
f -1931//-2276 -1955//-2275 -2138//-2274 
f -2125//-2613 -3138//-2273 -1938//-2615 
f -4082//-3820 -2420//-2272 -2745//-2271 
f -1457//-3450 -3181//-3451 -1046//-2270 
f -1374//-3030 -3115//-3364 -2460//-2269 
f -1566//-2268 -1793//-2267 -3743//-2266 
f -2366//-2265 -2240//-2264 -2269//-3383 
f -2497//-3307 -3415//-3379 -2998//-2263 
f -3819//-2532 -1458//-2262 -1149//-2534 
f -1134//-2261 -1032//-2260 -3741//-2259 
f -1154//-2258 -1037//-2257 -1456//-2256 
f -1455//-2255 -3450//-2254 -1166//-2253 
f -1722//-2252 -3117//-4105 -2916//-4106 
f -1954//-2872 -1939//-2251 -3200//-2250 
f -2486//-2249 -1453//-2248 -2956//-2247 
f -2908//-2838 -3504//-2246 -3172//-2840 
f -3298//-2623 -4136//-2621 -3737//-2245 
f -839//-2244 -775//-2243 -3384//-2242 
f -3573//-3165 -3079//-2241 -1198//-3167 
f -1434//-2480 -2147//-2240 -3328//-2482 
f -1942//-2239 -1913//-2238 -2127//-2237 
f -4020//-2946 -3909//-2947 -2355//-2236 
f -2937//-2235 -329//-2234 -520//-2233 
f -471//-2232 -515//-2231 -3902//-2230 
f -3258//-3256 -3381//-3257 -3733//-2229 
f -1162//-2228 -1126//-2227 -3446//-2226 
f -2378//-3024 -3322//-2225 -4047//-2374 
f -3732//-2224 -3694//-2223 -1551//-2222 
f -925//-2806 -954//-2221 -3098//-2808 
f -1936//-2220 -1556//-2219 -2910//-2218 
f -2189//-2217 -2566//-2216 -1086//-2215 
f -3320//-4104 -988//-4012 -2379//-2214 
f -3879//-2213 -2137//-2212 -957//-2211 
f -929//-2210 -2452//-2209 -3729//-2208 
f -1257//-2207 -3728//-2206 -2330//-2205 
f -2330//-2205 -2852//-2204 -1879//-2203 
f -2869//-4049 -2329//-2202 -3116//-4051 
f -2870//-2384 -2399//-3132 -3949//-3133 
f -672//-2201 -2103//-2200 -2536//-2199 
f -3446//-2226 -1494//-2198 -1162//-2228 
f -3124//-2197 -2466//-2196 -2339//-3119 
f -3273//-2195 -3875//-2194 -788//-2193 
f -3123//-2192 -2462//-2191 -2334//-3086 
f -3269//-2190 -3871//-2189 -789//-2188 
f -3270//-2187 -3876//-2186 -786//-2185 
f -3125//-2184 -2468//-2183 -2335//-3104 
f -3122//-2182 -2463//-2181 -2340//-3092 
f -3268//-2180 -3870//-2179 -790//-2178 
f -3272//-2177 -3872//-2176 -787//-2175 
f -3126//-2174 -2465//-2173 -2338//-3110 
f -3121//-2172 -2467//-2171 -2337//-3113 
f -3271//-2170 -3874//-2169 -784//-2168 
f -3120//-2167 -2464//-2166 -2336//-3095 
f -3274//-2165 -3873//-2164 -785//-2163 
f -846//-2913 -597//-2162 -3718//-2915 
f -844//-2161 -766//-2354 -1314//-2355 
f -1163//-3399 -3000//-3825 -2377//-3826 
f -825//-3966 -4110//-3069 -3717//-3070 
f -3716//-2160 -4133//-2159 -2634//-2158 
f -3802//-2157 -1479//-3076 -1115//-2156 
f -821//-2155 -860//-2154 -3715//-2153 
f -840//-2152 -778//-2151 -3391//-2150 
f -1516//-3559 -1577//-2149 -4035//-3561 
f -2824//-2882 -2821//-2148 -949//-2884 
f -2591//-2147 -2173//-2146 -2167//-2145 
f -3169//-2144 -3092//-2143 -3795//-2142 
f -1167//-2141 -1045//-2140 -1481//-3403 
f -1468//-2283 -3232//-2139 -1140//-2285 
f -3401//-3741 -1554//-3742 -1231//-2138 
f -2854//-2489 -3939//-2137 -2149//-2491 
f -1143//-3031 -1204//-2136 -2344//-3033 
f -3929//-2135 -2305//-2134 -1614//-2133 
f -3709//-2132 -1471//-2131 -1150//-2130 
f -1145//-2129 -1104//-2128 -1442//-2127 
f -3708//-2126 -1277//-2125 -2156//-2124 
f -2891//-2123 -2298//-2122 -874//-2121 
f -2547//-3026 -3215//-2120 -3887//-3028 
f -4084//-2119 -1571//-2118 -1637//-2117 
f -3706//-4008 -1896//-4009 -2345//-2116 
f -1088//-2115 -2100//-2114 -1008//-2113 
f -3210//-3947 -2202//-3948 -1719//-2112 
f -3062//-2111 -3234//-2110 -1564//-2109 
f -3654//-3901 -916//-2108 -1439//-4022 
f -3331//-3542 -2897//-2923 -3344//-2107 
f -2636//-2743 -1744//-2744 -3867//-2745 
f -1781//-3332 -3703//-2106 -3323//-4038 
f -3702//-2105 -1283//-2104 -2158//-2103 
f -2890//-2102 -2303//-2101 -872//-2100 
f -1588//-2099 -1346//-4034 -3260//-4035 
f -3982//-2985 -2914//-2293 -1760//-2294 
f -2889//-2098 -2300//-2097 -876//-2096 
f -3700//-2095 -1281//-2094 -2154//-2093 
f -3406//-2092 -1546//-2091 -1762//-2090 
f -3437//-2089 -1762//-2090 -1546//-2091 
f -3698//-2088 -1280//-2087 -2157//-2086 
f -2888//-2085 -2301//-2084 -875//-2083 
f -2887//-2082 -2302//-2081 -878//-2080 
f -3697//-2079 -1278//-2078 -2152//-2077 
f -2886//-2076 -2304//-2075 -873//-2074 
f -3696//-2073 -1282//-2072 -2153//-2071 
f -2885//-2070 -2299//-2069 -877//-2068 
f -3695//-2067 -1279//-2066 -2155//-2065 
f -2675//-2064 -2174//-2063 -2571//-2062 
f -3053//-3622 -3311//-2061 -2599//-3624 
f -1537//-2060 -1512//-2059 -1067//-2058 
f -1066//-2057 -1097//-2056 -1540//-2055 
f -1535//-2054 -1505//-2053 -1078//-2052 
f -1073//-2749 -1096//-2051 -1539//-2751 
f -1540//-2055 -1500//-2050 -1066//-2057 
f -1074//-2049 -1101//-2048 -1534//-2047 
f -1527//-2046 -1502//-2045 -1079//-2044 
f -1067//-2058 -1102//-2043 -1537//-2060 
f -1528//-2471 -1499//-2042 -1072//-2473 
f -1068//-2041 -1091//-2040 -1533//-2039 
f -1529//-2038 -1501//-2037 -1076//-2036 
f -1079//-2044 -1095//-2035 -1527//-2046 
f -1531//-2746 -1506//-2034 -1071//-2748 
f -1069//-2033 -1094//-2032 -1538//-2031 
f -1533//-2039 -1510//-2030 -1068//-2041 
f -1076//-2036 -1092//-2029 -1529//-2038 
f -1530//-2028 -1509//-2027 -1075//-2026 
f -1077//-2474 -1090//-2025 -1532//-2476 
f -1536//-2024 -1507//-2023 -1070//-2022 
f -1075//-2026 -1093//-2021 -1530//-2028 
f -1538//-2031 -1504//-2020 -1069//-2033 
f -1070//-2022 -1098//-2019 -1536//-2024 
f -1534//-2047 -1508//-2018 -1074//-2049 
f -1078//-2052 -1089//-2017 -1535//-2054 
f -1480//-2016 -3278//-2015 -3497//-2014 
f -1153//-2013 -1046//-2270 -3181//-3451 
f -850//-2012 -820//-2515 -1313//-2516 
f -342//-2011 -816//-2010 -1298//-2009 
f -2216//-3594 -2236//-2008 -2223//-3596 
f -2239//-2007 -3679//-2932 -2411//-2933 
f -1561//-2842 -2278//-2843 -3282//-2006 
f -1910//-2005 -1427//-2004 -1466//-2003 
f -1961//-2002 -1947//-2001 -3199//-2000 
f -3535//-2977 -2133//-1999 -1918//-1998 
f -3676//-3147 -2582//-1997 -703//-1996 
f -4076//-1995 -2631//-2742 -2636//-2743 
f -4087//-4005 -3840//-4006 -3481//-3366 
f -2551//-1994 -3743//-2266 -1793//-2267 
f -2872//-2591 -3259//-2592 -3995//-1993 
f -2173//-2146 -2591//-2147 -3674//-1992 
f -3950//-3835 -2720//-3836 -2573//-1991 
f -1158//-1990 -1138//-2646 -1462//-3140 
f -1170//-1989 -1570//-2493 -1109//-2494 
f -1519//-3007 -1574//-4078 -3923//-3009 
f -3671//-1988 -2494//-1987 -2717//-1986 
f -865//-1985 -797//-2992 -1295//-2993 
f -259//-1984 -420//-1983 -2183//-1982 
f -2169//-2603 -3101//-1981 -303//-2605 
f -3335//-3185 -2347//-1980 -2328//-3187 
f -2960//-1979 -1898//-1978 -1424//-3365 
f -1058//-1977 -2134//-3035 -1555//-1976 
f -2356//-1975 -238//-1974 -559//-1973 
f -2238//-3352 -2061//-1972 -2638//-3354 
f -2408//-2974 -2423//-1971 -1288//-2976 
f -530//-1970 -569//-1969 -239//-1968 
f -3419//-1967 -1049//-1966 -1959//-1965 
f -1255//-1964 -4120//-1963 -3917//-1962 
f -3982//-2985 -2743//-2986 -2343//-1961 
f -748//-1960 -806//-1959 -1341//-1958 
f -719//-1957 -858//-2720 -1328//-2721 
f -2637//-3171 -3663//-3417 -1973//-3173 
f -1590//-2895 -2129//-1956 -2349//-1955 
f -3731//-3441 -241//-1954 -476//-3443 
f -444//-3877 -438//-1953 -2930//-3879 
f -2113//-2839 -1873//-4040 -3738//-4041 
f -3260//-4035 -2864//-1952 -1588//-2099 
f -4040//-1951 -3660//-1950 -2692//-1949 
f -1223//-3385 -1240//-1948 -2760//-3387 
f -3591//-1947 -47//-1946 -611//-1945 
f -650//-1944 -2091//-1943 -2522//-1942 
f -1334//-2713 -2201//-1941 -3983//-1940 
f -1425//-1939 -2272//-1938 -3859//-1937 
f -2980//-2728 -1544//-1936 -425//-2730 
f -3255//-1935 -1417//-1934 -1789//-1933 
f -1656//-1932 -1712//-1931 -3656//-1930 
f -2146//-1929 -928//-1928 -4021//-1927 
f -2144//-1926 -927//-1925 -4053//-1924 
f -1658//-1923 -1711//-1922 -3655//-1921 
f -3147//-3361 -2187//-1920 -1210//-1919 
f -1005//-1918 -1063//-1917 -2077//-1916 
f -2145//-1915 -932//-1914 -4063//-1913 
f -2124//-1912 -2883//-1911 -1946//-1910 
f -4080//-1909 -2485//-1908 -2761//-1907 
f -856//-1906 -819//-2509 -1307//-2510 
f -1594//-2582 -3102//-1905 -301//-2584 
f -263//-2876 -421//-1904 -1725//-2878 
f -1127//-1903 -3497//-2014 -3278//-2015 
f -1166//-2253 -1040//-1902 -1455//-2255 
f -805//-1901 -852//-2518 -3815//-1900 
f -4139//-4121 -2625//-1899 -2512//-1898 
f -607//-1897 -2550//-1896 -3499//-1895 
f -2203//-3723 -3816//-1894 -537//-1893 
f -2319//-1892 -162//-1891 -128//-1890 
f -199//-1889 -661//-1888 -2385//-1887 
f -2320//-1886 -163//-1885 -123//-1884 
f -194//-1883 -657//-1882 -2382//-1881 
f -196//-1880 -663//-1879 -2381//-1878 
f -2325//-1877 -165//-1876 -127//-1875 
f -193//-1874 -658//-1873 -2384//-1872 
f -2322//-1871 -164//-1870 -124//-1869 
f -2323//-1868 -167//-1867 -126//-1866 
f -198//-1865 -659//-1864 -2383//-1863 
f -197//-1862 -660//-1861 -2387//-1860 
f -2324//-1859 -168//-1858 -122//-1857 
f -195//-1856 -662//-1855 -2386//-1854 
f -2321//-1853 -166//-1852 -125//-1851 
f -2310//-1850 -215//-1849 -287//-1848 
f -347//-1847 -370//-1846 -2389//-1845 
f -345//-1844 -367//-1843 -2390//-1842 
f -2312//-1841 -214//-1840 -289//-1839 
f -2309//-1838 -217//-1837 -290//-1836 
f -348//-1835 -368//-1834 -2392//-1833 
f -2314//-1832 -216//-1831 -288//-1830 
f -350//-1829 -366//-1828 -2391//-1827 
f -2307//-1826 -220//-1825 -291//-1824 
f -349//-1823 -369//-1822 -2388//-1821 
f -2313//-1820 -218//-1819 -286//-1818 
f -344//-1817 -365//-1816 -2393//-1815 
f -2311//-1814 -219//-1813 -285//-1812 
f -346//-1811 -364//-1810 -2394//-1809 
f -3999//-1808 -3633//-1807 -2690//-1806 
f -2064//-2572 -2036//-1805 -52//-2574 
f -822//-1804 -802//-3196 -1327//-3197 
f -3632//-1803 -2426//-1802 -2727//-1801 
f -43//-1800 -522//-1799 -2247//-1798 
f -2163//-1797 -67//-1796 -106//-1795 
f -40//-1794 -524//-1793 -2248//-1792 
f -2161//-1791 -61//-1790 -105//-1789 
f -46//-1788 -526//-1787 -2249//-1786 
f -2162//-1785 -66//-1784 -102//-1783 
f -41//-1782 -525//-1781 -2251//-1780 
f -2160//-1779 -64//-1778 -100//-1777 
f -42//-1776 -528//-1775 -2250//-1774 
f -2165//-1773 -63//-1772 -103//-1771 
f -2164//-1770 -65//-1769 -101//-1768 
f -45//-1767 -523//-1766 -2252//-1765 
f -44//-1764 -527//-1763 -2254//-1762 
f -2166//-1761 -62//-1760 -104//-1759 
f -1962//-3850 -1941//-1758 -3337//-1757 
f -3536//-2699 -2909//-1756 -1921//-1755 
f -1662//-1754 -1716//-1753 -3461//-1752 
f -4099//-2799 -3623//-1751 -2459//-2801 
f -3837//-1750 -3197//-1749 -2436//-1748 
f -2600//-1747 -3114//-1746 -3561//-1745 
f -4001//-3395 -3209//-1744 -1979//-3397 
f -2288//-2381 -2435//-2382 -3774//-1743 
f -58//-3706 -3620//-3707 -2071//-1742 
f -2026//-1741 -2049//-1740 -86//-1739 
f -2022//-1738 -2046//-1737 -80//-1736 
f -55//-2561 -2815//-2562 -2065//-1735 
f -54//-3698 -3618//-3699 -2067//-1734 
f -2027//-1733 -2056//-1732 -79//-1731 
f -2436//-1748 -2992//-1730 -3837//-1750 
f -3617//-1729 -3148//-1728 -2457//-1727 
f -56//-1726 -3616//-1725 -2074//-1724 
f -2025//-1723 -2058//-1722 -92//-1721 
f -2801//-3162 -3404//-2707 -2371//-3164 
f -3764//-1720 -3068//-1719 -1359//-1718 
f -1838//-1717 -3001//-1716 -3998//-1715 
f -3614//-3794 -1894//-1714 -1909//-3796 
f -3339//-3965 -1964//-2705 -2828//-2706 
f -3857//-1713 -1198//-3167 -3079//-2241 
f -2457//-1727 -2994//-1712 -3617//-1729 
f -3988//-1711 -3157//-1710 -2135//-1709 
f -3998//-1715 -1748//-1708 -1838//-1717 
f -1586//-1707 -3165//-1706 -3742//-1705 
f -1291//-1704 -3283//-1703 -1251//-1702 
f -982//-1701 -1014//-1700 -1452//-1699 
f -3312//-1698 -2955//-3199 -893//-3200 
f -3913//-2967 -2458//-3447 -3582//-1697 
f -3537//-2867 -2132//-1696 -1917//-1695 
f -2410//-3816 -1945//-1694 -3198//-3818 
f -3885//-1693 -2099//-1692 -3350//-4019 
f -2368//-1691 -3607//-1690 -3954//-1689 
f -426//-2998 -268//-1688 -2978//-3000 
f -2971//-1687 -1618//-1686 -393//-1685 
f -2258//-1684 -1879//-2203 -2852//-2204 
f -1197//-3898 -3880//-4030 -1552//-3900 
f -2017//-1683 -2052//-1682 -84//-1681 
f -39//-1680 -3417//-1679 -2035//-3586 
f -2867//-1678 -1421//-1677 -1884//-1676 
f -3532//-1675 -1691//-1674 -1273//-1673 
f -3602//-2575 -1604//-1672 -545//-2577 
f -2975//-1671 -1619//-1670 -398//-1669 
f -2317//-1668 -2899//-3949 -4141//-3950 
f -3741//-2259 -1475//-1667 -1134//-2261 
f -3985//-2618 -3307//-1666 -1967//-2620 
f -2534//-3274 -700//-1665 -4077//-3271 
f -3975//-1664 -3599//-1663 -1209//-1662 
f -1759//-1661 -1209//-1662 -3599//-1663 
f -841//-1660 -770//-1659 -2477//-1658 
f -107//-1657 -68//-1656 -3598//-2488 
f -764//-1655 -848//-1654 -3386//-1653 
f -4127//-4081 -2598//-1652 -2528//-1651 
f -3391//-2150 -1344//-1650 -840//-2152 
f -795//-2409 -864//-1649 -3596//-2411 
f -2370//-1648 -3595//-1647 -4031//-1646 
f -3344//-2107 -1863//-1645 -3331//-3542 
f -2640//-3991 -4015//-1644 -4115//-1643 
f -793//-1642 -855//-2449 -1305//-2450 
f -1432//-4031 -3593//-1641 -2957//-4033 
f -3064//-1640 -1440//-1639 -1547//-1638 
f -3592//-1637 -1585//-1636 -828//-1635 
f -2657//-1634 -2188//-1633 -1065//-1632 
f -47//-1946 -3591//-1947 -2070//-1631 
f -2024//-1630 -2050//-1629 -81//-1628 
f -2579//-3059 -1080//-3797 -2284//-3798 
f -2082//-2344 -892//-1627 -2117//-2346 
f -2138//-2274 -3135//-1626 -1931//-2276 
f -943//-3192 -976//-1625 -1670//-3194 
f -129//-1624 -2408//-2974 -17//-2975 
f -4096//-3944 -3066//-3894 -1254//-2715 
f -827//-1623 -799//-2427 -1348//-2428 
f -2592//-1622 -3587//-3262 -3558//-3263 
f -1521//-3424 -1579//-1621 -4061//-3426 
f -4057//-3682 -1850//-1620 -1524//-3684 
f -1927//-1619 -1957//-1618 -2990//-1617 
f -928//-1928 -2146//-1929 -2122//-2982 
f -927//-1925 -2144//-1926 -2123//-2704 
f -1930//-1616 -1956//-1615 -2989//-1614 
f -431//-1613 -462//-1612 -3899//-1611 
f -2942//-1610 -237//-1609 -484//-1608 
f -2077//-1916 -2608//-2802 -1261//-2803 
f -3878//-3445 -3582//-1697 -2458//-3447 
f -88//-3340 -2521//-3341 -2018//-1607 
f -2062//-1606 -2031//-1605 -59//-1604 
f -4117//-4002 -1542//-3415 -3378//-3416 
f -3580//-2435 -2421//-4007 -3706//-4008 
f -867//-1603 -718//-2331 -1323//-2332 
f -4045//-4138 -2865//-4136 -2405//-1602 
f -859//-1601 -779//-1600 -1337//-1599 
f -3390//-1598 -1337//-1599 -779//-1600 
f -3577//-1597 -1844//-1596 -1523//-4077 
f -2613//-1595 -1516//-3559 -3188//-1594 
f -2630//-2818 -1375//-2323 -2606//-2820 
f -2965//-1593 -1201//-3915 -16//-1592 
f -1745//-2752 -2135//-1709 -3157//-1710 
f -71//-1591 -638//-1590 -3575//-3151 
f -1784//-1589 -2139//-1588 -3992//-1587 
f -3667//-3579 -2892//-1586 -2008//-3581 
f -1195//-1585 -1757//-1584 -3926//-1583 
f -3888//-3350 -3025//-3351 -2110//-1582 
f -1278//-2078 -3697//-2079 -3790//-1581 
f -3006//-3751 -2194//-1580 -1768//-1579 
f -1283//-2104 -3702//-2105 -3787//-1578 
f -3011//-3768 -2195//-1577 -1764//-1576 
f -3010//-3774 -2196//-1575 -1770//-1574 
f -1277//-2125 -3708//-2126 -3786//-1573 
f -3007//-3758 -2200//-1572 -1767//-1571 
f -1280//-2087 -3698//-2088 -3785//-1570 
f -1281//-2094 -3700//-2095 -3943//-1569 
f -3005//-3761 -2197//-1568 -3791//-1567 
f -1279//-2066 -3695//-2067 -3789//-1566 
f -3008//-3746 -2198//-1565 -1766//-1564 
f -1282//-2072 -3696//-2073 -3788//-1563 
f -3009//-3747 -2199//-1562 -1765//-1561 
f -3315//-1560 -3917//-1962 -4120//-1963 
f -3230//-1559 -4043//-2391 -3565//-2392 
f -2789//-1558 -2991//-1557 -2172//-1556 
f -2991//-1557 -2789//-1558 -920//-1555 
f -3205//-1554 -1137//-2649 -1472//-2593 
f -993//-1553 -3908//-2941 -3563//-4079 
f -4086//-3136 -2518//-1552 -2829//-3135 
f -765//-1551 -843//-1550 -3394//-1549 
f -2411//-2933 -2267//-1548 -2239//-2007 
f -3561//-1745 -2873//-1547 -2600//-1747 
f -354//-1546 -604//-1545 -2178//-1544 
f -2183//-1982 -3977//-1543 -259//-1984 
f -1208//-1542 -3505//-1541 -1966//-1540 
f -4110//-3069 -825//-3966 -3309//-3967 
f -4126//-3290 -2592//-1622 -2716//-1539 
f -1183//-1538 -1142//-1537 -1497//-1536 
f -2420//-2272 -4083//-1535 -3744//-4065 
f -717//-1534 -749//-2363 -1300//-2826 
f -851//-1533 -801//-1532 -1330//-1531 
f -4107//-3146 -2774//-3144 -2532//-1530 
f -871//-1529 -828//-1635 -1585//-1636 
f -1196//-1528 -913//-1527 -2655//-1526 
f -90//-3737 -2524//-1525 -2020//-3739 
f -1812//-2697 -2546//-2698 -746//-1524 
f -2289//-1523 -1548//-3840 -1227//-3841 
f -3092//-2143 -3169//-2144 -3713//-1522 
f -3984//-3611 -2474//-1521 -2744//-3610 
f -1122//-1520 -1192//-1519 -3442//-1518 
f -1992//-3250 -1983//-1517 -2651//-3252 
f -4037//-1516 -3773//-1515 -2007//-1514 
f -3912//-2723 -2602//-3471 -2707//-1513 
f -1169//-1512 -1132//-1511 -1486//-1510 
f -3106//-1509 -1419//-1508 -1790//-1507 
f -361//-1506 -606//-1505 -712//-1504 
f -3104//-1503 -1414//-1502 -1880//-1501 
f -357//-2378 -601//-2379 -711//-1500 
f -3105//-1499 -1411//-1498 -1885//-1497 
f -351//-1496 -600//-1495 -710//-1494 
f -2627//-1493 -3772//-1492 -1889//-1491 
f -2116//-1490 -2563//-3625 -3546//-3626 
f -2375//-1489 -2245//-1488 -2669//-1487 
f -3823//-1486 -3166//-2550 -1999//-2551 
f -2374//-1485 -2244//-3720 -2666//-3721 
f -4101//-1484 -4033//-1483 -2001//-1482 
f -1200//-1481 -1267//-3889 -2422//-3890 
f -4039//-1480 -3175//-2484 -1107//-2485 
f -2568//-1479 -3759//-2322 -2630//-2818 
f -2511//-1478 -1560//-1477 -817//-1476 
f -3839//-1475 -2571//-2062 -1615//-1474 
f -2791//-3550 -4034//-2309 -2455//-3552 
f -3516//-2580 -1688//-2581 -715//-1473 
f -3095//-1472 -1416//-1471 -1786//-1470 
f -3097//-1469 -1412//-1468 -1791//-1467 
f -3531//-1466 -1690//-1465 -713//-1464 
f -1152//-1463 -3538//-1462 -3488//-1461 
f -4051//-1460 -991//-1459 -2709//-1458 
f -2944//-3467 -244//-1457 -433//-3469 
f -2883//-1911 -1051//-1456 -1963//-1455 
f -2881//-2703 -1052//-1454 -1960//-1453 
f -2943//-3427 -243//-1452 -483//-3429 
f -2882//-2981 -1050//-1451 -1958//-1450 
f -2940//-3880 -246//-1449 -482//-3882 
f -3983//-1940 -3534//-3696 -1334//-2713 
f -1968//-3309 -2407//-1448 -3479//-2426 
f -2011//-1447 -1996//-1446 -2663//-1445 
f -4075//-1444 -3960//-1443 -2002//-1442 
f -2015//-1441 -1995//-1440 -2661//-1439 
f -4111//-1438 -3936//-1437 -2004//-1436 
f -2013//-1435 -1994//-1434 -2668//-1433 
f -4093//-1432 -3167//-3458 -2005//-3459 
f -2014//-1431 -1997//-1430 -3910//-1429 
f -2659//-1428 -3980//-1427 -2003//-1426 
f -2009//-1425 -1990//-1424 -2671//-1423 
f -4095//-1422 -4054//-1421 -2000//-1420 
f -4104//-1419 -3847//-1418 -2006//-1417 
f -2012//-1416 -1998//-3298 -2670//-3299 
f -2642//-1415 -2663//-1445 -1996//-1446 
f -1987//-1414 -2003//-1426 -3980//-1427 
f -2653//-1413 -2671//-1423 -1990//-1424 
f -1984//-1412 -2004//-1436 -3936//-1437 
f -1981//-1411 -2000//-1420 -4054//-1421 
f -2641//-1410 -2660//-1409 -1993//-1408 
f -2648//-1407 -2661//-1439 -1995//-1440 
f -1985//-1406 -2002//-1442 -3960//-1443 
f -2645//-1405 -2668//-1433 -1994//-1434 
f -1988//-1404 -2006//-1417 -3847//-1418 
f -1982//-1403 -2001//-1482 -4033//-1483 
f -2644//-1402 -3910//-1429 -1997//-1430 
f -459//-1401 -454//-1400 -3521//-1399 
f -1933//-3405 -1961//-2002 -2911//-3407 
f -3174//-3317 -1557//-1398 -1495//-3319 
f -3021//-1397 -3727//-1396 -3520//-3129 
f -1822//-1395 -2283//-1394 -3519//-1393 
f -3233//-1392 -2827//-1391 -2233//-1390 
f -2673//-3970 -2576//-3067 -3451//-1389 
f -3103//-3148 -3760//-3149 -3518//-2327 
f -2260//-1388 -2246//-1387 -2658//-1386 
f -4102//-1385 -4030//-1384 -2264//-1383 
f -4088//-1382 -3931//-1381 -2263//-1380 
f -2261//-1379 -2242//-3437 -2665//-3438 
f -2021//-1378 -2045//-1377 -85//-1376 
f -59//-1604 -3515//-1375 -2062//-1606 
f -2256//-1374 -2264//-1383 -4030//-1384 
f -2652//-1373 -2669//-1487 -2245//-1488 
f -2649//-1372 -2658//-1386 -2246//-1387 
f -2257//-1371 -2263//-1380 -3931//-1381 
f -1335//-1370 -3512//-1369 -868//-1368 
f -2999//-3647 -2346//-3648 -4051//-1460 
f -2073//-1367 -2033//-1366 -50//-1365 
f -79//-1731 -3016//-1364 -2027//-1733 
f -2068//-1363 -2032//-1362 -53//-1361 
f -81//-1628 -3015//-1360 -2024//-1630 
f -80//-1736 -3014//-1359 -2022//-1738 
f -2075//-1358 -2038//-1357 -51//-1356 
f -2069//-1355 -2043//-1354 -48//-1353 
f -86//-1739 -3012//-1352 -2026//-1741 
f -2074//-1724 -2037//-1351 -56//-1726 
f -85//-1376 -3013//-1350 -2021//-1378 
f -4105//-1349 -2512//-1898 -2625//-1899 
f -1141//-1348 -1136//-1347 -3490//-1346 
f -1117//-2832 -1263//-2831 -2657//-1634 
f -3439//-3346 -3202//-3347 -1568//-1345 
f -2956//-2247 -4078//-1344 -2486//-2249 
f -1436//-3791 -1435//-1343 -1426//-3793 
f -2612//-1342 -1526//-3679 -3189//-1341 
f -3503//-1340 -3810//-1339 -1178//-1338 
f -2931//-1337 -272//-3053 -529//-3054 
f -655//-1336 -1207//-3572 -248//-3573 
f -1481//-3403 -3054//-3404 -1167//-2141 
f -1191//-1335 -1165//-1334 -1450//-1333 
f -2988//-3851 -3500//-1332 -1932//-1331 
f -932//-1914 -2145//-1915 -2124//-1912 
f -1685//-1330 -2818//-1329 -352//-1328 
f -266//-1327 -551//-1326 -1593//-1325 
f -2604//-2819 -3498//-3321 -2142//-1324 
f -3420//-3323 -1012//-3324 -3986//-2817 
f -1139//-1323 -1125//-1322 -3681//-1321 
f -2426//-1802 -3632//-1803 -3918//-1320 
f -3958//-3181 -989//-1319 -2510//-3180 
f -1147//-1318 -3496//-1317 -3347//-1316 
f -1483//-1315 -1993//-1408 -2660//-1409 
f -4009//-1314 -3445//-2879 -2266//-2880 
f -1861//-3784 -3067//-1313 -3494//-3786 
f -3621//-2858 -2297//-2380 -2318//-2860 
f -1124//-2289 -1036//-1312 -3748//-2291 
f -4080//-1909 -3900//-1311 -2485//-1908 
f -2377//-3826 -2541//-3398 -1163//-3399 
f -1254//-2715 -3203//-3943 -4096//-3944 
f -3784//-1310 -2896//-1309 -1172//-1308 
f -1176//-1307 -1172//-1308 -4065//-1306 
f -668//-1305 -2106//-1304 -2538//-1303 
f -3490//-1346 -1492//-1302 -1141//-1348 
f -666//-1301 -2104//-1300 -2537//-1299 
f -3489//-2630 -1493//-1298 -1118//-2632 
f -676//-1297 -2105//-1296 -2540//-1295 
f -3488//-1461 -1488//-1294 -1152//-1463 
f -2306//-1293 -1253//-1292 -1550//-1291 
f -3283//-1703 -1291//-1704 -707//-1290 
f -2860//-1289 -207//-1288 -430//-1287 
f -656//-1286 -609//-1285 -274//-1284 
f -879//-1283 -1086//-2215 -2566//-2216 
f -3375//-2862 -3087//-2863 -4098//-3543 
f -1133//-2633 -1119//-1282 -3841//-2635 
f -3403//-2908 -4124//-2909 -2425//-1281 
f -1179//-1280 -1569//-1279 -1087//-1278 
f -2963//-1277 -1087//-1278 -1569//-1279 
f -903//-1276 -2575//-1275 -3482//-1274 
f -2812//-3064 -3676//-3147 -703//-1996 
f -2551//-1994 -2460//-2269 -3115//-3364 
f -1972//-1273 -3675//-2590 -3310//-1272 
f -1112//-1271 -1565//-1270 -1081//-1269 
f -3913//-2967 -4140//-2968 -3480//-4003 
f -2811//-3308 -3479//-2426 -2361//-1268 
f -2998//-2263 -2533//-1267 -2497//-3307 
f -2484//-3932 -2832//-3957 -4133//-2159 
f -3478//-2896 -1312//-2899 -836//-2900 
f -2928//-2687 -1379//-1266 -1774//-2689 
f -3981//-3017 -1605//-1265 -548//-3019 
f -2926//-3502 -1384//-1264 -1858//-3504 
f -3527//-2650 -1602//-1263 -547//-2652 
f -2954//-1262 -1415//-1261 -1788//-1260 
f -1810//-1259 -599//-1258 -2177//-1257 
f -302//-2519 -550//-1256 -2171//-2521 
f -2947//-3755 -1392//-1255 -1866//-3757 
f -226//-1254 -389//-1253 -2179//-1252 
f -2950//-1251 -1367//-1250 -1805//-1249 
f -231//-1248 -392//-1247 -2181//-1246 
f -2951//-1245 -1362//-1244 -1815//-1243 
f -236//-1242 -397//-1241 -2180//-1240 
f -2952//-1239 -1363//-1238 -1806//-1237 
f -3807//-3962 -3470//-3367 -1009//-3368 
f -371//-1236 -1434//-2480 -2530//-2481 
f -1203//-4010 -2379//-2214 -988//-4012 
f -3959//-1235 -3469//-1234 -2577//-1233 
f -1890//-1232 -3468//-1231 -1028//-1230 
f -884//-1229 -1007//-1228 -2898//-1227 
f -3418//-1226 -3467//-1225 -709//-1224 
f -1025//-1223 -987//-1222 -3056//-1221 
f -332//-1220 -3907//-1219 -2078//-1218 
f -1754//-1217 -3180//-3708 -2985//-3709 
f -3771//-1216 -2894//-1215 -1177//-1214 
f -1180//-1213 -1177//-1214 -4060//-1212 
f -2712//-1211 -2498//-1210 -1541//-1209 
f -112//-1208 -3464//-1207 -2047//-2570 
f -939//-2952 -3463//-1206 -1669//-2954 
f -2910//-2218 -3137//-1205 -1936//-2220 
f -3200//-2250 -2912//-2871 -1954//-2872 
f -3462//-3661 -4016//-1204 -1654//-3663 
f -3199//-2000 -2911//-3407 -1961//-2002 
f -3461//-1752 -4003//-1203 -1662//-1754 
f -3460//-4029 -4100//-3322 -2059//-3603 
f -1264//-1202 -1756//-1201 -1228//-1200 
f -2127//-2237 -3735//-1199 -1942//-2239 
f -1059//-1198 -2989//-1614 -1956//-1615 
f -1057//-1197 -2990//-1617 -1957//-1618 
f -2128//-3837 -3846//-1196 -1948//-3839 
f -1637//-2117 -2130//-1195 -4084//-2119 
f -3661//-1194 -2565//-1193 -2076//-1192 
f -3103//-3148 -3518//-2327 -2569//-3783 
f -1744//-2744 -1111//-3946 -3210//-3947 
f -1330//-1531 -2876//-1191 -851//-1533 
f -446//-3952 -442//-1190 -2861//-3954 
f -1028//-1230 -1044//-1189 -1890//-1232 
f -3056//-1221 -3454//-1188 -1025//-1223 
f -3769//-1187 -2895//-1186 -1175//-1185 
f -1171//-1184 -1175//-1185 -4081//-1183 
f -3452//-1182 -3705//-2857 -2316//-1181 
f -2294//-2859 -1564//-2109 -3234//-2110 
f -3976//-2708 -2723//-3969 -1253//-1292 
f -1562//-3065 -2543//-1180 -3065//-3916 
f -1667//-2540 -808//-1179 -667//-1178 
f -1486//-1510 -3740//-1177 -1169//-1512 
f -1084//-2477 -1041//-1176 -3449//-3730 
f -1155//-1175 -1043//-1174 -3060//-2903 
f -671//-1173 -2102//-1172 -2539//-1171 
f -3448//-1170 -1491//-1169 -1105//-1168 
f -3958//-3181 -2607//-3856 -2439//-3857 
f -1304//-2401 -3779//-2398 -767//-2399 
f -641//-3339 -2090//-1167 -2521//-3341 
f -3726//-2886 -1476//-1166 -1131//-2888 
f -3770//-2369 -4062//-1165 -1666//-2371 
f -1675//-3844 -1643//-1164 -944//-3846 
f -3444//-1163 -1448//-1162 -1159//-1161 
f -580//-1160 -2092//-1159 -3286//-1158 
f -3443//-1157 -1444//-2462 -1146//-2463 
f -574//-1156 -2094//-1155 -3288//-1154 
f -3442//-1518 -1451//-1153 -1122//-1520 
f -578//-1152 -2097//-1151 -3287//-1150 
f -3441//-1149 -1446//-1148 -1130//-1147 
f -581//-1146 -2093//-1145 -3291//-1144 
f -3440//-1143 -1441//-1142 -1129//-1141 
f -572//-1140 -2096//-1139 -3290//-1138 
f -3991//-4020 -4121//-4021 -3439//-3346 
f -2455//-3552 -3754//-3071 -2136//-2308 
f -2269//-3383 -3438//-3384 -2366//-2265 
f -698//-1137 -1893//-1136 -2714//-2345 
f -2726//-1135 -1319//-1134 -4118//-1133 
f -1008//-2113 -2345//-2116 -1088//-2115 
f -3671//-1988 -990//-1132 -2494//-1987 
f -1130//-1147 -3436//-1131 -3441//-1149 
f -1085//-1130 -1161//-1129 -1487//-1128 
f -1185//-1127 -1150//-2130 -1471//-2131 
f -3665//-1126 -3749//-1125 -697//-1124 
f -918//-1123 -914//-1122 -2986//-1121 
f -3543//-1120 -3433//-1119 -1874//-1118 
f -3433//-1119 -2879//-2844 -2151//-2845 
f -2237//-3598 -1358//-2834 -3235//-2835 
f -3432//-1117 -3746//-2280 -2274//-1116 
f -115//-1115 -3018//-1114 -2052//-1682 
f -53//-1361 -3431//-1113 -2068//-1363 
f -2298//-2122 -2891//-2123 -2858//-1112 
f -1925//-3772 -1018//-3773 -4138//-4093 
f -2303//-2101 -2890//-2102 -2802//-1111 
f -3429//-1110 -1923//-1109 -4138//-4093 
f -4138//-4093 -1020//-1108 -1908//-1107 
f -2300//-2097 -2889//-2098 -2810//-1106 
f -4138//-4093 -3427//-1105 -4113//-1104 
f -2301//-2084 -2888//-2085 -2806//-1103 
f -2304//-2075 -2886//-2076 -2808//-1102 
f -4138//-4093 -3426//-1101 -1905//-1100 
f -4138//-4093 -3425//-1099 -1906//-1098 
f -2302//-2081 -2887//-2082 -2805//-1097 
f -4138//-4093 -1017//-1096 -4135//-1095 
f -2299//-2069 -2885//-2070 -2803//-1094 
f -3423//-1093 -2450//-1092 -2963//-1277 
f -2963//-1277 -2820//-1091 -3423//-1093 
f -1168//-2538 -3601//-1090 -3422//-3479 
f -994//-1089 -1189//-1088 -3059//-3141 
f -2010//-1087 -1991//-3871 -2664//-3872 
f -2007//-1514 -2010//-1087 -4037//-1516 
f -3420//-3323 -2059//-3603 -4100//-3322 
f -4043//-2391 -1103//-3329 -3776//-3330 
f -1049//-1966 -3419//-1967 -951//-2939 
f -926//-2366 -2451//-1086 -2933//-2368 
f -3418//-1226 -1742//-1085 -4079//-2629 
f -3840//-4006 -2626//-3466 -3481//-3366 
f -817//-1476 -2857//-1084 -2511//-1478 
f -49//-3585 -3884//-1083 -2066//-3587 
f -1753//-1082 -3416//-1081 -3669//-1080 
f -3669//-1080 -2328//-3187 -2347//-1980 
f -3742//-1705 -1547//-1638 -1586//-1707 
f -1547//-1638 -3742//-1705 -3064//-1640 
f -1410//-2311 -1230//-3201 -3808//-2483 
f -3962//-3446 -3414//-2310 -1878//-2805 
f -2845//-1079 -1420//-1078 -1881//-1077 
f -353//-1076 -608//-1075 -1683//-1074 
f -224//-2454 -387//-2455 -1623//-1073 
f -2840//-1072 -1361//-1071 -1814//-1070 
f -235//-1069 -399//-1068 -1625//-1067 
f -2839//-1066 -1364//-1065 -1817//-1064 
f -223//-1063 -386//-1062 -1624//-1061 
f -2842//-1060 -1365//-1059 -1799//-1058 
f -232//-1057 -394//-1056 -1622//-1055 
f -2843//-1054 -1360//-1053 -1813//-1052 
f -228//-1051 -388//-1050 -1621//-1049 
f -2841//-1048 -1369//-1047 -1819//-1046 
f -3795//-2142 -3407//-1045 -3169//-2144 
f -3407//-1045 -3795//-2142 -3327//-1044 
f -3793//-1043 -1391//-2430 -950//-2431 
f -559//-1973 -521//-1042 -2356//-1975 
f -2262//-1041 -2243//-2798 -2662//-1040 
f -2647//-2796 -2662//-1040 -2243//-2798 
f -1202//-1039 -1359//-1718 -3068//-1719 
f -704//-1038 -1202//-1039 -3955//-1037 
f -803//-2905 -863//-2514 -3814//-2907 
f -4116//-4000 -2635//-1036 -2425//-1281 
f -2241//-2864 -1566//-2268 -1061//-2866 
f -3402//-4004 -3892//-2861 -3339//-3965 
f -1108//-1035 -1115//-2156 -1479//-3076 
f -1182//-1034 -1106//-1033 -1541//-1209 
f -3993//-1032 -2893//-1031 -1174//-3941 
f -3400//-3355 -2424//-3356 -2962//-2495 
f -2986//-1121 -4097//-1030 -918//-1123 
f -906//-3895 -917//-1029 -1652//-3897 
f -3664//-1028 -1341//-1958 -806//-1959 
f -488//-1027 -468//-1026 -3893//-1025 
f -3734//-1024 -1336//-2910 -768//-2911 
f -520//-2233 -507//-1023 -2937//-2235 
f -3767//-2357 -1340//-1022 -826//-2359 
f -511//-1021 -506//-1020 -3856//-1019 
f -3756//-1018 -1343//-2821 -777//-2822 
f -518//-2312 -510//-1017 -2934//-2314 
f -3394//-1549 -1339//-1016 -765//-1551 
f -517//-1015 -509//-3392 -2357//-3393 
f -3815//-1900 -1338//-1014 -805//-1901 
f -516//-1013 -496//-1012 -3458//-1011 
f -2997//-1010 -2606//-2820 -1375//-2323 
f -176//-3911 -3882//-3781 -3353//-3913 
f -3715//-2153 -1321//-1009 -821//-2155 
f -456//-3376 -449//-1008 -2929//-3378 
f -3801//-1007 -1329//-2459 -845//-2460 
f -473//-3643 -453//-1006 -2932//-3645 
f -3768//-1005 -1325//-2360 -854//-2361 
f -477//-1004 -457//-3588 -3930//-3589 
f -3388//-1003 -1298//-2009 -816//-2010 
f -452//-1002 -436//-1001 -3305//-1000 
f -434//-999 -455//-998 -3304//-997 
f -3387//-996 -1294//-2512 -800//-2513 
f -3386//-1653 -1296//-995 -764//-1655 
f -448//-994 -447//-2809 -3334//-2810 
f -3385//-993 -1292//-992 -792//-991 
f -441//-3152 -460//-990 -2863//-3154 
f -474//-989 -450//-988 -3905//-987 
f -3384//-2242 -1297//-986 -839//-2244 
f -3383//-2351 -1302//-985 -772//-2353 
f -437//-3258 -432//-984 -2949//-3260 
f -463//-3335 -480//-983 -2862//-3337 
f -3382//-982 -1293//-2446 -796//-2447 
f -4137//-3855 -2622//-3732 -2628//-981 
f -862//-2352 -794//-2348 -1309//-2349 
f -1029//-980 -1231//-2138 -1554//-3742 
f -2291//-2696 -2618//-979 -2546//-2698 
f -2964//-3619 -1269//-978 -493//-3621 
f -1951//-977 -2409//-976 -2137//-2212 
f -3378//-3416 -3780//-4001 -4117//-4002 
f -2140//-2404 -1047//-3418 -3658//-3419 
f -997//-2983 -2332//-3272 -3777//-3273 
f -3917//-1962 -2343//-1961 -2743//-2986 
f -2272//-1938 -2725//-3691 -3112//-3692 
f -2349//-1955 -3376//-3420 -1590//-2895 
f -1964//-2705 -2371//-3164 -3404//-2707 
f -4098//-3543 -4122//-3544 -3375//-2862 
f -2348//-2278 -2274//-1116 -3746//-2280 
f -3935//-2277 -3374//-3463 -2121//-2413 
f -3000//-3825 -3732//-2224 -1114//-3827 
f -1551//-2222 -1114//-3827 -3732//-2224 
f -1024//-975 -3372//-974 -4128//-973 
f -3372//-974 -1429//-2324 -1758//-3545 
f -1265//-972 -1889//-1491 -3772//-1492 
f -985//-3945 -1258//-4052 -3915//-4053 
f -3370//-971 -283//-970 -1952//-2329 
f -495//-969 -514//-968 -3883//-967 
f -1287//-966 -3369//-2394 -3605//-965 
f -3369//-2394 -1287//-966 -3071//-2396 
f -3368//-2964 -4066//-2962 -4089//-964 
f -858//-2720 -773//-963 -3766//-2722 
f -1512//-2059 -1540//-2055 -1097//-2056 
f -2701//-2542 -2684//-962 -4004//-2544 
f -2690//-1806 -2683//-961 -3999//-1808 
f -1506//-2034 -1538//-2031 -1094//-2032 
f -2693//-2732 -2681//-960 -4012//-2734 
f -1500//-2050 -1534//-2047 -1101//-2048 
f -2697//-2498 -2685//-959 -3974//-2500 
f -1501//-2037 -1527//-2046 -1095//-2035 
f -1503//-2475 -1528//-2471 -1100//-2472 
f -2702//-3126 -2687//-958 -3752//-3128 
f -1504//-2020 -1536//-2024 -1098//-2019 
f -2691//-2300 -2689//-957 -3987//-2302 
f -2698//-3482 -2688//-956 -4018//-3484 
f -1509//-2027 -1532//-2476 -1090//-2025 
f -1499//-2042 -1533//-2039 -1091//-2040 
f -2700//-3045 -2678//-955 -3865//-3047 
f -1502//-2045 -1537//-2060 -1102//-2043 
f -2703//-2296 -2686//-954 -3990//-2298 
f -1505//-2053 -1539//-2751 -1096//-2051 
f -2696//-2441 -2680//-953 -3971//-2443 
f -2699//-3533 -2679//-952 -3753//-3535 
f -1510//-2030 -1529//-2038 -1092//-2029 
f -2692//-1949 -2676//-951 -4040//-1951 
f -1511//-2750 -1531//-2746 -1099//-2747 
f -1508//-2018 -1535//-2054 -1089//-2017 
f -2694//-2739 -2677//-950 -4002//-2741 
f -1507//-2023 -1530//-2028 -1093//-2021 
f -1237//-2557 -2682//-949 -3825//-2559 
f -1727//-3150 -3575//-3151 -638//-1590 
f -2582//-1997 -2350//-3779 -2359//-3780 
f -3352//-4124 -3972//-948 -4134//-947 
f -780//-946 -846//-2913 -1326//-2914 
f -3003//-945 -1210//-1919 -2187//-1920 
f -2188//-1633 -2657//-1634 -1263//-2831 
f -1977//-944 -3954//-1689 -3607//-1690 
f -4121//-4021 -1977//-944 -2617//-943 
f -249//-942 -2140//-2404 -4059//-2405 
f -1053//-3891 -2372//-3694 -3588//-3695 
f -2554//-941 -727//-940 -584//-939 
f -3348//-2286 -1447//-938 -1135//-2288 
f -3347//-1316 -1449//-937 -1147//-1318 
f -2553//-936 -730//-935 -575//-934 
f -2552//-933 -723//-932 -571//-931 
f -3346//-930 -1442//-2127 -1104//-2128 
f -1026//-929 -3345//-928 -1333//-927 
f -1268//-926 -1407//-925 -1164//-924 
f -3704//-923 -1761//-922 -2275//-921 
f -1877//-2920 -2275//-921 -3904//-2922 
f -2423//-1971 -2638//-3354 -2061//-1972 
f -3915//-4053 -3343//-2973 -985//-3945 
f -961//-920 -2443//-919 -3564//-918 
f -946//-3038 -966//-917 -1680//-3040 
f -825//-3966 -3938//-3782 -1248//-3968 
f -2851//-916 -1719//-2112 -2202//-3948 
f -3340//-3051 -4105//-1349 -3649//-915 
f -820//-2515 -804//-914 -3393//-2517 
f -3613//-913 -3857//-1713 -1229//-912 
f -880//-911 -1229//-912 -3857//-1713 
f -1911//-3676 -3764//-1720 -1484//-3678 
f -1903//-2340 -2519//-2846 -3574//-2342 
f -2909//-1756 -3337//-1757 -1941//-1758 
f -3953//-3934 -4049//-3935 -2354//-910 
f -2967//-909 -3336//-908 -585//-907 
f -695//-4046 -654//-906 -2578//-4048 
f -2577//-1233 -2996//-905 -3959//-1235 
f -1290//-2487 -3598//-2488 -68//-1656 
f -1949//-904 -1953//-903 -221//-3394 
f -3334//-2810 -284//-2811 -1951//-977 
f -2811//-3308 -2084//-902 -705//-3310 
f -4123//-3893 -3333//-3639 -1332//-3640 
f -16//-1592 -3332//-901 -1408//-900 
f -1406//-899 -1587//-898 -1022//-3066 
f -4122//-3544 -1821//-897 -2619//-896 
f -1821//-897 -4031//-1646 -3595//-1647 
f -2120//-4027 -1110//-895 -3330//-2812 
f -2273//-894 -1276//-3567 -3730//-893 
f -3329//-3434 -3901//-892 -4008//-3433 
f -702//-891 -826//-2359 -1340//-1022 
f -2580//-3370 -1971//-890 -2461//-3372 
f -2530//-2481 -3328//-2482 -1771//-889 
f -2513//-888 -3327//-1044 -1048//-887 
f -3327//-1044 -2513//-888 -3407//-1045 
f -3326//-2466 -1331//-886 -3004//-2468 
f -1331//-886 -3326//-2466 -2859//-885 
f -2574//-3892 -3325//-3134 -1970//-884 
f -1332//-3640 -2574//-3892 -4123//-3893 
f -957//-2211 -2445//-883 -3879//-2213 
f -935//-3295 -968//-882 -1677//-3297 
f -2308//-2855 -2316//-1181 -3705//-2857 
f -2316//-1181 -2308//-2855 -2296//-881 
f -3373//-880 -3928//-879 -3322//-2225 
f -3215//-2120 -2547//-3026 -2995//-878 
f -352//-1328 -1482//-2800 -2459//-2801 
f -3648//-877 -2232//-876 -418//-875 
f -3730//-893 -1976//-874 -2273//-894 
f -1086//-2215 -879//-1283 -1976//-874 
f -1333//-927 -1315//-873 -1026//-929 
f -2365//-872 -3319//-871 -1350//-870 
f -3992//-1587 -1591//-2841 -1784//-1589 
f -2110//-1582 -2633//-869 -3888//-3350 
f -3455//-2335 -2478//-2336 -1735//-868 
f -2768//-867 -1697//-866 -1323//-2332 
f -3316//-4123 -3838//-865 -4010//-864 
f -1120//-863 -1188//-2624 -1465//-2625 
f -1113//-862 -2454//-2393 -3600//-861 
f -3565//-2392 -3315//-1560 -3230//-1559 
f -2874//-860 -3869//-859 -3314//-2753 
f -191//-858 -3314//-2753 -3869//-859 
f -1146//-2463 -1031//-857 -3443//-1157 
f -3997//-2553 -3940//-856 -3313//-3079 
f -249//-942 -3312//-1698 -2182//-855 
f -3609//-854 -2182//-855 -3312//-1698 
f -2571//-2062 -3839//-1475 -2675//-2064 
f -2283//-1394 -1822//-1395 -1782//-3305 
f -1470//-853 -3310//-1272 -2590//-852 
f -3310//-1272 -1470//-853 -1972//-1273 
f -1966//-1540 -1811//-851 -1208//-1542 
f -1811//-851 -1897//-2326 -3559//-3971 
f -894//-850 -1065//-1632 -2188//-1633 
f -3350//-4019 -3308//-2833 -3885//-1693 
f -838//-849 -1978//-2934 -3170//-848 
f -3307//-1666 -4077//-3271 -700//-1665 
f -2636//-2743 -3306//-847 -4076//-1995 
f -3703//-2106 -1781//-3332 -1747//-3333 
f -2990//-1617 -3585//-846 -1927//-1619 
f -3305//-1000 -209//-845 -452//-1002 
f -3304//-997 -210//-844 -434//-999 
f -2989//-1614 -3584//-843 -1930//-1616 
f -1129//-1141 -1190//-2851 -3440//-1143 
f -3798//-4126 -2549//-842 -2482//-841 
f -478//-840 -485//-839 -3889//-838 
f -3889//-838 -247//-837 -478//-840 
f -2373//-3961 -1259//-3789 -3207//-3963 
f -3301//-3270 -3975//-1664 -3777//-3273 
f -792//-991 -844//-2161 -3385//-993 
f -4007//-3432 -2482//-841 -2549//-842 
f -3299//-3866 -1010//-836 -2369//-3865 
f -2483//-2281 -2406//-835 -1975//-834 
f -3298//-2623 -4010//-864 -3838//-865 
f -818//-833 -839//-2244 -1297//-986 
f -48//-1353 -3297//-3700 -2069//-1355 
f -2019//-832 -2048//-831 -83//-2307 
f -57//-2303 -3296//-3326 -2072//-830 
f -2029//-829 -2057//-828 -91//-3325 
f -50//-1365 -3295//-2496 -2073//-1367 
f -2023//-827 -2054//-826 -87//-3868 
f -60//-2299 -3294//-3342 -2063//-825 
f -2018//-1607 -2053//-824 -88//-3340 
f -51//-1356 -3293//-3703 -2075//-1358 
f -2030//-823 -2051//-822 -82//-2304 
f -3997//-2553 -3313//-3079 -2456//-3080 
f -860//-2154 -774//-2554 -1299//-2555 
f -83//-2307 -2525//-3283 -2019//-832 
f -2067//-1734 -2040//-821 -54//-3698 
f -2063//-825 -2039//-820 -60//-2299 
f -87//-3868 -2526//-3869 -2023//-827 
f -2070//-1631 -2034//-819 -47//-1946 
f -92//-1721 -2522//-1942 -2025//-1723 
f -2072//-830 -2041//-818 -57//-2303 
f -89//-2569 -2520//-3628 -2028//-2571 
f -2071//-1742 -2044//-817 -58//-3706 
f -82//-2304 -2527//-3311 -2030//-823 
f -91//-3325 -2523//-3831 -2029//-829 
f -2065//-1735 -2042//-816 -55//-2561 
f -407//-815 -1403//-3549 -2948//-3762 
f -358//-814 -1272//-2436 -2175//-813 
f -410//-812 -1394//-3191 -2946//-3769 
f -360//-811 -1273//-1673 -2176//-810 
f -2403//-809 -708//-808 -576//-807 
f -1452//-1699 -3610//-806 -982//-1701 
f -1466//-2003 -3282//-2006 -1910//-2005 
f -1559//-805 -1872//-804 -2259//-3353 
f -3257//-3814 -3961//-3815 -2833//-3819 
f -847//-803 -849//-2823 -3395//-802 
f -2270//-3565 -3280//-3541 -908//-801 
f -916//-2108 -908//-801 -3280//-3541 
f -2395//-800 -720//-2566 -583//-2567 
f -1430//-3278 -3826//-799 -3065//-3916 
f -2397//-798 -729//-797 -579//-796 
f -1443//-795 -3650//-794 -1128//-793 
f -617//-3705 -1752//-792 -3620//-3707 
f -2419//-3142 -736//-3143 -646//-2735 
f -2417//-2904 -734//-3264 -639//-3265 
f -614//-3697 -1749//-791 -3618//-3699 
f -3275//-3653 -735//-3654 -645//-3177 
f -613//-2560 -1751//-790 -2815//-2562 
f -138//-789 -687//-2772 -2585//-2773 
f -2464//-2166 -3719//-3499 -1769//-3500 
f -2466//-2196 -3725//-3525 -3947//-3526 
f -143//-788 -693//-2784 -2588//-2785 
f -2465//-2173 -3721//-3514 -3945//-3515 
f -140//-787 -689//-2766 -2586//-2767 
f -141//-786 -691//-2778 -2584//-2779 
f -2467//-2171 -3720//-3530 -3946//-3531 
f -2468//-2183 -3723//-3518 -3944//-3519 
f -137//-785 -690//-2790 -2589//-2791 
f -139//-784 -688//-2763 -2583//-2764 
f -2462//-2191 -3724//-3521 -3941//-3522 
f -2463//-2181 -3722//-3505 -3942//-3506 
f -142//-783 -692//-2754 -2587//-2755 
f -3267//-2419 -1770//-1574 -2196//-1575 
f -3944//-3519 -2335//-3104 -2468//-2183 
f -3266//-2418 -1767//-1571 -2200//-1572 
f -3945//-3515 -2338//-3110 -2465//-2173 
f -3265//-2424 -3791//-1567 -2197//-1568 
f -1769//-3500 -2336//-3095 -2464//-2166 
f -3264//-2422 -1766//-1564 -2198//-1565 
f -3946//-3531 -2337//-3113 -2467//-2171 
f -3263//-2423 -1768//-1579 -2194//-1580 
f -3947//-3526 -2339//-3119 -2466//-2196 
f -3262//-2421 -1765//-1561 -2199//-1562 
f -3942//-3506 -2340//-3092 -2463//-2181 
f -3261//-2420 -1764//-1576 -2195//-1577 
f -3941//-3522 -2334//-3086 -2462//-2191 
f -2076//-1192 -1759//-1661 -3661//-1194 
f -3599//-1663 -3661//-1194 -1759//-1661 
f -3675//-2590 -1972//-1273 -3259//-2592 
f -2141//-2588 -3831//-3464 -4014//-3465 
f -1151//-782 -1162//-2228 -1494//-2198 
f -3258//-3256 -4134//-947 -3972//-948 
f -2367//-781 -2833//-3819 -4082//-3820 
f -1030//-780 -1191//-1335 -3501//-779 
f -1399//-778 -403//-777 -3111//-776 
f -2918//-3748 -1399//-778 -1865//-3750 
f -1393//-775 -406//-774 -3657//-773 
f -2917//-4060 -1393//-775 -1794//-4062 
f -2922//-772 -1371//-771 -1816//-770 
f -1371//-771 -372//-769 -3549//-768 
f -1370//-767 -384//-766 -3547//-765 
f -2923//-764 -1370//-767 -1801//-763 
f -2920//-762 -1368//-761 -1798//-760 
f -1368//-761 -378//-759 -3548//-758 
f -621//-2987 -2904//-2731 -3616//-1725 
f -2522//-1942 -92//-1721 -650//-1944 
f -2156//-2124 -3250//-757 -181//-756 
f -3085//-3242 -2502//-3243 -900//-755 
f -2158//-2103 -3249//-754 -183//-753 
f -3081//-3239 -2505//-3240 -897//-752 
f -3082//-3212 -2501//-3213 -902//-751 
f -2153//-2071 -3248//-750 -182//-749 
f -3084//-3218 -2506//-3219 -901//-748 
f -2152//-2077 -3247//-747 -177//-746 
f -3086//-3209 -2507//-3210 -898//-745 
f -2155//-2065 -3246//-744 -179//-743 
f -3080//-3224 -2504//-3225 -896//-742 
f -2157//-2086 -3245//-741 -180//-740 
f -3083//-3230 -2503//-3231 -899//-739 
f -2154//-2093 -3244//-738 -178//-737 
f -1756//-1201 -2258//-1684 -3243//-736 
f -2852//-2204 -3243//-736 -2258//-1684 
f -714//-2385 -1809//-735 -3545//-2387 
f -1999//-2551 -2375//-1489 -3823//-1486 
f -599//-1258 -1810//-1259 -3544//-734 
f -2001//-1482 -1//-733 -4101//-1484 
f -1743//-2662 -1376//-732 -1778//-2664 
f -1376//-732 -537//-1893 -3816//-1894 
f -2218//-731 -674//-730 -813//-729 
f -120//-728 -3239//-727 -2050//-1629 
f -880//-911 -4079//-2629 -1742//-1085 
f -1080//-3797 -2579//-3059 -1428//-3060 
f -222//-726 -3237//-3287 -508//-3288 
f -1555//-1976 -2172//-1556 -2991//-1557 
f -3950//-3835 -2528//-1651 -2598//-1652 
f -1159//-1161 -1158//-1990 -3444//-1163 
f -3235//-2835 -3765//-3597 -2237//-3598 
f -2437//-2347 -2082//-2344 -2714//-2345 
f -3234//-2110 -3621//-2858 -2294//-2859 
f -2435//-2382 -1979//-3397 -3209//-1744 
f -2233//-1390 -1974//-725 -3233//-1392 
f -3377//-724 -3233//-1392 -1974//-725 
f -813//-729 -2603//-2738 -3712//-723 
f -1497//-1536 -3712//-723 -1183//-1538 
f -1144//-2961 -1154//-2258 -2724//-3413 
f -4066//-2962 -2509//-3853 -2609//-3854 
f -313//-4028 -1552//-3900 -3880//-4030 
f -4120//-1963 -3230//-1559 -3315//-1560 
f -1580//-3357 -1519//-3007 -3183//-722 
f -1570//-2493 -1170//-1989 -4085//-721 
f -1179//-1280 -1171//-1184 -3896//-720 
f -1581//-2885 -1517//-3994 -3184//-719 
f -1575//-2373 -1521//-3424 -3185//-718 
f -1177//-1214 -1173//-3942 -3771//-1216 
f -1577//-2149 -1515//-3556 -3194//-717 
f -1569//-1279 -1179//-1280 -3714//-716 
f -1572//-2364 -1514//-3490 -3187//-715 
f -1175//-1185 -1176//-1307 -3769//-1187 
f -1573//-2416 -1518//-3606 -3190//-714 
f -1172//-1308 -1180//-1213 -3784//-1310 
f -1257//-2207 -1965//-3566 -1276//-3567 
f -1585//-1636 -153//-713 -6//-712 
f -2194//-1580 -3222//-3122 -3263//-2423 
f -23//-711 -3790//-1581 -3697//-2079 
f -21//-710 -3785//-1570 -3698//-2088 
f -2200//-1572 -3221//-3107 -3266//-2418 
f -2197//-1568 -3220//-3098 -3265//-2424 
f -25//-709 -3943//-1569 -3700//-2095 
f -19//-708 -3787//-1578 -3702//-2105 
f -2195//-1577 -3219//-3083 -3261//-2420 
f -22//-707 -3786//-1573 -3708//-2126 
f -2196//-1575 -3218//-3101 -3267//-2419 
f -24//-706 -3789//-1566 -3695//-2067 
f -2198//-1565 -3217//-3116 -3264//-2422 
f -20//-705 -3788//-1563 -3696//-2073 
f -2199//-1562 -3216//-3089 -3262//-2421 
f -2130//-1195 -1637//-2117 -1755//-704 
f -2995//-878 -3707//-703 -3215//-2120 
f -3214//-702 -3605//-965 -3880//-4030 
f -3605//-965 -3214//-702 -1287//-966 
f -3213//-4084 -4115//-1643 -4015//-1644 
f -1128//-793 -1127//-1903 -1443//-795 
f -502//-3408 -501//-701 -2935//-3410 
f -3779//-2398 -1304//-2401 -1696//-2402 
f -582//-700 -2290//-699 -3211//-698 
f -2792//-2829 -750//-2830 -610//-697 
f -2316//-1181 -1718//-696 -3452//-1182 
f -4106//-695 -3452//-1182 -1718//-696 
f -3209//-1744 -3774//-1743 -2435//-2382 
f -2399//-3132 -1970//-884 -3325//-3134 
f -1668//-694 -3208//-693 -2477//-1658 
f -1342//-692 -2477//-1658 -3208//-693 
f -429//-691 -2117//-2346 -892//-1627 
f -4109//-3787 -3207//-3963 -1259//-3789 
f -3994//-690 -1156//-3348 -915//-689 
f -2570//-4099 -3206//-4141 -2083//-4101 
f -2878//-4072 -2380//-688 -4048//-4071 
f -1148//-2595 -1105//-1168 -1491//-1169 
f -570//-3592 -701//-3593 -1546//-2091 
f -1901//-687 -1271//-686 -2514//-2971 
f -3492//-2714 -3860//-685 -3203//-3943 
f -1265//-972 -3203//-3943 -3860//-685 
f -1862//-684 -1966//-1540 -3505//-1541 
f -1347//-683 -1862//-684 -2360//-682 
f -3842//-2637 -3201//-681 -1567//-2639 
f -69//-680 -1567//-2639 -3201//-681 
f -931//-679 -2280//-678 -3200//-2250 
f -2131//-2875 -3666//-2937 -2444//-2938 
f -921//-677 -2279//-676 -3199//-2000 
f -2133//-1999 -3535//-2977 -2442//-2978 
f -919//-675 -2281//-674 -3198//-3818 
f -2132//-1696 -3537//-2867 -2440//-2868 
f -2415//-2619 -2600//-1747 -2873//-1547 
f -3197//-1749 -3622//-3600 -2286//-3601 
f -1102//-2043 -1079//-2044 -1502//-2045 
f -3196//-673 -1835//-672 -1583//-3489 
f -3195//-4076 -1829//-671 -1574//-4078 
f -1094//-2032 -1071//-2748 -1506//-2034 
f -3194//-717 -1836//-670 -1577//-2149 
f -1096//-2051 -1078//-2052 -1505//-2053 
f -3193//-669 -1834//-668 -1579//-1621 
f -1100//-2472 -1077//-2474 -1503//-2475 
f -1092//-2029 -1068//-2041 -1510//-2030 
f -3192//-667 -1825//-666 -1578//-3605 
f -1101//-2048 -1066//-2057 -1500//-2050 
f -3191//-665 -1831//-664 -1582//-3993 
f -3190//-714 -1828//-663 -1573//-2416 
f -1095//-2035 -1076//-2036 -1501//-2037 
f -1093//-2021 -1070//-2022 -1507//-2023 
f -3189//-1341 -1826//-662 -2612//-1342 
f -1099//-2747 -1073//-2749 -1511//-2750 
f -3188//-1594 -1832//-661 -2613//-1595 
f -3187//-715 -1833//-660 -1572//-2364 
f -1097//-2056 -1067//-2058 -1512//-2059 
f -3186//-2492 -1824//-659 -1576//-3683 
f -1090//-2025 -1075//-2026 -1509//-2027 
f -3185//-718 -1823//-658 -1575//-2373 
f -1091//-2040 -1072//-2473 -1499//-2042 
f -3184//-719 -1830//-657 -1581//-2885 
f -1089//-2017 -1074//-2049 -1508//-2018 
f -1098//-2019 -1069//-2033 -1504//-2020 
f -3183//-722 -4067//-656 -1580//-3357 
f -3886//-3595 -3182//-2930 -1423//-2931 
f -1893//-1136 -2366//-2265 -3438//-3384 
f -3681//-1321 -1485//-655 -1356//-654 
f -1485//-655 -3681//-1321 -1125//-1322 
f -3466//-653 -239//-1968 -569//-1969 
f -653//-652 -685//-651 -332//-1220 
f -2718//-3795 -1909//-3796 -1924//-2892 
f -4005//-2319 -1924//-2892 -1909//-3796 
f -1762//-2090 -895//-2432 -3406//-2092 
f -2224//-4018 -3178//-2972 -2483//-2281 
f -3487//-650 -811//-3275 -670//-3276 
f -1550//-1291 -716//-649 -2306//-1293 
f -3176//-2712 -3983//-1940 -2201//-1941 
f -2407//-1448 -2594//-3381 -2497//-3307 
f -3175//-2484 -3667//-3579 -1589//-3580 
f -2061//-1972 -1288//-2976 -2423//-1971 
f -2873//-1547 -3561//-1745 -3174//-3317 
f -1557//-1398 -3174//-3317 -3561//-1745 
f -1005//-1918 -2581//-648 -3654//-3901 
f -1063//-1917 -1005//-1918 -2187//-1920 
f -2563//-3625 -1558//-647 -1496//-3627 
f -1571//-2118 -4084//-2119 -3172//-2840 
f -1741//-2617 -3171//-3642 -4050//-3130 
f -3774//-1743 -2276//-2383 -2288//-2381 
f -3679//-2932 -3170//-848 -1978//-2934 
f -1423//-2931 -2216//-3594 -3886//-3595 
f -2365//-872 -2475//-3168 -3553//-3169 
f -3319//-871 -2365//-872 -1548//-3840 
f -3656//-1930 -4021//-1927 -1656//-1932 
f -1673//-3495 -1648//-646 -942//-3497 
f -1681//-3905 -1647//-645 -938//-3907 
f -3655//-1921 -4053//-1924 -1658//-1923 
f -1679//-3717 -1639//-644 -933//-3719 
f -3653//-2547 -4063//-1913 -1665//-2549 
f -1748//-1708 -3998//-1715 -3165//-1706 
f -2437//-2347 -2285//-3382 -2293//-2716 
f -1791//-1467 -3164//-643 -3097//-1469 
f -2249//-1786 -76//-642 -46//-1788 
f -2248//-1792 -77//-641 -40//-1794 
f -1786//-1470 -3163//-640 -3095//-1472 
f -2247//-1798 -78//-639 -43//-1800 
f -1792//-2388 -3162//-638 -3096//-2390 
f -1788//-1260 -3161//-637 -2954//-1262 
f -2251//-1780 -74//-636 -41//-1782 
f -1789//-1933 -3160//-635 -3255//-1935 
f -2250//-1774 -72//-634 -42//-1776 
f -2252//-1765 -73//-633 -45//-1767 
f -1790//-1507 -3159//-632 -3106//-1509 
f -2254//-1762 -75//-631 -44//-1764 
f -1787//-3568 -3158//-630 -2844//-3570 
f -2295//-2638 -2457//-1727 -3148//-1728 
f -3157//-1710 -3612//-3331 -1745//-2752 
f -1882//-3714 -3156//-629 -3256//-3716 
f -2388//-1821 -316//-628 -349//-1823 
f -1884//-1676 -3155//-627 -2867//-1678 
f -2392//-1833 -318//-626 -348//-1835 
f -2390//-1842 -315//-625 -345//-1844 
f -1880//-1501 -3154//-624 -3104//-1503 
f -1886//-3972 -4072//-623 -2868//-3974 
f -2391//-1827 -319//-622 -350//-1829 
f -2393//-1815 -320//-621 -344//-1817 
f -1881//-1077 -3152//-620 -2845//-1079 
f -2389//-1845 -317//-619 -347//-1847 
f -1883//-2522 -3151//-618 -2953//-2524 
f -1885//-1497 -3150//-617 -3105//-1499 
f -2394//-1809 -314//-616 -346//-1811 
f -1565//-1270 -1563//-2804 -3149//-615 
f -2608//-2802 -3149//-615 -1563//-2804 
f -2286//-3601 -2436//-1748 -3197//-1749 
f -3148//-1728 -3842//-2637 -2295//-2638 
f -1896//-4009 -980//-614 -3803//-4100 
f -3147//-3361 -1888//-3362 -1892//-613 
f -1818//-3292 -4022//-612 -2921//-3294 
f -2383//-1863 -254//-611 -198//-1865 
f -2385//-1887 -256//-610 -199//-1889 
f -1813//-1052 -4026//-609 -2843//-1054 
f -1814//-1070 -4028//-608 -2840//-1072 
f -2382//-1881 -251//-607 -194//-1883 
f -1817//-1064 -4023//-606 -2839//-1066 
f -2386//-1854 -250//-605 -195//-1856 
f -2384//-1872 -253//-604 -193//-1874 
f -1815//-1243 -4024//-603 -2951//-1245 
f -1816//-770 -4025//-602 -2922//-772 
f -2381//-1878 -252//-601 -196//-1880 
f -2387//-1860 -255//-600 -197//-1862 
f -1819//-1046 -4027//-599 -2841//-1048 
f -2579//-3059 -3432//-1117 -1433//-3061 
f -2274//-1116 -1433//-3061 -3432//-1117 
f -922//-598 -2453//-597 -3138//-2273 
f -3135//-1626 -2138//-2274 -964//-596 
f -3846//-1196 -2128//-3837 -930//-595 
f -2282//-594 -2449//-593 -3137//-1205 
f -3735//-1199 -2127//-2237 -924//-592 
f -958//-591 -2441//-590 -3136//-3406 
f -964//-596 -2446//-589 -3135//-1626 
f -3729//-2208 -2126//-3958 -929//-2210 
f -3138//-2273 -2125//-2613 -922//-598 
f -962//-588 -2447//-587 -3134//-2616 
f -2226//-2684 -146//-586 -189//-2686 
f -1808//-3301 -3853//-585 -2919//-3303 
f -2231//-2691 -148//-584 -184//-2693 
f -1801//-763 -3854//-583 -2923//-764 
f -1798//-760 -3850//-582 -2920//-762 
f -2227//-2672 -147//-581 -186//-2674 
f -2229//-2668 -150//-580 -190//-2670 
f -1805//-1249 -3849//-579 -2950//-1251 
f -1806//-1237 -3851//-578 -2952//-1239 
f -2225//-2677 -151//-577 -188//-2679 
f -1799//-1058 -3852//-576 -2842//-1060 
f -2230//-2680 -152//-575 -185//-2682 
f -2228//-2665 -149//-574 -187//-2667 
f -1803//-4089 -3848//-573 -3240//-4091 
f -2465//-2173 -3126//-2174 -627//-572 
f -306//-2769 -565//-571 -2433//-2771 
f -2468//-2183 -3125//-2184 -626//-570 
f -308//-2793 -564//-569 -2432//-2795 
f -2466//-2196 -3124//-2197 -629//-568 
f -312//-2787 -567//-567 -2430//-2789 
f -311//-2760 -568//-566 -2428//-2762 
f -2462//-2191 -3123//-2192 -630//-565 
f -2463//-2181 -3122//-2182 -624//-564 
f -310//-2757 -563//-563 -2431//-2759 
f -307//-2781 -566//-562 -2429//-2783 
f -2467//-2171 -3121//-2172 -628//-561 
f -309//-2775 -562//-560 -2427//-2777 
f -2464//-2166 -3120//-2167 -625//-559 
f -1048//-887 -3119//-558 -2513//-888 
f -3119//-558 -1048//-887 -3480//-4003 
f -4059//-2405 -1425//-1939 -3118//-557 
f -3859//-1937 -3118//-557 -1425//-1939 
f -696//-556 -694//-555 -323//-554 
f -2936//-553 -323//-554 -694//-555 
f -3792//-2425 -3116//-4051 -2329//-2202 
f -2533//-1267 -2361//-1268 -3479//-2426 
f -3743//-2266 -2551//-1994 -1898//-1978 
f -1900//-4011 -1898//-1978 -2960//-1979 
f -3171//-3642 -1741//-2617 -1783//-3785 
f -3197//-1749 -3837//-1750 -3114//-1746 
f -3113//-3320 -3600//-861 -2454//-2393 
f -700//-1665 -1967//-2620 -3307//-1666 
f -3112//-3692 -3859//-1937 -2272//-1938 
f -2201//-1941 -2362//-2719 -3176//-2712 
f -594//-552 -2108//-3715 -3256//-3716 
f -3783//-551 -2341//-2414 -423//-2660 
f -710//-1494 -3110//-550 -351//-1496 
f -2264//-1383 -2260//-1388 -4102//-1385 
f -2178//-1544 -3109//-549 -354//-1546 
f -2265//-3281 -2262//-1041 -3804//-2470 
f -1686//-548 -3108//-547 -355//-546 
f -2263//-1380 -3//-545 -4088//-1382 
f -3515//-1375 -59//-1604 -623//-544 
f -573//-543 -2098//-542 -3581//-541 
f -3106//-1509 -2473//-540 -591//-539 
f -409//-538 -1401//-3063 -3254//-4112 
f -3105//-1499 -2472//-537 -586//-536 
f -401//-535 -1402//-3041 -3253//-3765 
f -3104//-1503 -2471//-534 -589//-533 
f -414//-532 -1395//-2813 -3252//-3743 
f -1249//-531 -807//-530 -3952//-529 
f -3456//-528 -3952//-529 -807//-530 
f -2242//-3437 -2253//-2881 -2654//-3439 
f -1621//-1049 -3651//-527 -228//-1051 
f -2181//-1246 -3670//-526 -231//-1248 
f -2244//-3720 -2255//-3282 -2650//-3722 
f -2245//-1488 -2256//-1374 -2652//-1373 
f -1622//-1055 -3514//-525 -232//-1057 
f -1596//-2507 -3513//-2508 -229//-524 
f -2246//-1387 -2257//-1371 -2649//-1372 
f -2357//-3393 -221//-3394 -1953//-903 
f -3098//-2808 -2910//-2218 -1556//-2219 
f -2481//-523 -1412//-1468 -3097//-1469 
f -532//-522 -1398//-4128 -2838//-4129 
f -538//-521 -1397//-4082 -2834//-4095 
f -2479//-520 -1422//-2389 -3096//-2390 
f -2480//-519 -1416//-1471 -3095//-1472 
f -541//-518 -1404//-3440 -2836//-3986 
f -3777//-3273 -3094//-4036 -997//-2983 
f -1209//-1662 -3777//-3273 -3975//-1664 
f -3176//-2712 -3611//-2717 -3093//-3380 
f -3165//-1706 -1586//-1707 -1748//-1708 
f -2143//-3172 -3956//-4043 -3898//-4044 
f -3713//-1522 -2167//-2145 -3092//-2143 
f -3047//-517 -1354//-516 -1493//-1298 
f -1459//-2634 -3841//-2635 -3091//-515 
f -3046//-514 -1355//-513 -1492//-1302 
f -1465//-2625 -3818//-2626 -3090//-512 
f -3050//-511 -1357//-510 -1488//-1294 
f -1458//-2262 -3819//-2532 -3089//-509 
f -3939//-2137 -3088//-3075 -981//-3190 
f -2618//-979 -1029//-980 -3380//-3072 
f -1023//-508 -2080//-507 -2292//-506 
f -2080//-507 -2241//-2864 -3485//-2865 
f -2587//-2755 -3641//-2756 -830//-505 
f -125//-1851 -680//-504 -2321//-1853 
f -2585//-2773 -3643//-2774 -834//-503 
f -126//-1866 -683//-502 -2323//-1868 
f -2589//-2791 -3645//-2792 -835//-501 
f -127//-1875 -678//-500 -2325//-1877 
f -2586//-2767 -3644//-2768 -832//-499 
f -124//-1869 -682//-498 -2322//-1871 
f -128//-1890 -679//-497 -2319//-1892 
f -2583//-2764 -3647//-2765 -829//-496 
f -2588//-2785 -3642//-2786 -831//-495 
f -122//-1857 -677//-494 -2324//-1859 
f -123//-1884 -681//-493 -2320//-1886 
f -2584//-2779 -3646//-2780 -833//-492 
f -3926//-1583 -3736//-3016 -1195//-1585 
f -2327//-3790 -1195//-1585 -3736//-3016 
f -286//-1818 -173//-491 -2313//-1820 
f -3263//-2423 -3635//-3120 -3078//-3118 
f -3261//-2420 -3634//-3081 -3077//-3085 
f -285//-1812 -175//-490 -2311//-1814 
f -288//-1830 -174//-489 -2314//-1832 
f -3265//-2424 -3637//-3096 -3076//-3094 
f -3264//-2422 -3639//-3114 -3075//-3112 
f -289//-1839 -171//-488 -2312//-1841 
f -3266//-2418 -3640//-3105 -3074//-3109 
f -287//-1848 -169//-487 -2310//-1850 
f -3262//-2421 -3636//-3087 -3073//-3091 
f -291//-1824 -172//-486 -2307//-1826 
f -3267//-2419 -3638//-3099 -3072//-3103 
f -290//-1836 -170//-485 -2309//-1838 
f -2831//-2395 -3071//-2396 -4119//-2397 
f -2081//-3157 -1875//-3564 -2906//-2292 
f -2898//-1227 -3070//-484 -884//-1229 
f -3378//-3416 -884//-1229 -3070//-484 
f -2151//-2845 -1874//-1118 -3433//-1119 
f -3808//-2483 -3069//-3204 -1410//-2311 
f -3068//-1719 -3955//-1037 -1202//-1039 
f -1871//-3166 -2150//-3673 -3024//-3674 
f -2294//-2859 -2318//-2860 -2326//-2856 
f -1876//-2636 -3891//-4037 -3067//-1313 
f -3588//-3695 -2268//-3578 -1053//-3891 
f -2268//-3578 -705//-3310 -2084//-902 
f -3858//-2709 -1345//-483 -1454//-2711 
f -1345//-483 -3858//-2709 -3451//-1389 
f -1440//-1639 -3064//-1640 -3593//-1641 
f -3886//-3595 -2223//-3596 -2240//-2264 
f -1541//-1209 -3063//-482 -2712//-1211 
f -3063//-482 -1541//-1209 -1106//-1033 
f -2541//-3398 -3062//-2111 -15//-3400 
f -1564//-2109 -15//-3400 -3062//-2111 
f -2290//-699 -582//-700 -35//-481 
f -2111//-480 -652//-479 -52//-2574 
f -3060//-2903 -1490//-478 -1155//-1175 
f -1490//-478 -3060//-2903 -2417//-2904 
f -1489//-477 -3059//-3141 -2419//-3142 
f -3059//-3141 -1489//-477 -994//-1089 
f -3435//-3652 -1487//-1128 -1161//-1129 
f -1487//-1128 -3435//-3652 -3275//-3653 
f -577//-476 -2095//-475 -3289//-474 
f -3057//-473 -731//-472 -1450//-1333 
f -3467//-1225 -3056//-1221 -987//-1222 
f -2121//-2413 -1613//-3058 -3935//-2277 
f -1549//-2695 -3055//-2828 -3542//-471 
f -3759//-2322 -2568//-1479 -1560//-1477 
f -1450//-1333 -3501//-779 -1191//-1335 
f -3501//-779 -1450//-1333 -731//-472 
f -3694//-2223 -3053//-3622 -1800//-3623 
f -2174//-2063 -1969//-3555 -3034//-2627 
f -3049//-470 -814//-469 -1494//-2198 
f -1464//-2890 -3897//-2891 -3052//-468 
f -3048//-467 -815//-466 -1491//-1169 
f -1463//-2465 -3832//-2594 -3051//-465 
f -1488//-1294 -3488//-1461 -3050//-511 
f -3039//-464 -754//-463 -1474//-2530 
f -3035//-462 -758//-461 -1476//-1166 
f -1494//-2198 -3446//-2226 -3049//-470 
f -3036//-460 -753//-459 -1472//-2593 
f -1491//-1169 -3448//-1170 -3048//-467 
f -1493//-1298 -3489//-2630 -3047//-517 
f -3040//-458 -757//-457 -1473//-2853 
f -1492//-1302 -3490//-1346 -3046//-514 
f -3038//-456 -755//-455 -1478//-2527 
f -1444//-2462 -3443//-1157 -3045//-454 
f -3051//-465 -742//-453 -1463//-2465 
f -1448//-1162 -3444//-1163 -3044//-452 
f -2418//-3138 -738//-451 -1462//-3140 
f -1446//-1148 -3441//-1149 -3043//-450 
f -3276//-3729 -740//-449 -1461//-3731 
f -1441//-1142 -3440//-1143 -3042//-448 
f -3052//-468 -744//-447 -1464//-2890 
f -1451//-1153 -3442//-1518 -3041//-446 
f -3277//-3478 -739//-445 -1460//-3480 
f -1473//-2853 -3890//-2854 -3040//-458 
f -3042//-448 -721//-444 -1441//-1142 
f -1474//-2530 -3806//-2531 -3039//-464 
f -3043//-450 -725//-443 -1446//-1148 
f -1478//-2527 -3820//-2535 -3038//-456 
f -3041//-446 -724//-442 -1451//-1153 
f -1479//-3076 -3802//-2157 -3037//-3078 
f -3045//-454 -722//-441 -1444//-2462 
f -1472//-2593 -3844//-2647 -3036//-460 
f -3044//-452 -728//-440 -1448//-1162 
f -1476//-1166 -3726//-2886 -3035//-462 
f -3107//-3412 -726//-439 -1445//-3414 
f -1318//-438 -1615//-1474 -2571//-2062 
f -1252//-437 -1318//-438 -3034//-2627 
f -2493//-3236 -3033//-3237 -11//-436 
f -105//-1789 -160//-435 -2161//-1791 
f -106//-1795 -161//-434 -2163//-1797 
f -2487//-3215 -3032//-3216 -14//-433 
f -2489//-3206 -3031//-3207 -8//-432 
f -102//-1783 -159//-431 -2162//-1785 
f -2491//-3245 -3030//-3246 -9//-430 
f -103//-1771 -158//-429 -2165//-1773 
f -2490//-3227 -3029//-3228 -10//-428 
f -104//-1759 -156//-427 -2166//-1761 
f -100//-1777 -157//-426 -2160//-1779 
f -2488//-3233 -3028//-3234 -12//-425 
f -101//-1768 -155//-424 -2164//-1770 
f -2492//-3221 -3027//-3222 -13//-423 
f -512//-422 -503//-421 -3916//-420 
f -3317//-419 -1735//-868 -2478//-2336 
f -2147//-2240 -2271//-3015 -2461//-3372 
f -3025//-3351 -3926//-1583 -1757//-1584 
f -1757//-1584 -2110//-1582 -3025//-3351 
f -3024//-3674 -3573//-3165 -1871//-3166 
f -2219//-418 -667//-1178 -808//-1179 
f -113//-417 -3023//-416 -2045//-1377 
f -1312//-2899 -3478//-2896 -2529//-2897 
f -1299//-2555 -3583//-2556 -3022//-415 
f -3949//-3133 -3021//-1397 -2870//-2384 
f -2329//-2202 -2186//-3641 -3792//-2425 
f -595//-414 -1417//-1934 -3255//-1935 
f -1417//-1934 -595//-414 -3471//-413 
f -560//-412 -430//-1287 -207//-1288 
f -1614//-2133 -3486//-411 -3929//-2135 
f -84//-1681 -3604//-410 -2017//-1683 
f -2209//-409 -647//-2563 -745//-2564 
f -1721//-2486 -3502//-408 -3598//-2488 
f -561//-407 -605//-406 -212//-405 
f -38//-404 -3511//-403 -2033//-1366 
f -2214//-402 -584//-939 -727//-940 
f -2212//-401 -576//-807 -708//-808 
f -37//-400 -3510//-399 -2032//-1362 
f -2210//-398 -571//-931 -723//-932 
f -34//-397 -3509//-396 -2038//-1357 
f -2213//-395 -579//-796 -729//-797 
f -29//-394 -3507//-393 -2037//-1351 
f -2211//-392 -575//-934 -730//-935 
f -32//-391 -3508//-390 -2043//-1354 
f -4131//-4092 -3571//-389 -3011//-3768 
f -2195//-1577 -3011//-3768 -3571//-389 
f -1925//-3772 -3570//-388 -3010//-3774 
f -2196//-1575 -3010//-3774 -3570//-388 
f -2199//-1562 -3009//-3747 -3566//-387 
f -4112//-3980 -3566//-387 -3009//-3747 
f -1904//-4064 -3567//-386 -3008//-3746 
f -2198//-1565 -3008//-3746 -3567//-386 
f -2200//-1572 -3007//-3758 -3569//-385 
f -1907//-3983 -3569//-385 -3007//-3758 
f -4114//-3985 -3572//-384 -3006//-3751 
f -2194//-1580 -3006//-3751 -3572//-384 
f -4125//-3759 -3568//-383 -3005//-3761 
f -2197//-1568 -3005//-3761 -3568//-383 
f -1902//-3903 -1878//-2805 -3414//-2310 
f -3173//-2467 -3004//-2468 -4011//-2921 
f -3003//-945 -1247//-382 -2351//-381 
f -153//-713 -1585//-1636 -1247//-382 
f -2498//-1210 -3002//-3740 -3401//-3741 
f -3827//-2573 -52//-2574 -652//-479 
f -1894//-1714 -3614//-3794 -3001//-1716 
f -2237//-3598 -2315//-3599 -2331//-2279 
f -1266//-3554 -3000//-3825 -1989//-3068 
f -2851//-916 -1989//-3068 -3000//-3825 
f -857//-380 -868//-1368 -3512//-1369 
f -853//-379 -857//-380 -1311//-2847 
f -3593//-1641 -1432//-4031 -1440//-1639 
f -2533//-1267 -2998//-2263 -4042//-4050 
f -1275//-378 -2192//-377 -2575//-1275 
f -3482//-1274 -2575//-1275 -2192//-377 
f -981//-3190 -2149//-2491 -3939//-2137 
f -2996//-905 -2577//-1233 -4108//-376 
f -3928//-879 -2995//-878 -2547//-3026 
f -1800//-3623 -1551//-2222 -3694//-2223 
f -3157//-1710 -3988//-1711 -2994//-1712 
f -3323//-4038 -1837//-4039 -1781//-3332 
f -2993//-3027 -4047//-2374 -3322//-2225 
f -1889//-1491 -2116//-1490 -2627//-1493 
f -3067//-1313 -1861//-3784 -1876//-2636 
f -3148//-1728 -3617//-1729 -2992//-1730 
f -2448//-3036 -956//-3037 -975//-3845 
f -3342//-2328 -3761//-3926 -2352//-375 
f -973//-3496 -942//-3497 -2414//-374 
f -2414//-374 -959//-373 -973//-3496 
f -974//-3906 -938//-3907 -2412//-372 
f -2412//-372 -952//-371 -974//-3906 
f -967//-3718 -933//-3719 -2413//-370 
f -2413//-370 -955//-369 -967//-3718 
f -3772//-1492 -2987//-368 -1265//-972 
f -3203//-3943 -1265//-972 -2987//-368 
f -1760//-2294 -1431//-2984 -3982//-2985 
f -3749//-1125 -2986//-1121 -914//-1122 
f -2100//-2114 -1199//-2434 -2185//-3170 
f -1349//-367 -3794//-2969 -2813//-2970 
f -2373//-3961 -2984//-4042 -1256//-366 
f -1873//-4040 -1256//-366 -2984//-4042 
f -2005//-3459 -4//-365 -4093//-1432 
f -713//-1464 -362//-364 -3531//-1466 
f -606//-1505 -361//-1506 -3529//-363 
f -2000//-1420 -5//-362 -4095//-1422 
f -2004//-1436 -2015//-1441 -4111//-1438 
f -1273//-1673 -360//-811 -3532//-1675 
f -2002//-1442 -2011//-1447 -4075//-1444 
f -602//-361 -356//-360 -3533//-359 
f -1272//-2436 -358//-814 -2979//-2438 
f -2003//-1426 -2//-358 -2659//-1428 
f -2006//-1417 -2012//-1416 -4104//-1419 
f -603//-357 -359//-356 -3528//-355 
f -427//-3248 -298//-3249 -3551//-354 
f -1983//-1517 -2007//-1514 -3773//-1515 
f -1996//-1446 -1987//-1414 -2642//-1415 
f -390//-2653 -227//-353 -2976//-2655 
f -398//-1669 -230//-352 -2975//-1671 
f -1991//-3871 -1986//-3460 -2643//-3873 
f -386//-1062 -223//-1063 -2974//-351 
f -1993//-1408 -1981//-1411 -2641//-1410 
f -391//-2501 -233//-350 -2973//-2503 
f -1990//-1424 -1984//-1412 -2653//-1413 
f -1995//-1440 -1985//-1406 -2648//-1407 
f -397//-1241 -236//-1242 -2972//-349 
f -1998//-3298 -1980//-2552 -2646//-3300 
f -393//-1685 -225//-348 -2971//-1687 
f -1997//-1430 -1982//-1403 -2644//-1402 
f -389//-1253 -226//-1254 -2970//-347 
f -1994//-1434 -1988//-1404 -2645//-1405 
f -399//-1068 -235//-1069 -2969//-346 
f -4132//-345 -2968//-344 -2496//-343 
f -2968//-344 -4132//-345 -3518//-2327 
f -585//-907 -363//-342 -2967//-909 
f -2853//-341 -2967//-909 -363//-342 
f -2284//-3798 -371//-1236 -1772//-340 
f -2530//-2481 -1772//-340 -371//-1236 
f -1211//-339 -3576//-4118 -2965//-1593 
f -1201//-3915 -2965//-1593 -3576//-4118 
f -2409//-976 -1943//-3960 -3729//-2208 
f -2126//-3958 -3729//-2208 -1943//-3960 
f -4091//-3862 -3672//-338 -1181//-3861 
f -1170//-1989 -1181//-3861 -3672//-338 
f -3810//-1339 -3993//-1032 -1178//-1338 
f -1174//-3941 -1178//-1338 -3993//-1032 
f -987//-1222 -709//-1224 -3467//-1225 
f -4014//-3465 -2961//-2587 -2141//-2588 
f -2545//-337 -979//-336 -1203//-4010 
f -3469//-1234 -3959//-1235 -1203//-4010 
f -1413//-2523 -592//-335 -3472//-334 
f -592//-335 -1413//-2523 -2953//-2524 
f -1415//-1261 -596//-333 -3473//-332 
f -596//-333 -1415//-1261 -2954//-1262 
f -1438//-4032 -2957//-4033 -3906//-3318 
f -3679//-2932 -2239//-2007 -2236//-2008 
f -1971//-890 -1771//-889 -3328//-2482 
f -3996//-2479 -2956//-2247 -1453//-2248 
f -1874//-1118 -1200//-1481 -3543//-1120 
f -2422//-3890 -3543//-1120 -1200//-1481 
f -402//-331 -1396//-4134 -2945//-4135 
f -1396//-4134 -402//-331 -3475//-330 
f -1392//-1255 -408//-329 -3560//-328 
f -408//-329 -1392//-1255 -2947//-3755 
f -531//-327 -1380//-3776 -3020//-3777 
f -1380//-3776 -531//-327 -3830//-326 
f -1383//-3279 -536//-325 -4064//-324 
f -536//-325 -1383//-3279 -2959//-3511 
f -1387//-2959 -534//-323 -3911//-322 
f -534//-323 -1387//-2959 -2958//-2960 
f -3902//-2230 -240//-321 -471//-2232 
f -1932//-1331 -1962//-3850 -2988//-3851 
f -377//-320 -1367//-1250 -2950//-1251 
f -1367//-1250 -377//-320 -3796//-319 
f -382//-318 -1366//-4090 -3240//-4091 
f -1366//-4090 -382//-318 -3474//-317 
f -383//-316 -1363//-1238 -2952//-1239 
f -1363//-1238 -383//-316 -3603//-315 
f -381//-314 -1362//-1244 -2951//-1245 
f -1362//-1244 -381//-314 -3834//-313 
f -3893//-1025 -328//-312 -488//-1027 
f -1963//-1455 -1946//-1910 -2883//-1911 
f -3856//-1019 -330//-311 -511//-1021 
f -1960//-1453 -1944//-2702 -2881//-2703 
f -3745//-310 -327//-3575 -513//-3576 
f -1955//-2275 -1938//-2615 -3138//-2273 
f -3458//-1011 -324//-309 -516//-1013 
f -1957//-1618 -1948//-3839 -3846//-1196 
f -3916//-420 -326//-308 -512//-422 
f -1958//-1450 -1940//-2980 -2882//-2981 
f -3459//-2456 -325//-307 -497//-2458 
f -1956//-1615 -1942//-2239 -3735//-1199 
f -2459//-2801 -260//-306 -3321//-305 
f -2938//-2797 -234//-3725 -3877//-304 
f -3624//-3658 -278//-303 -464//-3660 
f -1941//-1758 -1921//-1755 -2909//-1756 
f -1939//-2251 -1919//-2874 -2131//-2875 
f -3894//-302 -274//-1284 -609//-1285 
f -3677//-3182 -281//-301 -481//-3184 
f -1947//-2001 -1918//-1998 -2133//-1999 
f -3608//-3636 -279//-300 -466//-3638 
f -1945//-1694 -1917//-1695 -2132//-1696 
f -3419//-1967 -2933//-2368 -2451//-1086 
f -2060//-3712 -2078//-1218 -271//-2936 
f -3521//-1399 -200//-299 -459//-1401 
f -1913//-2238 -1933//-3405 -3136//-3406 
f -3836//-298 -212//-405 -605//-406 
f -1915//-2614 -1928//-2873 -3134//-2616 
f -3905//-987 -205//-297 -474//-989 
f -1920//-3838 -1936//-2220 -3137//-1205 
f -3899//-1611 -208//-296 -431//-1613 
f -1914//-3959 -1931//-2276 -3135//-1626 
f -543//-295 -1379//-1266 -2928//-2687 
f -1422//-2389 -2479//-520 -3477//-294 
f -540//-293 -1385//-4074 -2927//-4075 
f -1421//-1677 -588//-292 -3835//-291 
f -539//-290 -1384//-1264 -2926//-3502 
f -1418//-3973 -590//-289 -3476//-288 
f -535//-287 -1382//-4014 -2925//-4015 
f -1416//-1471 -2480//-519 -3829//-286 
f -533//-285 -1386//-3456 -2924//-3457 
f -1412//-1468 -2481//-523 -3828//-284 
f -1382//-4014 -535//-287 -3813//-283 
f -384//-766 -1370//-767 -2923//-764 
f -1385//-4074 -540//-293 -3812//-282 
f -372//-769 -1371//-771 -2922//-772 
f -1384//-1264 -539//-290 -3845//-281 
f -380//-280 -1373//-3293 -2921//-3294 
f -1386//-3456 -533//-285 -3881//-279 
f -378//-759 -1368//-761 -2920//-762 
f -1379//-1266 -543//-295 -3927//-278 
f -379//-277 -1372//-3302 -2919//-3303 
f -403//-777 -1399//-778 -2918//-3748 
f -1372//-3302 -379//-277 -3606//-276 
f -406//-774 -1393//-775 -2917//-4060 
f -1373//-3293 -380//-280 -3863//-275 
f -1204//-2136 -1246//-3029 -1374//-3030 
f -1352//-274 -3929//-2135 -3486//-411 
f -3001//-1716 -1838//-1717 -1894//-1714 
f -3112//-3692 -3861//-3693 -2915//-2718 
f -2914//-2293 -3701//-3306 -2597//-2295 
f -2283//-1394 -2233//-1390 -2827//-1391 
f -2443//-919 -961//-920 -966//-917 
f -3989//-3924 -4041//-3925 -2281//-674 
f -4016//-1204 -3462//-3661 -2280//-678 
f -2447//-587 -962//-588 -978//-3884 
f -4003//-1203 -3461//-1752 -2279//-676 
f -2441//-590 -958//-591 -971//-3804 
f -3324//-3391 -972//-3917 -954//-2221 
f -2449//-593 -2282//-594 -3463//-1206 
f -969//-3155 -945//-3874 -2277//-2700 
f -2354//-910 -923//-273 -3953//-3934 
f -3738//-4041 -2908//-2838 -2113//-2839 
f -1453//-2248 -1285//-3369 -3996//-2479 
f -3314//-2753 -71//-1591 -2874//-860 
f -2907//-3912 -3314//-2753 -3986//-2817 
f -914//-1122 -697//-1124 -3749//-1125 
f -3434//-3562 -2906//-2292 -1875//-3564 
f -3710//-3473 -2905//-3710 -1740//-3475 
f -1227//-3841 -1187//-272 -2289//-1523 
f -3251//-271 -1356//-654 -1485//-655 
f -665//-270 -2101//-269 -2535//-268 
f -2060//-3712 -1926//-3713 -3668//-2367 
f -1926//-3713 -1555//-1976 -2134//-3035 
f -1946//-1910 -1922//-267 -2124//-1912 
f -1922//-267 -1932//-1331 -3500//-1332 
f -1916//-266 -1927//-1619 -3585//-846 
f -1940//-2980 -1916//-266 -2122//-2982 
f -1912//-265 -1930//-1616 -3584//-843 
f -1944//-2702 -1912//-265 -2123//-2704 
f -870//-2330 -867//-1603 -3762//-264 
f -995//-4137 -4045//-4138 -2899//-3949 
f -3468//-1231 -2898//-1227 -1007//-1228 
f -2129//-1956 -2190//-2894 -4005//-2319 
f -3344//-2107 -154//-263 -2189//-2217 
f -2566//-2216 -2189//-2217 -154//-263 
f -2896//-1309 -4065//-1306 -1172//-1308 
f -1583//-3489 -1513//-3607 -3196//-673 
f -2895//-1186 -4081//-1183 -1175//-1185 
f -1582//-3993 -1522//-3485 -3191//-665 
f -1578//-3605 -1525//-3421 -3192//-667 
f -2894//-1215 -4060//-1212 -1177//-1214 
f -2893//-1031 -3586//-3940 -1174//-3941 
f -1579//-1621 -1524//-3684 -3193//-669 
f -2892//-1586 -3992//-1587 -2139//-1588 
f -2278//-2843 -2238//-3352 -2259//-3353 
f -2891//-2123 -3430//-262 -1013//-261 
f -3430//-262 -2156//-2124 -1277//-2125 
f -2890//-2102 -1923//-1109 -3429//-1110 
f -1923//-1109 -2158//-2103 -1283//-2104 
f -2889//-2098 -1908//-1107 -1020//-1108 
f -1908//-1107 -2154//-2093 -1281//-2094 
f -2888//-2085 -4113//-1104 -3427//-1105 
f -4113//-1104 -2157//-2086 -1280//-2087 
f -2887//-2082 -1906//-1098 -3425//-1099 
f -1906//-1098 -2152//-2077 -1278//-2078 
f -2886//-2076 -1905//-1100 -3426//-1101 
f -1905//-1100 -2153//-2071 -1282//-2072 
f -2885//-2070 -4135//-1095 -1017//-1096 
f -4135//-1095 -2155//-2065 -1279//-2066 
f -2224//-4018 -3973//-2282 -2884//-4017 
f -1205//-2284 -982//-1701 -3610//-806 
f -4063//-1913 -3653//-2547 -2145//-1915 
f -2440//-2868 -953//-2869 -977//-3338 
f -2442//-2978 -963//-2979 -970//-2469 
f -4021//-1927 -3656//-1930 -2146//-1929 
f -2277//-2700 -960//-2701 -969//-3155 
f -4053//-1924 -3655//-1921 -2144//-1926 
f -3512//-1369 -1335//-1370 -1734//-260 
f -3212//-259 -1734//-260 -1335//-1370 
f -2879//-2844 -3574//-2342 -2519//-2846 
f -2139//-1588 -2008//-3581 -2892//-1586 
f -2380//-688 -2878//-4072 -3908//-2941 
f -864//-1649 -840//-2152 -1344//-1650 
f -3026//-258 -1633//-257 -1330//-1531 
f -2876//-1191 -1330//-1531 -1633//-257 
f -2877//-256 -1607//-255 -1301//-2337 
f -2846//-254 -1301//-2337 -1607//-255 
f -2875//-2991 -2358//-4057 -3671//-1988 
f -845//-2460 -865//-1985 -3801//-1007 
f -2135//-1709 -2191//-3334 -3988//-1711 
f -3575//-3151 -2874//-860 -71//-1591 
f -2873//-1547 -3985//-2618 -2415//-2619 
f -3985//-2618 -2873//-1547 -2267//-1548 
f -3995//-1993 -3674//-1992 -2872//-2591 
f -1407//-925 -1333//-927 -3345//-928 
f -3869//-859 -2871//-253 -191//-858 
f -2059//-3603 -191//-858 -2871//-253 
f -2870//-2384 -3520//-3129 -4050//-3130 
f -3520//-3129 -2870//-2384 -3021//-1397 
f -2329//-2202 -2869//-4049 -3727//-1396 
f -3906//-3318 -1495//-3319 -1438//-4032 
f -1403//-3549 -407//-815 -3285//-252 
f -590//-289 -1418//-3973 -2868//-3974 
f -1394//-3191 -410//-812 -3284//-251 
f -588//-292 -1421//-1677 -2867//-1678 
f -3674//-1992 -3995//-1993 -2173//-2146 
f -2866//-3843 -2159//-2589 -3782//-2412 
f -1192//-1519 -1168//-2538 -1460//-3480 
f -3984//-3611 -2405//-1602 -2865//-4136 
f -2130//-1195 -2076//-1192 -2565//-1193 
f -2864//-1952 -3457//-2837 -1776//-3824 
f -1935//-250 -1960//-1453 -1052//-1454 
f -1921//-1755 -1935//-250 -3536//-2699 
f -1917//-1695 -1937//-249 -3537//-2867 
f -1937//-249 -1963//-1455 -1051//-1456 
f -1934//-248 -1958//-1450 -1050//-1451 
f -1918//-1998 -1934//-248 -3535//-2977 
f -1919//-2874 -1929//-247 -3666//-2937 
f -1929//-247 -1959//-1965 -1049//-1966 
f -341//-2966 -2859//-885 -4140//-2968 
f -2859//-885 -341//-2966 -1331//-886 
f -1021//-3760 -3005//-3761 -1004//-3501 
f -1013//-261 -2858//-1112 -2891//-2123 
f -616//-246 -1895//-245 -3884//-1083 
f -2376//-244 -751//-2827 -616//-246 
f -4079//-2629 -880//-911 -3238//-243 
f -3857//-1713 -3238//-243 -880//-911 
f -3178//-2972 -4118//-1133 -2855//-4139 
f -3803//-4100 -2083//-4101 -1186//-3448 
f -1231//-2138 -1182//-1034 -3401//-3741 
f -3711//-3956 -2854//-2489 -983//-2490 
f -363//-342 -3962//-3446 -2853//-341 
f -3609//-854 -2853//-341 -3962//-3446 
f -2852//-2204 -2330//-2205 -3728//-2206 
f -2273//-894 -1110//-895 -3728//-2206 
f -1989//-3068 -2851//-916 -3341//-242 
f -7//-241 -3341//-242 -2851//-916 
f -591//-539 -1419//-1508 -3106//-1509 
f -2850//-3666 -3843//-240 -412//-239 
f -587//-238 -1420//-1078 -2845//-1079 
f -2849//-4132 -3903//-237 -404//-236 
f -589//-533 -1414//-1502 -3104//-1503 
f -2848//-3997 -4013//-235 -411//-234 
f -586//-536 -1411//-1498 -3105//-1499 
f -2847//-3540 -3833//-233 -413//-232 
f -1301//-2337 -2846//-254 -866//-2339 
f -776//-231 -866//-2339 -2846//-254 
f -2845//-1079 -3413//-230 -587//-238 
f -544//-229 -1405//-2919 -2837//-3752 
f -2844//-3570 -3499//-1895 -2550//-1896 
f -542//-228 -1400//-2452 -2835//-4115 
f -2843//-1054 -3817//-227 -374//-226 
f -413//-232 -1389//-3539 -2847//-3540 
f -412//-239 -1388//-3665 -2850//-3666 
f -2842//-1060 -3822//-225 -373//-224 
f -2841//-1048 -3895//-223 -375//-222 
f -404//-236 -1381//-4131 -2849//-4132 
f -411//-234 -1377//-3996 -2848//-3997 
f -2840//-1072 -3970//-221 -376//-220 
f -405//-219 -1378//-2415 -1054//-3508 
f -2839//-1066 -3920//-218 -385//-217 
f -2838//-4129 -3411//-216 -532//-522 
f -385//-217 -1364//-1065 -2839//-1066 
f -2837//-3752 -3410//-215 -544//-229 
f -373//-224 -1365//-1059 -2842//-1060 
f -375//-222 -1369//-1047 -2841//-1048 
f -2836//-3986 -3408//-214 -541//-518 
f -2835//-4115 -3412//-213 -542//-228 
f -376//-220 -1361//-1071 -2840//-1072 
f -2834//-4095 -3409//-212 -538//-521 
f -374//-226 -1360//-1053 -2843//-1054 
f -343//-211 -847//-803 -1306//-2315 
f -3395//-802 -1306//-2315 -847//-803 
f -2477//-1658 -1342//-692 -841//-1660 
f -842//-210 -841//-1660 -1342//-692 
f -4119//-2397 -3778//-3159 -2831//-2395 
f -913//-1527 -871//-1529 -3555//-209 
f -2804//-208 -1720//-207 -1391//-2430 
f -1546//-2091 -3406//-2092 -2830//-206 
f -1161//-1129 -1185//-1127 -3435//-3652 
f -4052//-3651 -2829//-3135 -2518//-1552 
f -1229//-912 -704//-1038 -3613//-913 
f -3955//-1037 -3613//-913 -704//-1038 
f -1776//-3824 -1588//-2099 -2864//-1952 
f -2827//-1391 -3519//-1393 -2283//-1394 
f -3954//-1689 -2826//-3158 -2368//-1691 
f -2404//-3160 -2112//-3161 -2099//-1692 
f -3586//-3940 -3227//-205 -1173//-3942 
f -3227//-205 -3771//-1216 -1173//-3942 
f -4081//-1183 -3228//-204 -1171//-1184 
f -3228//-204 -3896//-720 -1171//-1184 
f -3225//-203 -3769//-1187 -1176//-1307 
f -4065//-1306 -3225//-203 -1176//-1307 
f -3224//-202 -3784//-1310 -1180//-1213 
f -4060//-1212 -3224//-202 -1180//-1213 
f -3896//-720 -3226//-201 -1179//-1280 
f -3226//-201 -3714//-716 -1179//-1280 
f -3229//-200 -4085//-721 -1170//-1989 
f -3672//-338 -3229//-200 -1170//-1989 
f -2819//-3373 -2634//-2158 -4133//-2159 
f -836//-2900 -842//-210 -3478//-2896 
f -1482//-2800 -1992//-3250 -2667//-3251 
f -551//-1326 -266//-1327 -2818//-1329 
f -1683//-1074 -2817//-2916 -353//-1076 
f -2266//-2880 -1483//-1315 -4009//-1314 
f -111//-199 -2816//-198 -2049//-1740 
f -2816//-198 -111//-199 -669//-197 
f -3619//-196 -117//-195 -673//-194 
f -117//-195 -3619//-196 -2046//-1737 
f -118//-193 -2814//-192 -2056//-1732 
f -2814//-192 -118//-193 -675//-191 
f -3907//-1219 -332//-1220 -685//-651 
f -2813//-2970 -2514//-2971 -1271//-686 
f -3937//-190 -3482//-1274 -2812//-3064 
f -1587//-898 -1408//-900 -3332//-901 
f -2361//-1268 -1887//-189 -2811//-3308 
f -2084//-902 -2811//-3308 -1887//-189 
f -3428//-3982 -3007//-3758 -1000//-3516 
f -1020//-1108 -2810//-1106 -2889//-2098 
f -1756//-1201 -1264//-1202 -2470//-188 
f -2596//-187 -2470//-188 -1264//-1202 
f -1019//-4094 -3011//-3768 -999//-3523 
f -3426//-1101 -2808//-1102 -2886//-2076 
f -1184//-2631 -1157//-2852 -1473//-2853 
f -4008//-3433 -2558//-3430 -2807//-3431 
f -1015//-4063 -3008//-3746 -1002//-3532 
f -3427//-1105 -2806//-1103 -2888//-2085 
f -1018//-3773 -3010//-3774 -998//-3520 
f -3425//-1099 -2805//-1097 -2887//-2082 
f -1391//-2430 -3793//-1043 -2804//-208 
f -2782//-186 -1739//-185 -1348//-2428 
f -1017//-1096 -2803//-1094 -2885//-2070 
f -3424//-3979 -3009//-3747 -1003//-3507 
f -1016//-3984 -3006//-3751 -1001//-3527 
f -3429//-1110 -2802//-1111 -2890//-2102 
f -3615//-4047 -2801//-3162 -400//-3163 
f -1359//-1718 -1484//-3678 -3764//-1720 
f -2787//-184 -1731//-183 -1344//-1650 
f -1308//-2410 -3596//-2411 -2800//-182 
f -2788//-181 -1729//-180 -1341//-1958 
f -1305//-2450 -3398//-2451 -2799//-179 
f -2786//-178 -1730//-177 -1337//-1599 
f -1307//-2510 -3578//-2511 -2798//-176 
f -1314//-2355 -3396//-2356 -2797//-175 
f -2785//-174 -1733//-173 -1340//-1022 
f -1313//-2516 -3393//-2517 -2796//-172 
f -2780//-171 -1732//-170 -1338//-1014 
f -2783//-169 -1736//-168 -1339//-1016 
f -1310//-2928 -3758//-2929 -2795//-167 
f -2784//-166 -1738//-165 -1336//-2910 
f -1309//-2349 -3397//-2350 -2794//-164 
f -1306//-2315 -3395//-802 -2793//-2317 
f -2781//-163 -1737//-162 -1343//-2821 
f -1895//-245 -664//-161 -108//-3547 
f -3554//-3546 -108//-3547 -664//-161 
f -1615//-1474 -1853//-2628 -3839//-1475 
f -3541//-3896 -2791//-3550 -747//-3551 
f -1951//-977 -1949//-904 -213//-160 
f -2790//-2807 -3879//-2213 -2445//-883 
f -2789//-1558 -3564//-918 -2443//-919 
f -1952//-2329 -1950//-3034 -206//-3590 
f -1341//-1958 -3664//-1028 -2788//-181 
f -2763//-159 -1693//-158 -1328//-2721 
f -1344//-1650 -3391//-2150 -2787//-184 
f -2771//-157 -1694//-156 -1321//-1009 
f -1337//-1599 -3390//-1598 -2786//-178 
f -2767//-155 -1698//-154 -1329//-2459 
f -2769//-153 -1703//-152 -1324//-2906 
f -1340//-1022 -3767//-2357 -2785//-174 
f -1336//-2910 -3734//-1024 -2784//-166 
f -2764//-151 -1701//-150 -1326//-2914 
f -1339//-1016 -3394//-1549 -2783//-169 
f -2765//-149 -1702//-148 -1322//-2321 
f -1348//-2428 -3389//-2429 -2782//-186 
f -2770//-147 -1700//-146 -1325//-2360 
f -2762//-145 -1699//-144 -1327//-3197 
f -1343//-2821 -3756//-1018 -2781//-163 
f -1338//-1014 -3815//-1900 -2780//-171 
f -2766//-143 -1695//-142 -1320//-2925 
f -1302//-985 -3383//-2351 -2779//-141 
f -2794//-164 -1626//-140 -1309//-2349 
f -1298//-2009 -3388//-1003 -2778//-139 
f -2796//-172 -1628//-138 -1313//-2516 
f -1294//-2512 -3387//-996 -2777//-137 
f -2798//-176 -1629//-136 -1307//-2510 
f -2797//-175 -1634//-135 -1314//-2355 
f -1292//-992 -3385//-993 -2776//-134 
f -1296//-995 -3386//-1653 -2775//-133 
f -2800//-182 -1630//-132 -1308//-2410 
f -4141//-3950 -2532//-1530 -2774//-3144 
f -1189//-1088 -1134//-2261 -1475//-1667 
f -1297//-986 -3384//-2242 -2773//-131 
f -2795//-167 -1636//-130 -1310//-2928 
f -1293//-2446 -3382//-982 -2772//-129 
f -2799//-179 -1627//-128 -1305//-2450 
f -1321//-1009 -3715//-2153 -2771//-157 
f -3022//-415 -1597//-127 -1299//-2555 
f -2593//-2824 -1609//-126 -1300//-2826 
f -1325//-2360 -3768//-1005 -2770//-147 
f -1324//-2906 -3814//-2907 -2769//-153 
f -2777//-137 -1601//-125 -1294//-2512 
f -1323//-2332 -3680//-2333 -2768//-867 
f -2778//-139 -1608//-124 -1298//-2009 
f -1329//-2459 -3801//-1007 -2767//-155 
f -3302//-2850 -1603//-123 -1295//-2993 
f -1320//-2925 -3662//-2926 -2766//-143 
f -2773//-131 -1612//-122 -1297//-986 
f -1322//-2321 -3781//-2406 -2765//-149 
f -2775//-133 -1610//-121 -1296//-995 
f -1326//-2914 -3718//-2915 -2764//-151 
f -2776//-134 -1600//-120 -1292//-992 
f -1328//-2721 -3766//-2722 -2763//-159 
f -2779//-141 -1606//-119 -1302//-985 
f -1327//-3197 -3799//-3198 -2762//-145 
f -2772//-129 -1611//-118 -1293//-2446 
f -3652//-3802 -2761//-1907 -2485//-1908 
f -819//-2509 -859//-1601 -3578//-2511 
f -3660//-1950 -2760//-3387 -1240//-1948 
f -2055//-3738 -2066//-3587 -108//-3547 
f -2057//-828 -2072//-830 -114//-117 
f -3751//-2301 -2759//-3929 -1234//-3930 
f -2058//-1722 -2074//-1724 -109//-116 
f -3864//-2733 -2758//-3669 -1239//-3012 
f -2050//-1629 -2070//-1631 -120//-728 
f -3866//-2740 -2757//-3670 -1245//-3671 
f -3932//-3046 -2756//-3042 -1238//-3043 
f -2048//-831 -2069//-1355 -121//-115 
f -4029//-3534 -2755//-3269 -1241//-3005 
f -2056//-1732 -2067//-1734 -118//-193 
f -3797//-2442 -2754//-3584 -1236//-3253 
f -2052//-1682 -2068//-1363 -115//-1115 
f -3948//-3483 -2753//-3123 -1242//-3124 
f -2051//-822 -2075//-1358 -119//-114 
f -2054//-826 -2073//-1367 -116//-113 
f -3811//-2499 -2752//-3809 -1233//-3536 
f -2751//-2558 -3957//-3176 -2695//-3001 
f -2046//-1737 -2065//-1735 -117//-195 
f -2049//-1740 -2071//-1742 -111//-199 
f -4017//-3127 -2750//-3858 -1243//-3859 
f -2047//-2570 -2064//-2572 -112//-1208 
f -3633//-1807 -2749//-3390 -1235//-3010 
f -2053//-824 -2063//-825 -110//-112 
f -3750//-2297 -2748//-3736 -1232//-3013 
f -3821//-2543 -2747//-3812 -1244//-3806 
f -2045//-1377 -2062//-1606 -113//-417 
f -2287//-111 -1758//-3545 -3330//-2812 
f -4128//-973 -2746//-3189 -3088//-3075 
f -1165//-1334 -1167//-2141 -3054//-3404 
f -3744//-4065 -2745//-2271 -2420//-2272 
f -3933//-3316 -2744//-3610 -2474//-1521 
f -816//-2010 -850//-2012 -3388//-1003 
f -3749//-1125 -3665//-1126 -1255//-1964 
f -4120//-1963 -1255//-1964 -3665//-1126 
f -2038//-1357 -2022//-1738 -34//-397 
f -2742//-3175 -4018//-3484 -2688//-956 
f -2741//-2306 -3753//-3535 -2679//-952 
f -2040//-821 -2019//-832 -36//-110 
f -2037//-1351 -2021//-1378 -29//-394 
f -2740//-3811 -4012//-2734 -2681//-960 
f -2739//-3254 -3971//-2443 -2680//-953 
f -2032//-1362 -2024//-1630 -37//-400 
f -2044//-817 -2030//-823 -31//-109 
f -2738//-2305 -3752//-3128 -2687//-958 
f -2737//-3808 -3990//-2298 -2686//-954 
f -2039//-820 -2023//-827 -27//-108 
f -2736//-3735 -4004//-2544 -2684//-962 
f -2031//-1605 -2018//-1607 -26//-107 
f -2735//-3389 -3987//-2302 -2689//-957 
f -2041//-818 -2028//-2571 -30//-106 
f -2734//-2737 -3865//-3047 -2678//-955 
f -2043//-1354 -2026//-1741 -32//-391 
f -2035//-3586 -2017//-1683 -39//-1680 
f -2733//-3583 -4040//-1951 -2676//-951 
f -2036//-1805 -2020//-3739 -35//-481 
f -2732//-3386 -3999//-1808 -2683//-961 
f -2731//-3481 -3825//-2559 -2682//-949 
f -2042//-816 -2029//-829 -28//-105 
f -2033//-1366 -2027//-1733 -38//-404 
f -2730//-3268 -3974//-2500 -2685//-959 
f -2034//-819 -2025//-1723 -33//-104 
f -2729//-3668 -4002//-2741 -2677//-950 
f -4051//-1460 -2709//-1458 -2728//-4088 
f -868//-1368 -782//-2400 -1335//-1370 
f -802//-3196 -869//-2448 -3799//-3198 
f -4129//-4085 -2727//-1801 -2426//-1802 
f -3178//-2972 -2726//-1135 -4118//-1133 
f -2726//-1135 -3178//-2972 -3914//-103 
f -3179//-2318 -2725//-3691 -2349//-1955 
f -3376//-3420 -2349//-1955 -2725//-3691 
f -1667//-2540 -741//-2541 -1456//-2256 
f -3740//-1177 -1456//-2256 -1037//-2257 
f -2723//-3969 -3451//-1389 -3858//-2709 
f -3451//-1389 -2723//-3969 -2673//-3970 
f -4127//-4081 -3563//-4079 -2722//-2940 
f -848//-1654 -795//-2409 -1308//-2410 
f -3919//-4059 -2721//-3800 -2531//-3801 
f -779//-1600 -861//-2461 -3390//-1598 
f -843//-1550 -798//-2408 -1322//-2321 
f -4086//-3136 -2573//-1991 -2720//-3836 
f -4080//-1909 -2719//-3998 -2495//-3999 
f -800//-2513 -856//-1906 -3387//-996 
f -3757//-3462 -3374//-3463 -2348//-2278 
f -2274//-1116 -2348//-2278 -3374//-3463 
f -797//-2992 -853//-379 -2469//-2994 
f -4130//-3646 -2717//-1986 -2494//-1987 
f -3558//-3263 -2716//-1539 -2592//-1622 
f -1142//-1537 -1140//-2285 -3232//-2139 
f -770//-1659 -107//-1657 -1317//-102 
f -983//-2490 -3809//-3955 -3711//-3956 
f -2714//-2345 -3438//-3384 -2437//-2347 
f -3438//-3384 -2714//-2345 -1893//-1136 
f -1872//-804 -1910//-2005 -3282//-2006 
f -4056//-3792 -2713//-4054 -1390//-2375 
f -1060//-101 -2107//-100 -3464//-1207 
f -2520//-3628 -89//-2569 -651//-3630 
f -2121//-2413 -2711//-3461 -3454//-1188 
f -3468//-1231 -1890//-1232 -1899//-2893 
f -4107//-3146 -2710//-3179 -2510//-3180 
f -781//-2338 -851//-1533 -2876//-1191 
f -1160//-2533 -1152//-1463 -1488//-1294 
f -4090//-4087 -2728//-4088 -2709//-1458 
f -3282//-2006 -1466//-2003 -1561//-2842 
f -2271//-3015 -2708//-3349 -3678//-3371 
f -1132//-1511 -1166//-2253 -3450//-2254 
f -3550//-3989 -2707//-1513 -2602//-3471 
f -3312//-1698 -249//-942 -3349//-99 
f -4059//-2405 -3349//-99 -249//-942 
f -4031//-1646 -2705//-3904 -2370//-1648 
f -2275//-921 -1877//-2920 -1863//-1645 
f -1318//-438 -1252//-437 -3754//-3071 
f -3717//-3070 -3754//-3071 -1252//-437 
f -2686//-954 -2703//-2296 -3359//-98 
f -3693//-97 -3359//-98 -1232//-3013 
f -3689//-96 -3363//-95 -1243//-3859 
f -2687//-958 -2702//-3126 -3363//-95 
f -2684//-962 -2701//-2542 -3367//-94 
f -3691//-93 -3367//-94 -1244//-3806 
f -2678//-955 -2700//-3045 -3360//-92 
f -3686//-91 -3360//-92 -1238//-3043 
f -2679//-952 -2699//-3533 -3357//-90 
f -3688//-89 -3357//-90 -1241//-3005 
f -2688//-956 -2698//-3482 -3361//-88 
f -3805//-87 -3361//-88 -1242//-3124 
f -3690//-86 -3364//-85 -1233//-3536 
f -2685//-959 -2697//-2498 -3364//-85 
f -2680//-953 -2696//-2441 -3358//-84 
f -3868//-83 -3358//-84 -1236//-3253 
f -2682//-949 -1237//-2557 -3684//-82 
f -3685//-81 -3684//-82 -2695//-3001 
f -3692//-80 -3355//-79 -1245//-3671 
f -2677//-950 -2694//-2739 -3355//-79 
f -2681//-960 -2693//-2732 -3365//-78 
f -3682//-77 -3365//-78 -1239//-3012 
f -2676//-951 -2692//-1949 -3356//-76 
f -3687//-75 -3356//-76 -1240//-1948 
f -2689//-957 -2691//-2300 -3362//-74 
f -3354//-73 -3362//-74 -1234//-3930 
f -3683//-72 -3366//-71 -1235//-3010 
f -2683//-961 -2690//-1806 -3366//-71 
f -1235//-3010 -1218//-3388 -3683//-72 
f -3362//-74 -3683//-72 -2689//-957 
f -3361//-88 -3685//-81 -2688//-956 
f -2695//-3001 -1222//-3174 -3685//-81 
f -1242//-3124 -1224//-3125 -3805//-87 
f -3363//-95 -3805//-87 -2687//-958 
f -1233//-3536 -1216//-3807 -3690//-86 
f -3359//-98 -3690//-86 -2686//-954 
f -3364//-85 -3688//-89 -2685//-959 
f -1241//-3005 -1220//-3267 -3688//-89 
f -3367//-94 -3693//-97 -2684//-962 
f -1232//-3013 -1212//-3734 -3693//-97 
f -1240//-1948 -1223//-3385 -3687//-75 
f -3366//-71 -3687//-75 -2683//-961 
f -3684//-82 -3354//-73 -2682//-949 
f -1234//-3930 -1217//-3931 -3354//-73 
f -3365//-78 -3691//-93 -2681//-960 
f -1244//-3806 -1215//-3810 -3691//-93 
f -1245//-3671 -1219//-3672 -3692//-80 
f -3358//-84 -3692//-80 -2680//-953 
f -3357//-90 -3686//-91 -2679//-952 
f -1238//-3043 -1225//-3044 -3686//-91 
f -1243//-3859 -1214//-3860 -3689//-96 
f -3360//-92 -3689//-96 -2678//-955 
f -1239//-3012 -1213//-3667 -3682//-77 
f -3355//-79 -3682//-77 -2677//-950 
f -3356//-76 -3868//-83 -2676//-951 
f -1236//-3253 -1221//-3582 -3868//-83 
f -2174//-2063 -2675//-2064 -3311//-2061 
f -3519//-1393 -1820//-3822 -1822//-1395 
f -950//-2431 -827//-1623 -3793//-1043 
f -3587//-3262 -2674//-4016 -2884//-4017 
f -2968//-344 -2118//-70 -1553//-69 
f -1406//-899 -1553//-69 -2118//-70 
f -2822//-2417 -2672//-68 -3491//-4055 
f -2672//-68 -2823//-2365 -984//-4068 
f -2671//-1423 -4095//-1422 -5//-362 
f -1717//-3662 -1682//-3883 -978//-3884 
f -2670//-3299 -4104//-1419 -2012//-1416 
f -1713//-2661 -1679//-3717 -967//-3718 
f -2669//-1487 -3823//-1486 -2375//-1489 
f -1715//-2548 -1674//-3938 -977//-3338 
f -2668//-1433 -4093//-1432 -4//-365 
f -1711//-1922 -1671//-3876 -969//-3155 
f -2667//-3251 -4099//-2799 -1482//-2800 
f -1716//-1753 -1676//-3803 -971//-3804 
f -2666//-3721 -4101//-1484 -1//-733 
f -1714//-3548 -1673//-3495 -973//-3496 
f -2665//-3438 -4088//-1382 -3//-545 
f -1708//-3927 -1675//-3844 -975//-3845 
f -2664//-3872 -4037//-1516 -2010//-1087 
f -1710//-2376 -1681//-3905 -974//-3906 
f -2663//-1445 -4075//-1444 -2011//-1447 
f -1709//-3778 -1677//-3297 -968//-882 
f -2662//-1040 -3804//-2470 -2262//-1041 
f -1712//-1931 -1678//-3910 -970//-2469 
f -2661//-1439 -4111//-1438 -2015//-1441 
f -1704//-3887 -1670//-3194 -976//-1625 
f -2660//-1409 -4009//-1314 -1483//-1315 
f -1707//-2370 -1672//-3849 -965//-3472 
f -3910//-1429 -2659//-1428 -2//-358 
f -1705//-3918 -1669//-2954 -3463//-1206 
f -2658//-1386 -4102//-1385 -2260//-1388 
f -1706//-3537 -1680//-3040 -966//-917 
f -1862//-684 -1347//-683 -1568//-1345 
f -3308//-2833 -1568//-1345 -1347//-683 
f -3070//-484 -2656//-67 -3378//-3416 
f -3780//-4001 -3378//-3416 -2656//-67 
f -3555//-209 -2655//-1526 -913//-1527 
f -3555//-209 -6//-712 -1257//-2207 
f -3445//-2879 -2654//-3439 -2253//-2881 
f -1643//-1164 -1666//-2371 -4062//-1165 
f -3936//-1437 -2653//-1413 -1984//-1412 
f -1650//-3062 -1663//-3888 -4038//-3052 
f -4030//-1384 -2652//-1373 -2256//-1374 
f -1638//-3937 -1660//-3923 -3989//-3924 
f -3773//-1515 -2651//-3252 -1983//-1517 
f -1646//-3571 -1659//-2945 -4020//-2946 
f -3168//-3280 -2650//-3722 -2255//-3282 
f -1648//-646 -1656//-1932 -4021//-1927 
f -3931//-1381 -2649//-1372 -2257//-1371 
f -1644//-3039 -1657//-3928 -3342//-2328 
f -3960//-1443 -2648//-1407 -1985//-1406 
f -1645//-3193 -1664//-3975 -3589//-3976 
f -3623//-1751 -2647//-2796 -2938//-2797 
f -1651//-3909 -1662//-1754 -4003//-1203 
f -3166//-2550 -2646//-3300 -1980//-2552 
f -1639//-644 -1665//-2549 -4063//-1913 
f -3847//-1418 -2645//-1405 -1988//-1404 
f -1641//-3875 -1653//-3933 -3953//-3934 
f -4033//-1483 -2644//-1402 -1982//-1403 
f -1642//-2953 -1661//-3920 -4046//-3921 
f -3167//-3458 -2643//-3873 -1986//-3460 
f -1647//-645 -1658//-1923 -4053//-1924 
f -3980//-1427 -2642//-1415 -1987//-1414 
f -1640//-3296 -1655//-3919 -3324//-3391 
f -4054//-1421 -2641//-1410 -1981//-1411 
f -1649//-3848 -1654//-3663 -4016//-1204 
f -2640//-3991 -3550//-3989 -3594//-3470 
f -855//-2449 -748//-1960 -3398//-2451 
f -1150//-2130 -1145//-2129 -3709//-2132 
f -4136//-2621 -2639//-3649 -2614//-3650 
f -2259//-3353 -2638//-3354 -1559//-805 
f -1116//-66 -1559//-805 -2638//-3354 
f -1007//-1228 -1028//-1230 -3468//-1231 
f -3898//-4044 -2637//-3171 -2143//-3172 
f -3306//-847 -2636//-2743 -2296//-881 
f -3867//-2745 -2296//-881 -2636//-2743 
f -824//-2358 -803//-2905 -1324//-2906 
f -3403//-2908 -2425//-1281 -2635//-1036 
f -2634//-2158 -2819//-3373 -4103//-3374 
f -1115//-2156 -1193//-2464 -3802//-2157 
f -2139//-1588 -1784//-1589 -1891//-2341 
f -3024//-3674 -3318//-3675 -2633//-869 
f -1125//-1322 -1153//-2013 -1485//-655 
f -2632//-3813 -3918//-1320 -3632//-1803 
f -807//-530 -1249//-531 -3676//-3147 
f -2582//-1997 -3676//-3147 -1249//-531 
f -2142//-1324 -1064//-2325 -3542//-471 
f -4032//-4026 -2142//-1324 -3498//-3321 
f -854//-2361 -717//-1534 -3768//-1005 
f -2629//-4067 -3744//-4065 -4083//-1535 
f -794//-2348 -823//-2912 -3397//-2350 
f -3381//-3257 -2628//-981 -2622//-3732 
f -1390//-2375 -1436//-3791 -4056//-3792 
f -3546//-3626 -2627//-1493 -2116//-1490 
f -709//-1224 -2626//-3466 -3418//-1226 
f -1742//-1085 -3418//-1226 -2626//-3466 
f -804//-914 -805//-1901 -1338//-1014 
f -2625//-1899 -3649//-915 -4105//-1349 
f -777//-2822 -822//-1804 -3756//-1018 
f -3632//-1803 -2624//-3195 -2632//-3813 
f -4105//-1349 -3340//-3051 -2623//-3314 
f -1136//-1347 -1123//-2537 -1478//-2527 
f -1126//-2227 -1131//-2888 -1476//-1166 
f -2622//-3732 -3733//-2229 -3381//-3257 
f -2621//-3631 -3824//-4070 -4048//-4071 
f -778//-2151 -821//-2155 -1321//-1009 
f -4015//-1644 -2620//-4083 -3213//-4084 
f -796//-2447 -793//-1642 -3382//-982 
f -400//-3163 -695//-4046 -3615//-4047 
f -3595//-1647 -2619//-896 -1821//-897 
f -3088//-3075 -1024//-975 -4128//-973 
f -1024//-975 -3088//-3075 -2079//-65 
f -3607//-1690 -2617//-943 -1977//-944 
f -747//-3551 -906//-3895 -3541//-3896 
f -2825//-2372 -2616//-64 -3465//-4110 
f -2616//-64 -2822//-2417 -911//-4056 
f -2962//-2495 -2615//-63 -3400//-3355 
f -2615//-63 -2825//-2372 -912//-4111 
f -2614//-3650 -3737//-2245 -4136//-2621 
f -775//-2243 -783//-2927 -1310//-2928 
f -4091//-3862 -4058//-3863 -2613//-1595 
f -1523//-4077 -2613//-1595 -3577//-1597 
f -1520//-3002 -2612//-1342 -3921//-3004 
f -3810//-1339 -3503//-1340 -2612//-1342 
f -3329//-3434 -2611//-3435 -4124//-2909 
f -1119//-1282 -1118//-2632 -1493//-1298 
f -768//-2911 -780//-946 -3734//-1024 
f -3972//-948 -2610//-3255 -3258//-3256 
f -773//-963 -772//-2353 -1302//-985 
f -2609//-3854 -4089//-964 -4066//-2962 
f -2608//-2802 -2077//-1916 -1063//-1917 
f -1063//-1917 -1892//-613 -980//-614 
f -2607//-3856 -3447//-4086 -4090//-4087 
f -767//-2399 -776//-231 -1304//-2401 
f -1409//-62 -1275//-378 -2148//-61 
f -2575//-1275 -2148//-61 -1275//-378 
f -2823//-2365 -2605//-60 -3453//-4069 
f -2605//-60 -2824//-2882 -904//-2883 
f -2148//-61 -1284//-59 -1409//-62 
f -1353//-58 -1409//-62 -1284//-59 
f -611//-1945 -1750//-57 -3591//-1947 
f -3239//-727 -120//-728 -674//-730 
f -2602//-3471 -3912//-2723 -3862//-2724 
f -806//-1959 -719//-1957 -3664//-1028 
f -2601//-56 -3480//-4003 -4140//-2968 
f -3480//-4003 -2601//-56 -3119//-558 
f -3114//-1746 -2600//-1747 -3197//-1749 
f -3622//-3600 -3197//-1749 -2600//-1747 
f -3457//-2837 -1755//-704 -1785//-3823 
f -1800//-3623 -2599//-3624 -3707//-703 
f -763//-2407 -764//-1655 -1296//-995 
f -2598//-1652 -3597//-3834 -3950//-3835 
f -1760//-2294 -2597//-2295 -4097//-1030 
f -3541//-3896 -1652//-3897 -1746//-3304 
f -1264//-1202 -1353//-58 -2596//-187 
f -1284//-59 -2596//-187 -1353//-58 
f -3301//-3270 -838//-849 -2595//-3788 
f -3170//-848 -2595//-3788 -838//-849 
f -3093//-3380 -2594//-3381 -3176//-2712 
f -3983//-1940 -3176//-2712 -2594//-3381 
f -283//-970 -3370//-971 -472//-55 
f -467//-54 -472//-55 -3370//-971 
f -799//-2427 -706//-2362 -3389//-2429 
f -2592//-1622 -4126//-3290 -3979//-3291 
f -1315//-873 -1350//-870 -3319//-871 
f -2167//-2145 -3713//-1522 -2591//-2147 
f -4087//-4005 -2590//-852 -2542//-53 
f -2590//-852 -4087//-4005 -1470//-853 
f -878//-2080 -901//-748 -2506//-3219 
f -901//-748 -878//-2080 -2302//-2081 
f -872//-2100 -897//-752 -2505//-3240 
f -897//-752 -872//-2100 -2303//-2101 
f -877//-2068 -898//-745 -2507//-3210 
f -898//-745 -877//-2068 -2299//-2069 
f -876//-2096 -899//-739 -2503//-3231 
f -899//-739 -876//-2096 -2300//-2097 
f -900//-755 -874//-2121 -2298//-2122 
f -874//-2121 -900//-755 -2502//-3243 
f -896//-742 -875//-2083 -2301//-2084 
f -875//-2083 -896//-742 -2504//-3225 
f -873//-2074 -902//-751 -2501//-3213 
f -902//-751 -873//-2074 -2304//-2075 
f -837//-52 -791//-51 -4076//-1995 
f -2631//-2742 -4076//-1995 -791//-51 
f -3173//-2467 -3904//-2922 -2581//-648 
f -3904//-2922 -2275//-921 -1761//-922 
f -1971//-890 -2580//-3370 -4078//-1344 
f -4056//-3792 -1426//-3793 -1427//-2004 
f -2284//-3798 -3590//-2836 -2579//-3059 
f -1358//-2834 -2579//-3059 -3590//-2836 
f -1545//-3677 -1498//-3202 -3338//-3203 
f -3336//-908 -2578//-4048 -654//-906 
f -68//-1656 -907//-50 -1290//-2487 
f -907//-50 -1260//-49 -3335//-3185 
f -1587//-898 -1406//-899 -18//-48 
f -2118//-70 -18//-48 -1406//-899 
f -2575//-1275 -947//-47 -3392//-46 
f -2575//-1275 -903//-1276 -947//-47 
f -1254//-2715 -2574//-3892 -732//-45 
f -1970//-884 -732//-45 -2574//-3892 
f -4086//-3136 -3673//-3137 -2573//-1991 
f -1138//-2646 -1085//-1130 -3058//-3139 
f -2572//-3616 -213//-160 -1949//-904 
f -213//-160 -2572//-3616 -470//-3617 
f -2571//-2062 -3034//-2627 -1318//-438 
f -3034//-2627 -2571//-2062 -2174//-2063 
f -2570//-4099 -3994//-690 -3206//-4141 
f -2570//-4099 -1892//-613 -1888//-3362 
f -807//-530 -2569//-3783 -3456//-528 
f -3938//-3782 -3456//-528 -2569//-3783 
f -3542//-471 -2568//-1479 -2142//-1324 
f -2568//-1479 -3542//-471 -3055//-2828 
f -1104//-2128 -1120//-863 -3346//-930 
f -2567//-2622 -3298//-2623 -3838//-865 
f -2080//-507 -1023//-508 -1437//-44 
f -2897//-2923 -1437//-44 -1023//-508 
f -2565//-1193 -4084//-2119 -2130//-1195 
f -2113//-2839 -3172//-2840 -4084//-2119 
f -1082//-2889 -1151//-782 -3897//-2891 
f -2564//-4108 -3352//-4124 -4134//-947 
f -2993//-3027 -3887//-3028 -2563//-3625 
f -1558//-647 -2563//-3625 -3887//-3028 
f -2562//-43 -3460//-4029 -3880//-4030 
f -3460//-4029 -2562//-43 -2470//-188 
f -2561//-4066 -2629//-4067 -4126//-3290 
f -1045//-2140 -1183//-1538 -3712//-723 
f -4085//-721 -2560//-42 -1570//-2493 
f -1526//-3679 -2612//-1342 -3503//-1340 
f -3714//-716 -2559//-41 -1569//-1279 
f -1516//-3559 -2613//-1595 -4058//-3863 
f -2558//-3430 -4008//-3433 -3901//-892 
f -766//-2354 -702//-891 -3396//-2356 
f -1442//-2127 -3346//-930 -2557//-3830 
f -762//-3829 -2557//-3830 -3346//-930 
f -761//-3727 -2556//-3728 -3348//-2286 
f -1447//-938 -3348//-2286 -2556//-3728 
f -760//-3476 -2555//-3477 -3347//-1316 
f -1449//-937 -3347//-1316 -2555//-3477 
f -1477//-2290 -3748//-2291 -2554//-941 
f -727//-940 -2554//-941 -3748//-2291 
f -1475//-1667 -3741//-2259 -2553//-936 
f -730//-935 -2553//-936 -3741//-2259 
f -723//-932 -2552//-933 -3709//-2132 
f -1471//-2131 -3709//-2132 -2552//-933 
f -2590//-852 -3310//-1272 -1303//-40 
f -1268//-926 -1303//-40 -3310//-1272 
f -1055//-3569 -1743//-2662 -3966//-2663 
f -2232//-876 -3648//-877 -2550//-1896 
f -1083//-2444 -1129//-1141 -1441//-1142 
f -3303//-2445 -4007//-3432 -2549//-842 
f -2548//-2963 -3368//-2964 -3912//-2723 
f -1037//-2257 -1169//-1512 -3740//-1177 
f -2547//-3026 -3322//-2225 -3928//-879 
f -3322//-2225 -2547//-3026 -2993//-3027 
f -3380//-3072 -2546//-2698 -2618//-979 
f -2546//-2698 -3380//-3072 -3061//-3073 
f -2916//-4106 -1351//-4107 -1424//-3365 
f -2347//-1980 -2545//-337 -3669//-1080 
f -2581//-648 -2544//-39 -3173//-2467 
f -881//-38 -3173//-2467 -2544//-39 
f -2543//-1180 -1562//-3065 -1022//-3066 
f -3332//-901 -16//-1592 -1201//-3915 
f -3402//-4004 -2542//-53 -1289//-37 
f -2542//-53 -3402//-4004 -4087//-4005 
f -3860//-685 -3492//-2714 -2541//-3398 
f -771//-3396 -2541//-3398 -3492//-2714 
f -2540//-1295 -121//-115 -676//-1297 
f -121//-115 -2540//-1295 -2048//-831 
f -2539//-1171 -114//-117 -671//-1173 
f -114//-117 -2539//-1171 -2057//-828 
f -119//-114 -2538//-1303 -2051//-822 
f -2538//-1303 -119//-114 -668//-1305 
f -116//-113 -2537//-1299 -2054//-826 
f -2537//-1299 -116//-113 -666//-1301 
f -110//-112 -2536//-2199 -2053//-824 
f -2536//-2199 -110//-112 -672//-2201 
f -109//-116 -2535//-268 -2058//-1722 
f -2535//-268 -109//-116 -665//-270 
f -3600//-861 -2534//-3274 -1113//-862 
f -2332//-3272 -1113//-862 -2534//-3274 
f -2361//-1268 -2533//-1267 -3116//-4051 
f -4042//-4050 -3116//-4051 -2533//-1267 
f -4141//-3950 -3556//-3951 -2532//-1530 
f -801//-1532 -598//-2334 -3455//-2335 
f -1041//-1176 -1155//-1175 -1490//-478 
f -4092//-4058 -3919//-4059 -2531//-3801 
f -1772//-340 -2530//-2481 -1262//-36 
f -1771//-889 -1262//-36 -2530//-2481 
f -2529//-2897 -1631//-35 -1312//-2899 
f -484//-1608 -500//-3577 -2942//-1610 
f -3236//-4080 -4127//-4081 -2528//-1651 
f -1038//-2648 -1159//-1161 -1448//-1162 
f -31//-109 -3287//-1150 -2044//-817 
f -3287//-1150 -31//-109 -578//-1152 
f -3290//-1138 -27//-108 -572//-1140 
f -27//-108 -3290//-1138 -2039//-820 
f -36//-110 -3291//-1144 -2040//-821 
f -3291//-1144 -36//-110 -581//-1146 
f -35//-481 -3855//-34 -2036//-1805 
f -3855//-34 -35//-481 -582//-700 
f -28//-105 -3286//-1158 -2042//-816 
f -3286//-1158 -28//-105 -580//-1160 
f -33//-104 -3289//-474 -2034//-819 
f -3289//-474 -33//-104 -577//-476 
f -26//-107 -3581//-541 -2031//-1605 
f -3581//-541 -26//-107 -573//-543 
f -3288//-1154 -30//-106 -574//-1156 
f -30//-106 -3288//-1154 -2041//-818 
f -2151//-2845 -2519//-2846 -3338//-3203 
f -2519//-2846 -1903//-2340 -1911//-3676 
f -684//-2320 -765//-1551 -1339//-1016 
f -3562//-3444 -4052//-3651 -2518//-1552 
f -2517//-3701 -612//-3702 -760//-3476 
f -1357//-510 -3089//-509 -3819//-2532 
f -1354//-516 -3091//-515 -3841//-2635 
f -2516//-2497 -615//-3726 -761//-3727 
f -1355//-513 -3090//-512 -3818//-2626 
f -2515//-3704 -619//-3828 -762//-3829 
f -3204//-33 -2514//-2971 -2333//-2433 
f -2514//-2971 -3204//-33 -1901//-687 
f -1112//-1271 -1250//-32 -2513//-888 
f -3407//-1045 -2513//-888 -1250//-32 
f -3506//-3939 -4139//-4121 -2512//-1898 
f -1042//-2528 -1141//-1348 -1492//-1302 
f -1560//-1477 -2511//-1478 -3759//-2322 
f -3576//-4118 -1211//-339 -1467//-4120 
f -3951//-3145 -4107//-3146 -2510//-3180 
f -1032//-2260 -1147//-1318 -1449//-937 
f -3231//-3733 -4137//-3855 -2509//-3853 
f -1033//-2887 -1144//-2961 -1445//-3414 
f -3068//-1719 -3764//-1720 -2508//-2343 
f -3764//-1720 -1911//-3676 -1903//-2340 
f -885//-3205 -179//-743 -3246//-744 
f -179//-743 -885//-3205 -2489//-3206 
f -886//-3220 -177//-746 -3247//-747 
f -177//-746 -886//-3220 -2492//-3221 
f -890//-3235 -183//-753 -3249//-754 
f -183//-753 -890//-3235 -2493//-3236 
f -888//-3226 -180//-740 -3245//-741 
f -180//-740 -888//-3226 -2490//-3227 
f -889//-3232 -178//-737 -3244//-738 
f -178//-737 -889//-3232 -2488//-3233 
f -887//-3244 -181//-756 -3250//-757 
f -181//-756 -887//-3244 -2491//-3245 
f -182//-749 -891//-3214 -2487//-3215 
f -891//-3214 -182//-749 -3248//-750 
f -2500//-4122 -3316//-4123 -4010//-864 
f -593//-2924 -818//-833 -3662//-2926 
f -1040//-1902 -1128//-793 -3650//-794 
f -2499//-3990 -2640//-3991 -4115//-1643 
f -3464//-1207 -112//-1208 -1060//-101 
f -2109//-31 -1060//-101 -112//-1208 
f -3479//-2426 -2497//-3307 -2533//-1267 
f -2497//-3307 -3479//-2426 -2407//-1448 
f -3309//-3967 -2496//-343 -2400//-3345 
f -2496//-343 -3309//-3967 -4132//-345 
f -1036//-1312 -1135//-2288 -1447//-938 
f -3900//-1311 -4080//-1909 -2495//-3999 
f -3978//-3286 -4130//-3646 -2494//-1987 
f -1035//-2478 -1130//-1147 -1446//-1148 
f -3787//-1578 -19//-708 -3219//-3083 
f -3630//-3082 -3219//-3083 -19//-708 
f -3790//-1581 -23//-711 -3222//-3122 
f -3626//-3121 -3222//-3122 -23//-711 
f -3786//-1573 -22//-707 -3218//-3101 
f -3627//-3100 -3218//-3101 -22//-707 
f -3785//-1570 -21//-710 -3221//-3107 
f -3625//-3106 -3221//-3107 -21//-710 
f -3789//-1566 -24//-706 -3217//-3116 
f -3629//-3115 -3217//-3116 -24//-706 
f -3943//-1569 -25//-709 -3220//-3098 
f -3628//-3097 -3220//-3098 -25//-709 
f -3788//-1563 -20//-705 -3216//-3089 
f -3631//-3088 -3216//-3089 -20//-705 
f -1453//-2248 -2486//-2249 -3504//-2246 
f -3546//-3626 -1496//-3627 -1435//-1343 
f -3493//-2902 -3652//-3802 -2485//-1908 
f -1043//-1174 -1124//-2289 -1477//-2290 
f -4133//-2159 -3716//-2160 -2484//-3932 
f -1106//-1033 -1108//-1035 -3063//-482 
f -2406//-835 -2483//-2281 -1010//-836 
f -3747//-4140 -2483//-2281 -3178//-2972 
f -3300//-4125 -3798//-4126 -2482//-841 
f -597//-2162 -792//-991 -1292//-992 
f -3097//-1469 -3539//-30 -2481//-523 
f -362//-364 -713//-1464 -1684//-29 
f -355//-546 -715//-1473 -1686//-548 
f -3095//-1472 -3540//-28 -2480//-519 
f -3096//-2390 -3775//-27 -2479//-520 
f -1809//-735 -714//-2385 -1687//-26 
f -3762//-264 -2478//-2336 -870//-2330 
f -2478//-2336 -3762//-264 -3317//-419 
f -1317//-102 -2477//-1658 -770//-1659 
f -2477//-1658 -1317//-102 -1668//-694 
f -3940//-856 -3997//-2553 -2476//-3632 
f -1031//-857 -1121//-2596 -1463//-2465 
f -3169//-2144 -3407//-1045 -1274//-25 
f -1250//-32 -1274//-25 -3407//-1045 
f -1034//-2536 -1122//-1520 -1451//-1153 
f -3552//-3315 -3933//-3316 -2474//-1521 
f -1401//-3063 -409//-538 -2473//-540 
f -2982//-2643 -712//-1504 -417//-2645 
f -1402//-3041 -401//-535 -2472//-537 
f -3110//-550 -710//-1494 -415//-24 
f -1395//-2813 -414//-532 -2471//-534 
f -3421//-2814 -711//-1500 -424//-2816 
f -2470//-188 -4100//-3322 -3460//-4029 
f -4100//-3322 -2470//-188 -2596//-187 
f -3512//-1369 -1311//-2847 -857//-380 
f -1311//-2847 -3512//-1369 -2880//-2849 
f -3723//-3518 -2468//-2183 -3270//-2187 
f -3876//-2186 -3270//-2187 -2468//-2183 
f -3720//-3530 -2467//-2171 -3271//-2170 
f -3874//-2169 -3271//-2170 -2467//-2171 
f -3725//-3525 -2466//-2196 -3273//-2195 
f -3875//-2194 -3273//-2195 -2466//-2196 
f -3721//-3514 -2465//-2173 -3272//-2177 
f -3872//-2176 -3272//-2177 -2465//-2173 
f -3719//-3499 -2464//-2166 -3274//-2165 
f -3873//-2164 -3274//-2165 -2464//-2166 
f -3722//-3505 -2463//-2181 -3268//-2180 
f -3870//-2179 -3268//-2180 -2463//-2181 
f -3871//-2189 -3269//-2190 -2462//-2191 
f -3724//-3521 -2462//-2191 -3269//-2190 
f -2461//-3372 -3328//-2482 -2147//-2240 
f -3328//-2482 -2461//-3372 -1971//-890 
f -1407//-925 -1268//-926 -3675//-2590 
f -3310//-1272 -3675//-2590 -1268//-926 
f -260//-306 -2459//-2801 -2938//-2797 
f -2938//-2797 -2459//-2801 -3623//-1751 
f -3962//-3446 -2458//-3447 -3609//-854 
f -2182//-855 -3609//-854 -2458//-3447 
f -3612//-3331 -3157//-1710 -2457//-1727 
f -2994//-1712 -2457//-1727 -3157//-1710 
f -774//-2554 -340//-2901 -3583//-2556 
f -4103//-3374 -3292//-3375 -2456//-3080 
f -2136//-2308 -4121//-4021 -2455//-3552 
f -2617//-943 -2455//-3552 -4121//-4021 
f -3315//-1560 -69//-680 -2454//-2393 
f -3201//-681 -2454//-2393 -69//-680 
f -2446//-589 -964//-596 -976//-1625 
f -4038//-3052 -3934//-3886 -2453//-597 
f -3589//-3976 -4000//-3977 -2452//-2209 
f -2445//-883 -957//-2211 -968//-882 
f -4062//-1165 -3770//-2369 -2451//-1086 
f -2444//-2938 -951//-2939 -965//-3472 
f -2821//-2148 -1087//-1278 -3483//-4109 
f -2450//-1092 -3423//-1093 -3483//-4109 
f -2353//-2657 -930//-595 -4046//-3921 
f -3463//-1206 -939//-2952 -2449//-593 
f -2451//-1086 -926//-2366 -4062//-1165 
f -975//-3845 -944//-3846 -2448//-3036 
f -978//-3884 -934//-3885 -2447//-587 
f -2453//-597 -922//-598 -4038//-3052 
f -2452//-2209 -929//-2210 -3589//-3976 
f -976//-1625 -943//-3192 -2446//-589 
f -954//-2221 -925//-2806 -3324//-3391 
f -968//-882 -935//-3295 -2445//-883 
f -2280//-678 -931//-679 -4016//-1204 
f -965//-3472 -936//-3847 -2444//-2938 
f -966//-917 -946//-3038 -2443//-919 
f -2352//-375 -920//-1555 -3342//-2328 
f -2279//-676 -921//-677 -4003//-1203 
f -970//-2469 -940//-3908 -2442//-2978 
f -2355//-2236 -924//-592 -4020//-2946 
f -971//-3804 -941//-3805 -2441//-590 
f -2281//-674 -919//-675 -3989//-3924 
f -977//-3338 -937//-3936 -2440//-2868 
f -989//-1319 -3958//-3181 -2439//-3857 
f -3496//-1317 -1149//-2534 -1458//-2262 
f -1044//-1189 -1025//-1223 -3454//-1188 
f -3782//-2412 -2438//-4045 -2866//-3843 
f -2082//-2344 -2437//-2347 -3765//-3597 
f -2293//-2716 -3765//-3597 -2437//-2347 
f -3842//-2637 -3148//-1728 -2436//-1748 
f -2992//-1730 -2436//-1748 -3148//-1728 
f -2297//-2380 -3621//-2858 -2435//-2382 
f -1979//-3397 -2435//-2382 -3621//-2858 
f -745//-2564 -2434//-2565 -3177//-2710 
f -716//-649 -1550//-1291 -811//-3275 
f -3126//-2174 -2433//-2771 -565//-571 
f -370//-1846 -135//-3108 -3074//-3109 
f -3125//-2184 -2432//-2795 -564//-569 
f -368//-1834 -136//-3102 -3072//-3103 
f -3122//-2182 -2431//-2759 -563//-563 
f -369//-1822 -131//-3090 -3073//-3091 
f -365//-1816 -134//-3117 -3078//-3118 
f -3124//-2197 -2430//-2789 -567//-567 
f -367//-1843 -132//-3111 -3075//-3112 
f -3121//-2172 -2429//-2783 -566//-562 
f -364//-1810 -130//-3084 -3077//-3085 
f -3123//-2192 -2428//-2762 -568//-566 
f -366//-1828 -133//-3093 -3076//-3094 
f -3120//-2167 -2427//-2777 -562//-560 
f -996//-2990 -4129//-4085 -2426//-1802 
f -3497//-2014 -1139//-1323 -1480//-2016 
f -3484//-2287 -1133//-2633 -1459//-2634 
f -992//-3870 -4116//-4000 -2425//-1281 
f -910//-23 -2424//-3356 -3483//-4109 
f -2820//-1091 -1109//-2494 -910//-23 
f -145//-22 -1116//-66 -2423//-1971 
f -2638//-3354 -2423//-1971 -1116//-66 
f -2268//-3578 -4039//-1480 -2422//-3890 
f -1107//-2485 -2422//-3890 -4039//-1480 
f -2513//-888 -3119//-558 -1112//-1271 
f -1565//-1270 -1112//-1271 -3119//-558 
f -749//-2363 -343//-211 -3281//-2825 
f -4082//-3820 -3557//-3821 -2420//-2272 
f -2222//-21 -669//-197 -809//-20 
f -809//-20 -3277//-3478 -3422//-3479 
f -812//-19 -2418//-3138 -3058//-3139 
f -2221//-18 -673//-194 -812//-19 
f -2220//-17 -675//-191 -810//-16 
f -810//-16 -3276//-3729 -3449//-3730 
f -1763//-3689 -2416//-3690 -3283//-1703 
f -3610//-806 -1452//-1699 -708//-808 
f -2600//-1747 -2415//-2619 -3622//-3600 
f -3113//-3320 -3622//-3600 -2415//-2619 
f -959//-373 -2414//-374 -2990//-1617 
f -3585//-846 -2990//-1617 -2414//-374 
f -955//-369 -2413//-370 -2988//-3851 
f -3500//-1332 -2988//-3851 -2413//-370 
f -952//-371 -2412//-372 -2989//-1614 
f -3584//-843 -2989//-1614 -2412//-372 
f -3307//-1666 -3985//-2618 -2411//-2933 
f -2267//-1548 -2411//-2933 -3985//-2618 
f -1270//-2313 -3883//-967 -514//-968 
f -2410//-3816 -1952//-2329 -283//-970 
f -2409//-976 -1951//-977 -284//-2811 
f -1269//-978 -3379//-2942 -492//-2943 
f -3066//-3894 -4096//-3944 -145//-22 
f -1116//-66 -145//-22 -4096//-3944 
f -2594//-3381 -2407//-1448 -3983//-1940 
f -3534//-3696 -3983//-1940 -2407//-1448 
f -1010//-836 -3299//-3866 -2406//-835 
f -1014//-1700 -1251//-1702 -3283//-1703 
f -718//-2331 -342//-2011 -3680//-2333 
f -3984//-3611 -3579//-3612 -2405//-1602 
f -828//-1635 -894//-850 -3592//-1637 
f -2099//-1692 -3885//-1693 -2404//-3160 
f -708//-808 -2403//-809 -3610//-806 
f -3232//-2139 -1468//-2283 -733//-3685 
f -3712//-723 -1497//-1536 -813//-729 
f -733//-3685 -2402//-3261 -3232//-2139 
f -743//-3452 -2401//-3411 -3450//-2254 
f -3740//-1177 -1486//-1510 -808//-1179 
f -2400//-3345 -4110//-3069 -3309//-3967 
f -4110//-3069 -2400//-3345 -3439//-3346 
f -2276//-2383 -3774//-1743 -2399//-3132 
f -1970//-884 -2399//-3132 -3774//-1743 
f -1356//-654 -2398//-15 -3681//-1321 
f -3278//-2015 -1480//-2016 -759//-2988 
f -3450//-2254 -1455//-2255 -743//-3452 
f -729//-797 -2397//-798 -3650//-794 
f -3650//-794 -1443//-795 -729//-797 
f -759//-2988 -2396//-2989 -3278//-2015 
f -720//-2566 -2395//-800 -3826//-799 
f -3177//-2710 -1454//-2711 -745//-2564 
f -3077//-3085 -2394//-1809 -364//-1810 
f -175//-490 -3077//-3085 -3634//-3081 
f -3078//-3118 -2393//-1815 -365//-1816 
f -173//-491 -3078//-3118 -3635//-3120 
f -170//-485 -3072//-3103 -3638//-3099 
f -3072//-3103 -2392//-1833 -368//-1834 
f -3076//-3094 -2391//-1827 -366//-1828 
f -174//-489 -3076//-3094 -3637//-3096 
f -3075//-3112 -2390//-1842 -367//-1843 
f -171//-488 -3075//-3112 -3639//-3114 
f -169//-487 -3074//-3109 -3640//-3105 
f -3074//-3109 -2389//-1845 -370//-1846 
f -3073//-3091 -2388//-1821 -369//-1822 
f -172//-486 -3073//-3091 -3636//-3087 
f -567//-567 -629//-568 -3124//-2197 
f -3875//-2194 -2387//-1860 -660//-1861 
f -563//-563 -624//-564 -3122//-2182 
f -3870//-2179 -2386//-1854 -662//-1855 
f -568//-566 -630//-565 -3123//-2192 
f -3871//-2189 -2385//-1887 -661//-1888 
f -565//-571 -627//-572 -3126//-2174 
f -3872//-2176 -2384//-1872 -658//-1873 
f -3873//-2164 -2383//-1863 -659//-1864 
f -562//-560 -625//-559 -3120//-2167 
f -3874//-2169 -2382//-1881 -657//-1882 
f -566//-562 -628//-561 -3121//-2172 
f -564//-569 -626//-570 -3125//-2184 
f -3876//-2186 -2381//-1878 -663//-1879 
f -1105//-1168 -3205//-1554 -3448//-1170 
f -3908//-2941 -993//-1553 -2380//-688 
f -948//-4103 -1011//-3188 -2746//-3189 
f -2379//-2214 -1203//-4010 -3959//-1235 
f -2377//-3826 -3373//-880 -2378//-3024 
f -3322//-2225 -2378//-3024 -3373//-880 
f -2378//-3024 -144//-3025 -2377//-3826 
f -2541//-3398 -2377//-3826 -144//-3025 
f -3826//-799 -1430//-3278 -720//-2566 
f -751//-2827 -2376//-244 -3279//-4119 
f -304//-3022 -2245//-1488 -2375//-1489 
f -1687//-26 -3242//-14 -1809//-735 
f -303//-2605 -2244//-3720 -2374//-1485 
f -2177//-1257 -3241//-13 -1810//-1259 
f -1259//-3789 -2373//-3961 -3975//-1664 
f -1256//-366 -3975//-1664 -2373//-3961 
f -3349//-99 -4059//-2405 -2372//-3694 
f -3118//-557 -2372//-3694 -4059//-2405 
f -2619//-896 -2371//-3164 -4122//-3544 
f -3375//-2862 -4122//-3544 -2371//-3164 
f -3755//-3902 -2370//-1648 -2705//-3904 
f -654//-906 -585//-907 -3336//-908 
f -2369//-3865 -915//-689 -1156//-3348 
f -915//-689 -2369//-3865 -1010//-836 
f -3399//-3156 -2368//-1691 -2826//-3158 
f -917//-1029 -918//-1123 -4097//-1030 
f -2833//-3819 -2367//-781 -3257//-3814 
f -1046//-2270 -1030//-780 -1457//-3450 
f -2240//-2264 -2366//-2265 -3886//-3595 
f -3182//-2930 -3886//-3595 -2366//-2265 
f -3713//-1522 -3169//-2144 -1226//-12 
f -1274//-25 -1226//-12 -3169//-2144 
f -1227//-3841 -2364//-3842 -2985//-3709 
f -3794//-2969 -1349//-367 -1199//-2434 
f -1424//-3365 -2363//-3363 -2916//-4106 
f -3929//-2135 -1352//-274 -1246//-3029 
f -2915//-2718 -2362//-2719 -3112//-3692 
f -3859//-1937 -3112//-3692 -2362//-2719 
f -3116//-4051 -3792//-2425 -2361//-1268 
f -1887//-189 -2361//-1268 -3792//-2425 
f -1156//-3348 -3994//-690 -1117//-2832 
f -3505//-1541 -2360//-682 -1862//-684 
f -2359//-3780 -703//-1996 -2582//-1997 
f -3482//-1274 -3937//-190 -903//-1276 
f -990//-1132 -3671//-1988 -2358//-4057 
f -3436//-1131 -1084//-2477 -1461//-3731 
f -1953//-903 -1556//-2219 -322//-11 
f -322//-11 -3731//-3441 -491//-3442 
f -321//-10 -2356//-1975 -521//-1042 
f -2172//-1556 -1555//-1976 -321//-10 
f -924//-592 -2355//-2236 -3735//-1199 
f -2989//-1614 -1059//-1198 -952//-371 
f -2988//-3851 -1056//-3852 -955//-369 
f -923//-273 -2354//-910 -3337//-1757 
f -930//-595 -2353//-2657 -3846//-1196 
f -2990//-1617 -1057//-1197 -959//-373 
f -2134//-3035 -1058//-1977 -956//-3037 
f -920//-1555 -2352//-375 -2991//-1557 
f -1210//-1919 -3351//-3360 -3147//-3361 
f -1263//-2831 -2351//-381 -2188//-1633 
f -2350//-3779 -3353//-3913 -3882//-3781 
f -638//-1590 -837//-52 -1727//-3150 
f -4005//-2319 -2349//-1955 -2129//-1956 
f -2349//-1955 -4005//-2319 -3179//-2318 
f -2348//-2278 -2718//-3795 -3757//-3462 
f -2718//-3795 -2348//-2278 -2331//-2279 
f -2347//-1980 -3335//-3185 -1260//-49 
f -3469//-1234 -1203//-4010 -979//-336 
f -3538//-1462 -1039//-2529 -1474//-2530 
f -991//-1459 -4051//-1460 -2346//-3648 
f -4118//-1133 -1186//-3448 -2083//-4101 
f -2345//-2116 -4118//-1133 -1319//-1134 
f -1316//-3032 -2344//-3033 -3345//-928 
f -2460//-2269 -1164//-924 -1374//-3030 
f -1974//-725 -2343//-1961 -3377//-724 
f -2332//-3272 -3377//-724 -2343//-1961 
f -2342//-2725 -3471//-413 -595//-414 
f -356//-360 -602//-361 -1544//-1936 
f -2341//-2414 -3783//-551 -594//-552 
f -359//-356 -603//-357 -1543//-2999 
f -3073//-3091 -2340//-3092 -3262//-2421 
f -1765//-1561 -3262//-2421 -2340//-3092 
f -3078//-3118 -2339//-3119 -3263//-2423 
f -1768//-1579 -3263//-2423 -2339//-3119 
f -1767//-1571 -3266//-2418 -2338//-3110 
f -3074//-3109 -2338//-3110 -3266//-2418 
f -3075//-3112 -2337//-3113 -3264//-2422 
f -1766//-1564 -3264//-2422 -2337//-3113 
f -3076//-3094 -2336//-3095 -3265//-2424 
f -3791//-1567 -3265//-2424 -2336//-3095 
f -3072//-3103 -2335//-3104 -3267//-2419 
f -1770//-1574 -3267//-2419 -2335//-3104 
f -3077//-3085 -2334//-3086 -3261//-2420 
f -1764//-1576 -3261//-2420 -2334//-3086 
f -1319//-1134 -1088//-2115 -2345//-2116 
f -2333//-2433 -3437//-2089 -3204//-33 
f -2343//-1961 -3917//-1962 -2332//-3272 
f -1113//-862 -2332//-3272 -3917//-1962 
f -2331//-2279 -3614//-3794 -2718//-3795 
f -3614//-3794 -2331//-2279 -2315//-3599 
f -913//-1527 -1196//-1528 -3369//-2394 
f -3605//-965 -3369//-2394 -1196//-1528 
f -3727//-1396 -3021//-1397 -2329//-2202 
f -2186//-3641 -2329//-2202 -3021//-1397 
f -3017//-3186 -2328//-3187 -1207//-3572 
f -2328//-3187 -3669//-1080 -3416//-1081 
f -3238//-243 -3857//-1713 -2327//-3790 
f -3079//-2241 -2327//-3790 -3857//-1713 
f -2326//-2856 -3891//-4037 -3323//-4038 
f -3891//-4037 -2326//-2856 -2318//-2860 
f -3645//-2792 -2325//-1877 -678//-500 
f -663//-1879 -786//-2185 -3876//-2186 
f -3642//-2786 -2324//-1859 -677//-494 
f -660//-1861 -788//-2193 -3875//-2194 
f -659//-1864 -785//-2163 -3873//-2164 
f -3643//-2774 -2323//-1868 -683//-502 
f -3644//-2768 -2322//-1871 -682//-498 
f -658//-1873 -787//-2175 -3872//-2176 
f -3641//-2756 -2321//-1853 -680//-504 
f -662//-1855 -790//-2178 -3870//-2179 
f -657//-1882 -784//-2168 -3874//-2169 
f -3646//-2780 -2320//-1886 -681//-493 
f -3647//-2765 -2319//-1892 -679//-497 
f -661//-1888 -789//-2188 -3871//-2189 
f -3067//-1313 -2318//-2860 -2297//-2380 
f -2318//-2860 -3067//-1313 -3891//-4037 
f -3601//-1090 -994//-1089 -1489//-477 
f -2899//-3949 -2317//-1668 -995//-4137 
f -2296//-881 -3867//-2745 -2316//-1181 
f -1718//-696 -2316//-1181 -3867//-2745 
f -3001//-1716 -2315//-3599 -2293//-2716 
f -2315//-3599 -3001//-1716 -3614//-3794 
f -3637//-3096 -2314//-1832 -174//-489 
f -97//-2669 -3637//-3096 -3628//-3097 
f -3635//-3120 -2313//-1820 -173//-491 
f -96//-2681 -3635//-3120 -3626//-3121 
f -3639//-3114 -2312//-1841 -171//-488 
f -98//-2673 -3639//-3114 -3629//-3115 
f -3634//-3081 -2311//-1814 -175//-490 
f -94//-2692 -3634//-3081 -3630//-3082 
f -3640//-3105 -2310//-1850 -169//-487 
f -99//-2666 -3640//-3105 -3625//-3106 
f -3638//-3099 -2309//-1838 -170//-485 
f -95//-2678 -3638//-3099 -3627//-3100 
f -3323//-4038 -2308//-2855 -2326//-2856 
f -2308//-2855 -3323//-4038 -3703//-2106 
f -93//-2685 -3636//-3087 -3631//-3088 
f -3636//-3087 -2307//-1826 -172//-486 
f -1253//-1292 -2306//-1293 -3976//-2708 
f -1251//-1702 -1194//-3864 -1291//-1704 
f -2305//-2134 -3710//-3473 -3019//-3474 
f -1187//-272 -1143//-3031 -1316//-3032 
f -2808//-1102 -3724//-3521 -139//-784 
f -688//-2763 -139//-784 -3724//-3521 
f -2802//-1111 -3725//-3525 -143//-788 
f -693//-2784 -143//-788 -3725//-3525 
f -690//-2790 -137//-785 -3723//-3518 
f -2805//-1097 -3723//-3518 -137//-785 
f -2806//-1103 -3720//-3530 -141//-786 
f -691//-2778 -141//-786 -3720//-3530 
f -2810//-1106 -3721//-3514 -140//-787 
f -689//-2766 -140//-787 -3721//-3514 
f -2803//-1094 -3722//-3505 -142//-783 
f -692//-2754 -142//-783 -3722//-3505 
f -2858//-1112 -3719//-3499 -138//-789 
f -687//-2772 -138//-789 -3719//-3499 
f -3494//-3786 -2297//-2380 -2288//-2381 
f -2297//-2380 -3494//-3786 -3067//-1313 
f -2296//-881 -3703//-2106 -3306//-847 
f -3703//-2106 -2296//-881 -2308//-2855 
f -2457//-1727 -2295//-2638 -3612//-3331 
f -3776//-3330 -3612//-3331 -2295//-2638 
f -2326//-2856 -3705//-2857 -2294//-2859 
f -1564//-2109 -2294//-2859 -3705//-2857 
f -3998//-1715 -2293//-2716 -2285//-3382 
f -2293//-2716 -3998//-1715 -3001//-1716 
f -3485//-2865 -2292//-506 -2080//-507 
f -988//-4012 -3320//-4104 -879//-1283 
f -1429//-2324 -3372//-974 -2291//-2696 
f -2618//-979 -2291//-2696 -3372//-974 
f -2524//-1525 -90//-3737 -610//-697 
f -2119//-9 -610//-697 -90//-3737 
f -3345//-928 -1026//-929 -1316//-3032 
f -1548//-3840 -2289//-1523 -3319//-871 
f -2288//-2381 -3171//-3642 -3494//-3786 
f -3171//-3642 -2288//-2381 -2276//-2383 
f -2746//-3189 -1027//-4102 -948//-4103 
f -2746//-3189 -4128//-973 -2287//-111 
f -2436//-1748 -2286//-3601 -3842//-2637 
f -3201//-681 -3842//-2637 -2286//-3601 
f -2285//-3382 -3165//-1706 -3998//-1715 
f -3165//-1706 -2285//-3382 -2269//-3383 
f -892//-1627 -2284//-3798 -429//-691 
f -1772//-340 -429//-691 -2284//-3798 
f -2233//-1390 -2283//-1394 -3701//-3306 
f -1782//-3305 -3701//-3306 -2283//-1394 
f -2910//-2218 -3098//-2808 -954//-2221 
f -3137//-1205 -2910//-2218 -2282//-594 
f -3564//-918 -2913//-3817 -961//-920 
f -2913//-3817 -3198//-3818 -2281//-674 
f -3134//-2616 -2912//-2871 -962//-588 
f -2912//-2871 -3200//-2250 -2280//-678 
f -3136//-3406 -2911//-3407 -958//-591 
f -2911//-3407 -3199//-2000 -2279//-676 
f -2238//-3352 -2278//-2843 -3992//-1587 
f -1591//-2841 -3992//-1587 -2278//-2843 
f -3337//-1757 -2909//-1756 -923//-273 
f -2909//-1756 -3536//-2699 -2277//-2700 
f -2276//-2383 -4050//-3130 -3171//-3642 
f -4050//-3130 -2276//-2383 -2870//-2384 
f -2275//-921 -3344//-2107 -3704//-923 
f -1863//-1645 -3344//-2107 -2275//-921 
f -3374//-3463 -3935//-2277 -2274//-1116 
f -1433//-3061 -2274//-1116 -3935//-2277 
f -1110//-895 -2273//-894 -3330//-2812 
f -909//-4098 -2273//-894 -1976//-874 
f -2725//-3691 -2272//-1938 -3376//-3420 
f -3658//-3419 -3376//-3420 -2272//-1938 
f -3926//-1583 -3025//-3351 -2271//-3015 
f -2708//-3349 -2271//-3015 -3025//-3351 
f -3730//-893 -2270//-3565 -1006//-8 
f -2270//-3565 -3730//-893 -1276//-3567 
f -2269//-3383 -3742//-1705 -3165//-1706 
f -3742//-1705 -2269//-3383 -2240//-2264 
f -2084//-902 -129//-1624 -2268//-3578 
f -17//-2975 -2268//-3578 -129//-1624 
f -2267//-1548 -3174//-3317 -3906//-3318 
f -3174//-3317 -2267//-1548 -2873//-1547 
f -2266//-2880 -263//-2876 -3495//-2877 
f -353//-1076 -1483//-1315 -2266//-2880 
f -2265//-3281 -259//-1984 -3977//-1543 
f -354//-1546 -2262//-1041 -2265//-3281 
f -2264//-1383 -257//-2600 -3517//-2601 
f -351//-1496 -2260//-1388 -2264//-1383 
f -2263//-1380 -258//-2579 -3516//-2580 
f -355//-546 -3//-545 -2263//-1380 
f -302//-2519 -2243//-2798 -2262//-1041 
f -2262//-1041 -354//-1546 -3109//-549 
f -301//-2584 -2242//-3437 -2261//-1379 
f -3//-545 -355//-546 -3108//-547 
f -305//-2597 -2246//-1387 -2260//-1388 
f -2260//-1388 -351//-1496 -3110//-550 
f -3282//-2006 -2259//-3353 -1872//-804 
f -2259//-3353 -3282//-2006 -2278//-2843 
f -2562//-43 -1286//-7 -2258//-1684 
f -1879//-2203 -2258//-1684 -1286//-7 
f -258//-2579 -2263//-1380 -2257//-1371 
f -2257//-1371 -229//-524 -3513//-2508 
f -257//-2600 -2264//-1383 -2256//-1374 
f -2256//-1374 -232//-1057 -3514//-525 
f -259//-1984 -2265//-3281 -2255//-3282 
f -2255//-3282 -231//-1248 -3670//-526 
f -3080//-3224 -2254//-1762 -527//-1763 
f -681//-493 -833//-492 -3646//-2780 
f -263//-2876 -2266//-2880 -2253//-2881 
f -2253//-2881 -228//-1051 -3651//-527 
f -3084//-3218 -2252//-1765 -523//-1766 
f -678//-500 -835//-501 -3645//-2792 
f -3083//-3230 -2251//-1780 -525//-1781 
f -682//-498 -832//-499 -3644//-2768 
f -3085//-3242 -2250//-1774 -528//-1775 
f -683//-502 -834//-503 -3643//-2774 
f -3086//-3209 -2249//-1786 -526//-1787 
f -680//-504 -830//-505 -3641//-2756 
f -677//-494 -831//-495 -3642//-2786 
f -3081//-3239 -2248//-1792 -524//-1793 
f -3082//-3212 -2247//-1798 -522//-1799 
f -679//-497 -829//-496 -3647//-2765 
f -2246//-1387 -305//-2597 -3099//-2598 
f -229//-524 -2257//-1371 -2246//-1387 
f -2245//-1488 -304//-3022 -3100//-2525 
f -232//-1057 -2256//-1374 -2245//-1488 
f -2244//-3720 -303//-2605 -3101//-1981 
f -231//-1248 -2255//-3282 -2244//-3720 
f -2243//-2798 -302//-2519 -3405//-2520 
f -234//-3725 -2938//-2797 -2243//-2798 
f -2242//-3437 -301//-2584 -3102//-1905 
f -228//-1051 -2253//-2881 -2242//-3437 
f -1566//-2268 -2241//-2864 -1289//-37 
f -883//-6 -1289//-37 -2241//-2864 
f -2240//-2264 -3064//-1640 -3742//-1705 
f -3064//-1640 -2240//-2264 -2223//-3596 
f -2239//-2007 -3906//-3318 -2957//-4033 
f -3906//-3318 -2239//-2007 -2267//-1548 
f -2061//-1972 -2238//-3352 -2892//-1586 
f -3992//-1587 -2892//-1586 -2238//-3352 
f -2331//-2279 -3746//-2280 -2237//-3598 
f -1358//-2834 -2237//-3598 -3746//-2280 
f -2957//-4033 -2236//-2008 -2239//-2007 
f -2236//-2008 -2957//-4033 -3593//-1641 
f -3023//-416 -113//-417 -667//-1178 
f -623//-544 -2235//-2539 -3515//-1375 
f -618//-3688 -2234//-2440 -3431//-1113 
f -3018//-1114 -115//-1115 -670//-3276 
f -3701//-3306 -2914//-2293 -2233//-1390 
f -1974//-725 -2233//-1390 -2914//-2293 
f -352//-1328 -607//-1897 -1685//-1330 
f -2232//-876 -3321//-305 -260//-306 
f -160//-435 -11//-436 -3033//-3237 
f -3630//-3082 -2231//-2691 -94//-2692 
f -3626//-3121 -2230//-2680 -96//-2681 
f -155//-424 -13//-423 -3027//-3222 
f -3628//-3097 -2229//-2668 -97//-2669 
f -157//-426 -12//-425 -3028//-3234 
f -156//-427 -10//-428 -3029//-3228 
f -3625//-3106 -2228//-2665 -99//-2666 
f -159//-431 -8//-432 -3031//-3207 
f -3629//-3115 -2227//-2672 -98//-2673 
f -3631//-3088 -2226//-2684 -93//-2685 
f -161//-434 -14//-433 -3032//-3216 
f -158//-429 -9//-430 -3030//-3246 
f -3627//-3100 -2225//-2677 -95//-2678 
f -2224//-4018 -3914//-103 -3178//-2972 
f -3914//-103 -2224//-4018 -2674//-4016 
f -3593//-1641 -2223//-3596 -2236//-2008 
f -2223//-3596 -3593//-1641 -3064//-1640 
f -669//-197 -2222//-21 -2816//-198 
f -3012//-1352 -86//-1739 -646//-2735 
f -673//-194 -2221//-18 -3619//-196 
f -3014//-1359 -80//-1736 -645//-3177 
f -3016//-1364 -79//-1731 -639//-3265 
f -675//-191 -2220//-17 -2814//-192 
f -667//-1178 -2219//-418 -3023//-416 
f -3013//-1350 -85//-1376 -640//-3453 
f -674//-730 -2218//-731 -3239//-727 
f -3015//-1360 -81//-1628 -644//-3686 
f -670//-3276 -2217//-3277 -3018//-1114 
f -3604//-410 -84//-1681 -647//-2563 
f -2236//-2008 -2216//-3594 -3679//-2932 
f -3170//-848 -3679//-2932 -2216//-3594 
f -583//-2567 -2215//-2568 -3417//-1679 
f -3884//-1083 -49//-3585 -616//-246 
f -584//-939 -2214//-402 -3511//-403 
f -3295//-2496 -50//-1365 -615//-3726 
f -579//-796 -2213//-395 -3507//-393 
f -3616//-1725 -56//-1726 -621//-2987 
f -576//-807 -2212//-401 -3510//-399 
f -3431//-1113 -53//-1361 -618//-3688 
f -575//-934 -2211//-392 -3508//-390 
f -3297//-3700 -48//-1353 -612//-3702 
f -571//-931 -2210//-398 -3509//-396 
f -3293//-3703 -51//-1356 -619//-3828 
f -647//-2563 -2209//-409 -3604//-410 
f -3417//-1679 -39//-1680 -583//-2567 
f -3511//-403 -38//-404 -584//-939 
f -639//-3265 -2208//-3266 -3016//-1364 
f -3508//-390 -32//-391 -575//-934 
f -646//-2735 -2207//-2736 -3012//-1352 
f -3510//-399 -37//-400 -576//-807 
f -644//-3686 -2206//-3687 -3015//-1360 
f -640//-3453 -2205//-3454 -3013//-1350 
f -3507//-393 -29//-394 -579//-796 
f -645//-3177 -2204//-3178 -3014//-1359 
f -3509//-396 -34//-397 -571//-931 
f -2203//-3723 -3877//-304 -234//-3725 
f -260//-306 -418//-875 -2232//-876 
f -3456//-528 -3938//-3782 -7//-241 
f -3341//-242 -7//-241 -3938//-3782 
f -2362//-2719 -2201//-1941 -3859//-1937 
f -3118//-557 -3859//-1937 -2201//-1941 
f -3569//-385 -3785//-1570 -2200//-1572 
f -3221//-3107 -2200//-1572 -3785//-1570 
f -3566//-387 -3788//-1563 -2199//-1562 
f -3216//-3089 -2199//-1562 -3788//-1563 
f -3567//-386 -3789//-1566 -2198//-1565 
f -3217//-3116 -2198//-1565 -3789//-1566 
f -3568//-383 -3943//-1569 -2197//-1568 
f -3220//-3098 -2197//-1568 -3943//-1569 
f -3570//-388 -3786//-1573 -2196//-1575 
f -3218//-3101 -2196//-1575 -3786//-1573 
f -3571//-389 -3787//-1578 -2195//-1577 
f -3219//-3083 -2195//-1577 -3787//-1578 
f -3572//-384 -3790//-1581 -2194//-1580 
f -3222//-3122 -2194//-1580 -3790//-1581 
f -2723//-3969 -2193//-3359 -3559//-3971 
f -3505//-1541 -1208//-1542 -2193//-3359 
f -2606//-2820 -2997//-1010 -2192//-377 
f -1408//-900 -2192//-377 -16//-1592 
f -2874//-860 -3575//-3151 -2191//-3334 
f -1747//-3333 -2191//-3334 -3575//-3151 
f -2898//-1227 -3468//-1231 -2190//-2894 
f -1899//-2893 -2190//-2894 -3468//-1231 
f -908//-801 -1006//-8 -2270//-3565 
f -2189//-2217 -3704//-923 -3344//-2107 
f -3592//-1637 -2188//-1633 -2351//-381 
f -2188//-1633 -3592//-1637 -894//-850 
f -2187//-1920 -3654//-3901 -3003//-945 
f -3654//-3901 -2187//-1920 -1005//-1918 
f -1332//-3640 -2186//-3641 -3949//-3133 
f -3021//-1397 -3949//-3133 -2186//-3641 
f -2185//-3170 -1008//-2113 -2100//-2114 
f -3706//-4008 -2185//-3170 -3580//-2435 
f -2184//-2606 -3473//-332 -596//-333 
f -3475//-330 -2177//-1257 -599//-1258 
f -3560//-328 -2178//-1544 -604//-1545 
f -2183//-1982 -3472//-334 -592//-335 
f -2706//-2965 -2182//-855 -3913//-2967 
f -2458//-3447 -3913//-2967 -2182//-855 
f -3472//-334 -2183//-1982 -420//-1983 
f -2181//-1246 -4064//-324 -536//-325 
f -2180//-1240 -3830//-326 -531//-327 
f -3471//-413 -2342//-2725 -419//-2726 
f -3473//-332 -2184//-2606 -422//-2957 
f -2179//-1252 -3911//-322 -534//-323 
f -2178//-1544 -3560//-328 -408//-329 
f -3474//-317 -2171//-2521 -550//-1256 
f -2177//-1257 -3475//-330 -402//-331 
f -3834//-313 -2169//-2603 -554//-2604 
f -3603//-315 -2170//-2586 -549//-2612 
f -2176//-810 -3284//-251 -410//-812 
f -2175//-813 -3285//-252 -407//-815 
f -3796//-319 -2168//-2949 -556//-2950 
f -1969//-3555 -2174//-2063 -3053//-3622 
f -3311//-2061 -3053//-3622 -2174//-2063 
f -2173//-2146 -2866//-3843 -3956//-4043 
f -2866//-3843 -2173//-2146 -3995//-1993 
f -1950//-3034 -2172//-1556 -222//-726 
f -3237//-3287 -222//-726 -2172//-1556 
f -2171//-2521 -3474//-317 -382//-318 
f -3816//-1894 -2203//-3723 -396//-3724 
f -3830//-326 -2180//-1240 -397//-1241 
f -2170//-2586 -3603//-315 -383//-316 
f -2169//-2603 -3834//-313 -381//-314 
f -4064//-324 -2181//-1246 -392//-1247 
f -3911//-322 -2179//-1252 -389//-1253 
f -2168//-2949 -3796//-319 -377//-320 
f -2167//-2145 -3956//-4043 -2143//-3172 
f -3956//-4043 -2167//-2145 -2173//-2146 
f -3029//-3228 -2166//-1761 -156//-427 
f -527//-1763 -635//-3223 -3080//-3224 
f -3030//-3246 -2165//-1773 -158//-429 
f -528//-1775 -637//-3241 -3085//-3242 
f -523//-1766 -631//-3217 -3084//-3218 
f -3027//-3222 -2164//-1770 -155//-424 
f -522//-1799 -632//-3211 -3082//-3212 
f -3032//-3216 -2163//-1797 -161//-434 
f -3031//-3207 -2162//-1785 -159//-431 
f -526//-1787 -636//-3208 -3086//-3209 
f -3033//-3237 -2161//-1791 -160//-435 
f -524//-1793 -633//-3238 -3081//-3239 
f -525//-1781 -634//-3229 -3083//-3230 
f -3028//-3234 -2160//-1779 -157//-426 
f -2159//-2589 -3995//-1993 -3259//-2592 
f -3995//-1993 -2159//-2589 -2866//-3843 
f -1923//-1109 -2890//-2102 -2158//-2103 
f -3249//-754 -2158//-2103 -2890//-2102 
f -4113//-1104 -2888//-2085 -2157//-2086 
f -3245//-741 -2157//-2086 -2888//-2085 
f -3430//-262 -2891//-2123 -2156//-2124 
f -3250//-757 -2156//-2124 -2891//-2123 
f -4135//-1095 -2885//-2070 -2155//-2065 
f -3246//-744 -2155//-2065 -2885//-2070 
f -3244//-738 -2154//-2093 -2889//-2098 
f -1908//-1107 -2889//-2098 -2154//-2093 
f -3248//-750 -2153//-2071 -2886//-2076 
f -1905//-1100 -2886//-2076 -2153//-2071 
f -3247//-747 -2152//-2077 -2887//-2082 
f -1906//-1098 -2887//-2082 -2152//-2077 
f -1874//-1118 -2151//-2845 -3069//-3204 
f -3338//-3203 -3069//-3204 -2151//-2845 
f -3955//-1037 -3068//-1719 -2150//-3673 
f -2508//-2343 -2150//-3673 -3068//-1719 
f -4108//-376 -2149//-2491 -2996//-905 
f -2149//-2491 -4108//-376 -2715//-5 
f -3392//-46 -2148//-61 -2575//-1275 
f -2148//-61 -3392//-46 -3986//-2817 
f -2271//-3015 -2147//-2240 -3926//-1583 
f -3736//-3016 -3926//-1583 -2147//-2240 
f -2882//-2981 -2122//-2982 -2146//-1929 
f -1050//-1451 -2882//-2981 -963//-2979 
f -1051//-1456 -2883//-1911 -953//-2869 
f -2883//-1911 -2124//-1912 -2145//-1915 
f -2881//-2703 -2123//-2704 -2144//-1926 
f -1052//-1454 -2881//-2703 -960//-2701 
f -2143//-3172 -3092//-2143 -2167//-2145 
f -3092//-2143 -2143//-3172 -1973//-3173 
f -2142//-1324 -2630//-2818 -2604//-2819 
f -2630//-2818 -2142//-1324 -2568//-1479 
f -3259//-2592 -2141//-2588 -2159//-2589 
f -2141//-2588 -3259//-2592 -1972//-1273 
f -2706//-2965 -3780//-4001 -2140//-2404 
f -2656//-67 -2140//-2404 -3780//-4001 
f -2008//-3581 -2139//-1588 -3574//-2342 
f -1891//-2341 -3574//-2342 -2139//-1588 
f -3138//-2273 -2138//-2274 -1955//-2275 
f -2138//-2274 -3138//-2273 -2453//-597 
f -3729//-2208 -2137//-2212 -2409//-976 
f -2137//-2212 -3729//-2208 -2452//-2209 
f -3439//-3346 -2136//-2308 -4110//-3069 
f -2136//-2308 -3439//-3346 -4121//-4021 
f -2191//-3334 -2135//-1709 -2874//-860 
f -3869//-859 -2874//-860 -2135//-1709 
f -2134//-3035 -3668//-2367 -1926//-3713 
f -3668//-2367 -2134//-3035 -2448//-3036 
f -2133//-1999 -3199//-2000 -1947//-2001 
f -3199//-2000 -2133//-1999 -921//-677 
f -3198//-3818 -2132//-1696 -919//-675 
f -2132//-1696 -3198//-3818 -1945//-1694 
f -2131//-2875 -3200//-2250 -1939//-2251 
f -3200//-2250 -2131//-2875 -931//-679 
f -2076//-1192 -2130//-1195 -3457//-2837 
f -1755//-704 -3457//-2837 -2130//-1195 
f -2190//-2894 -2129//-1956 -2898//-1227 
f -3070//-484 -2898//-1227 -2129//-1956 
f -3137//-1205 -2128//-3837 -1920//-3838 
f -2128//-3837 -3137//-1205 -2449//-593 
f -3136//-3406 -2127//-2237 -1913//-2238 
f -2127//-2237 -3136//-3406 -2441//-590 
f -3135//-1626 -2126//-3958 -1914//-3959 
f -2126//-3958 -3135//-1626 -2446//-589 
f -2125//-2613 -3134//-2616 -2447//-587 
f -3134//-2616 -2125//-2613 -1915//-2614 
f -3500//-1332 -2124//-1912 -1922//-267 
f -2124//-1912 -3500//-1332 -932//-1914 
f -2123//-2704 -3584//-843 -927//-1925 
f -3584//-843 -2123//-2704 -1912//-265 
f -2122//-2982 -3585//-846 -928//-1928 
f -3585//-846 -2122//-2982 -1916//-266 
f -3454//-1188 -3056//-1221 -2121//-2413 
f -1613//-3058 -2121//-2413 -3056//-1221 
f -1110//-895 -2120//-4027 -3243//-736 
f -2809//-4025 -1228//-1200 -2120//-4027 
f -610//-697 -2119//-9 -2792//-2829 
f -2857//-1084 -817//-1476 -664//-161 
f -2118//-70 -3518//-2327 -18//-48 
f -3518//-2327 -2118//-70 -2968//-344 
f -3207//-3963 -698//-1137 -2117//-2346 
f -2714//-2345 -2117//-2346 -698//-1137 
f -2563//-3625 -2116//-1490 -2993//-3027 
f -4047//-2374 -2993//-3027 -2116//-1490 
f -742//-453 -3051//-465 -2115//-3327 
f -2102//-1172 -671//-1173 -815//-466 
f -744//-447 -3052//-468 -2114//-3343 
f -2103//-2200 -672//-2201 -814//-469 
f -4084//-2119 -2565//-1193 -2113//-2839 
f -1873//-4040 -2113//-2839 -2565//-1193 
f -2112//-3161 -2826//-3158 -3954//-1689 
f -2826//-3158 -2112//-3161 -4119//-2397 
f -3211//-698 -746//-1524 -582//-700 
f -652//-479 -2111//-480 -3061//-3073 
f -3573//-3165 -3024//-3674 -2110//-1582 
f -2633//-869 -2110//-1582 -3024//-3674 
f -1060//-101 -2109//-31 -3002//-3740 
f -3061//-3073 -769//-3074 -652//-479 
f -2108//-3715 -594//-552 -3783//-551 
f -2108//-3715 -1054//-3508 -4069//-3509 
f -2498//-1210 -2712//-1211 -2107//-100 
f -2085//-3629 -651//-3630 -756//-3077 
f -1355//-513 -3046//-514 -2106//-1304 
f -2088//-3312 -648//-3313 -755//-455 
f -2087//-3284 -643//-3285 -754//-463 
f -1357//-510 -3050//-511 -2105//-1296 
f -1354//-516 -3047//-517 -2104//-1300 
f -2086//-3436 -649//-3867 -757//-457 
f -814//-469 -3049//-470 -2103//-2200 
f -2090//-1167 -641//-3339 -758//-461 
f -2089//-3832 -642//-3833 -753//-459 
f -815//-466 -3048//-467 -2102//-1172 
f -1356//-654 -3251//-271 -2101//-269 
f -2091//-1943 -650//-1944 -752//-3449 
f -2333//-2433 -3794//-2969 -2100//-2114 
f -1199//-2434 -2100//-2114 -3794//-2969 
f -2099//-1692 -3954//-1689 -1977//-944 
f -3954//-1689 -2099//-1692 -2112//-3161 
f -726//-439 -3107//-3412 -2098//-542 
f -2235//-2539 -623//-544 -741//-2541 
f -1752//-792 -617//-3705 -739//-445 
f -724//-442 -3041//-446 -2097//-1151 
f -2114//-3343 -622//-3344 -744//-447 
f -721//-444 -3042//-448 -2096//-1139 
f -1750//-57 -611//-1945 -737//-3402 
f -731//-472 -3057//-473 -2095//-475 
f -2115//-3327 -620//-3328 -742//-453 
f -722//-441 -3045//-454 -2094//-1155 
f -725//-443 -3043//-450 -2093//-1145 
f -1749//-791 -614//-3697 -740//-449 
f -728//-440 -3044//-452 -2092//-1159 
f -1751//-790 -613//-2560 -738//-451 
f -2095//-475 -577//-476 -731//-472 
f -752//-3449 -3659//-3401 -2091//-1943 
f -2098//-542 -573//-543 -726//-439 
f -758//-461 -3035//-462 -2090//-1167 
f -2092//-1159 -580//-1160 -728//-440 
f -753//-459 -3036//-460 -2089//-3832 
f -2097//-1151 -578//-1152 -724//-442 
f -755//-455 -3038//-456 -2088//-3312 
f -2093//-1145 -581//-1146 -725//-443 
f -754//-463 -3039//-464 -2087//-3284 
f -2096//-1139 -572//-1140 -721//-444 
f -757//-457 -3040//-458 -2086//-3436 
f -2094//-1155 -574//-1156 -722//-441 
f -756//-3077 -3037//-3078 -2085//-3629 
f -129//-1624 -2084//-902 -686//-4 
f -1887//-189 -686//-4 -2084//-902 
f -2855//-4139 -2083//-4101 -3206//-4141 
f -2083//-4101 -2855//-4139 -4118//-1133 
f -892//-1627 -2082//-2344 -3235//-2835 
f -3765//-3597 -3235//-2835 -2082//-2344 
f -2081//-3157 -4119//-2397 -3071//-2396 
f -4119//-2397 -2081//-3157 -2826//-3158 
f -1437//-44 -883//-6 -2080//-507 
f -2241//-2864 -2080//-507 -883//-6 
f -2079//-65 -3939//-2137 -2854//-2489 
f -3939//-2137 -2079//-65 -3088//-3075 
f -1959//-1965 -2078//-1218 -3419//-1967 
f -2933//-2368 -3419//-1967 -2078//-1218 
f -3173//-2467 -881//-38 -3326//-2466 
f -2859//-885 -3326//-2466 -881//-38 
f -1759//-1661 -2076//-1192 -2864//-1952 
f -3457//-2837 -2864//-1952 -2076//-1192 
f -2038//-1357 -2075//-1358 -3948//-3483 
f -2753//-3123 -3948//-3483 -2075//-1358 
f -2037//-1351 -2074//-1724 -3864//-2733 
f -2758//-3669 -3864//-2733 -2074//-1724 
f -2752//-3809 -3811//-2499 -2073//-1367 
f -2033//-1366 -2073//-1367 -3811//-2499 
f -2759//-3929 -3751//-2301 -2072//-830 
f -2041//-818 -2072//-830 -3751//-2301 
f -2750//-3858 -4017//-3127 -2071//-1742 
f -2044//-817 -2071//-1742 -4017//-3127 
f -2757//-3670 -3866//-2740 -2070//-1631 
f -2034//-819 -2070//-1631 -3866//-2740 
f -2756//-3042 -3932//-3046 -2069//-1355 
f -2043//-1354 -2069//-1355 -3932//-3046 
f -2754//-3584 -3797//-2442 -2068//-1363 
f -2032//-1362 -2068//-1363 -3797//-2442 
f -2040//-821 -2067//-1734 -4029//-3534 
f -2755//-3269 -4029//-3534 -2067//-1734 
f -2035//-3586 -2066//-3587 -3660//-1950 
f -2760//-3387 -3660//-1950 -2066//-3587 
f -3957//-3176 -2751//-2558 -2065//-1735 
f -2042//-816 -2065//-1735 -2751//-2558 
f -2749//-3390 -3633//-1807 -2064//-2572 
f -2036//-1805 -2064//-2572 -3633//-1807 
f -2748//-3736 -3750//-2297 -2063//-825 
f -2039//-820 -2063//-825 -3750//-2297 
f -2747//-3812 -3821//-2543 -2062//-1606 
f -2031//-1605 -2062//-1606 -3821//-2543 
f -2892//-1586 -3667//-3579 -2061//-1972 
f -1288//-2976 -2061//-1972 -3667//-3579 
f -2078//-1218 -2060//-3712 -2933//-2368 
f -3668//-2367 -2933//-2368 -2060//-3712 
f -313//-4028 -2059//-3603 -4043//-2391 
f -2871//-253 -4043//-2391 -2059//-3603 
f -2729//-3668 -2758//-3669 -2058//-1722 
f -2074//-1724 -2058//-1722 -2758//-3669 
f -2072//-830 -2057//-828 -2759//-3929 
f -2731//-3481 -2759//-3929 -2057//-828 
f -2067//-1734 -2056//-1732 -2755//-3269 
f -2730//-3268 -2755//-3269 -2056//-1732 
f -2732//-3386 -2760//-3387 -2055//-3738 
f -2066//-3587 -2055//-3738 -2760//-3387 
f -2073//-1367 -2054//-826 -2752//-3809 
f -2737//-3808 -2752//-3809 -2054//-826 
f -2063//-825 -2053//-824 -2748//-3736 
f -2736//-3735 -2748//-3736 -2053//-824 
f -2068//-1363 -2052//-1682 -2754//-3584 
f -2733//-3583 -2754//-3584 -2052//-1682 
f -2738//-2305 -2753//-3123 -2051//-822 
f -2075//-1358 -2051//-822 -2753//-3123 
f -2070//-1631 -2050//-1629 -2757//-3670 
f -2739//-3254 -2757//-3670 -2050//-1629 
f -2071//-1742 -2049//-1740 -2750//-3858 
f -2734//-2737 -2750//-3858 -2049//-1740 
f -2069//-1355 -2048//-831 -2756//-3042 
f -2741//-2306 -2756//-3042 -2048//-831 
f -2064//-2572 -2047//-2570 -2749//-3390 
f -2735//-3389 -2749//-3390 -2047//-2570 
f -2065//-1735 -2046//-1737 -3957//-3176 
f -2742//-3175 -3957//-3176 -2046//-1737 
f -2062//-1606 -2045//-1377 -2747//-3812 
f -2740//-3811 -2747//-3812 -2045//-1377 
f -2030//-823 -2044//-817 -3752//-3128 
f -4017//-3127 -3752//-3128 -2044//-817 
f -2026//-1741 -2043//-1354 -3865//-3047 
f -3932//-3046 -3865//-3047 -2043//-1354 
f -2751//-2558 -3825//-2559 -2042//-816 
f -2029//-829 -2042//-816 -3825//-2559 
f -2028//-2571 -2041//-818 -3987//-2302 
f -3751//-2301 -3987//-2302 -2041//-818 
f -4029//-3534 -3753//-3535 -2040//-821 
f -2019//-832 -2040//-821 -3753//-3535 
f -2023//-827 -2039//-820 -3990//-2298 
f -3750//-2297 -3990//-2298 -2039//-820 
f -2022//-1738 -2038//-1357 -4018//-3484 
f -3948//-3483 -4018//-3484 -2038//-1357 
f -2021//-1378 -2037//-1351 -4012//-2734 
f -3864//-2733 -4012//-2734 -2037//-1351 
f -2020//-3739 -2036//-1805 -3999//-1808 
f -3633//-1807 -3999//-1808 -2036//-1805 
f -3660//-1950 -4040//-1951 -2035//-3586 
f -2017//-1683 -2035//-3586 -4040//-1951 
f -2025//-1723 -2034//-819 -4002//-2741 
f -3866//-2740 -4002//-2741 -2034//-819 
f -2027//-1733 -2033//-1366 -3974//-2500 
f -3811//-2499 -3974//-2500 -2033//-1366 
f -2024//-1630 -2032//-1362 -3971//-2443 
f -3797//-2442 -3971//-2443 -2032//-1362 
f -3821//-2543 -4004//-2544 -2031//-1605 
f -2018//-1607 -2031//-1605 -4004//-2544 
f -2051//-822 -2030//-823 -2738//-2305 
f -3752//-3128 -2738//-2305 -2030//-823 
f -2057//-828 -2029//-829 -2731//-3481 
f -3825//-2559 -2731//-3481 -2029//-829 
f -3987//-2302 -2735//-3389 -2028//-2571 
f -2047//-2570 -2028//-2571 -2735//-3389 
f -2056//-1732 -2027//-1733 -2730//-3268 
f -3974//-2500 -2730//-3268 -2027//-1733 
f -3865//-3047 -2734//-2737 -2026//-1741 
f -2049//-1740 -2026//-1741 -2734//-2737 
f -2058//-1722 -2025//-1723 -2729//-3668 
f -4002//-2741 -2729//-3668 -2025//-1723 
f -3971//-2443 -2739//-3254 -2024//-1630 
f -2050//-1629 -2024//-1630 -2739//-3254 
f -2054//-826 -2023//-827 -2737//-3808 
f -3990//-2298 -2737//-3808 -2023//-827 
f -2046//-1737 -2022//-1738 -2742//-3175 
f -4018//-3484 -2742//-3175 -2022//-1738 
f -2045//-1377 -2021//-1378 -2740//-3811 
f -4012//-2734 -2740//-3811 -2021//-1378 
f -2055//-3738 -2020//-3739 -2732//-3386 
f -3999//-1808 -2732//-3386 -2020//-3739 
f -2048//-831 -2019//-832 -2741//-2306 
f -3753//-3535 -2741//-2306 -2019//-832 
f -2053//-824 -2018//-1607 -2736//-3735 
f -4004//-2544 -2736//-3735 -2018//-1607 
f -2052//-1682 -2017//-1683 -2733//-3583 
f -4040//-1951 -2733//-3583 -2017//-1683 
f -2016//-4023 -3003//-945 -3654//-3901 
f -1247//-382 -3003//-945 -153//-713 
f -2015//-1441 -2981//-2610 -264//-2611 
f -360//-811 -2015//-1441 -2004//-1436 
f -2014//-1431 -3530//-2439 -267//-2951 
f -358//-814 -2//-358 -2003//-1426 
f -2013//-1435 -2983//-2578 -261//-2997 
f -362//-364 -4//-365 -2005//-3459 
f -2012//-1416 -2978//-3000 -268//-1688 
f -359//-356 -2012//-1416 -2006//-1417 
f -2011//-1447 -2980//-2728 -270//-2729 
f -356//-360 -2011//-1447 -2002//-1442 
f -357//-2378 -2010//-1087 -2007//-1514 
f -2010//-1087 -3421//-2814 -265//-2815 
f -361//-1506 -5//-362 -2000//-1420 
f -2009//-1425 -2982//-2643 -262//-2644 
f -1589//-3580 -2008//-3581 -2879//-2844 
f -3574//-2342 -2879//-2844 -2008//-3581 
f -2007//-1514 -2977//-2377 -357//-2378 
f -298//-3249 -2007//-1514 -1983//-1517 
f -2006//-1417 -3528//-355 -359//-356 
f -295//-2659 -2006//-1417 -1988//-1404 
f -2005//-3459 -3531//-1466 -362//-364 
f -294//-2576 -2005//-3459 -1986//-3460 
f -2004//-1436 -3532//-1675 -360//-811 
f -293//-2608 -2004//-1436 -1984//-1412 
f -2003//-1426 -2979//-2438 -358//-814 
f -292//-2651 -2003//-1426 -1987//-1414 
f -2002//-1442 -3533//-359 -356//-360 
f -300//-2727 -2002//-1442 -1985//-1406 
f -2001//-1482 -3544//-734 -1810//-1259 
f -297//-2956 -2001//-1482 -1982//-1403 
f -2000//-1420 -3529//-363 -361//-1506 
f -299//-2642 -2000//-1420 -1981//-1411 
f -1999//-2551 -3545//-2387 -1809//-735 
f -296//-3018 -1999//-2551 -1980//-2552 
f -268//-1688 -1998//-3298 -2012//-1416 
f -1998//-3298 -2971//-1687 -225//-348 
f -267//-2951 -1997//-1430 -2014//-1431 
f -1997//-1430 -2970//-347 -226//-1254 
f -270//-2729 -1996//-1446 -2011//-1447 
f -1996//-1446 -2976//-2655 -227//-353 
f -1995//-1440 -2972//-349 -236//-1242 
f -264//-2611 -1995//-1440 -2015//-1441 
f -1994//-1434 -2969//-346 -235//-1069 
f -261//-2997 -1994//-1434 -2013//-1435 
f -1993//-1408 -2974//-351 -223//-1063 
f -269//-2917 -1993//-1408 -1483//-1315 
f -1992//-3250 -3800//-2453 -224//-2454 
f -266//-1327 -1992//-3250 -1482//-2800 
f -1991//-3871 -2975//-1671 -230//-352 
f -265//-2815 -1991//-3871 -2010//-1087 
f -1990//-1424 -2973//-2503 -233//-350 
f -262//-2644 -1990//-1424 -2009//-1425 
f -3341//-242 -3717//-3070 -1989//-3068 
f -1252//-437 -1989//-3068 -3717//-3070 
f -235//-1069 -1988//-1404 -1994//-1434 
f -1988//-1404 -3523//-2658 -295//-2659 
f -1987//-1414 -3527//-2650 -292//-2651 
f -227//-353 -1987//-1414 -1996//-1446 
f -1986//-3460 -3602//-2575 -294//-2576 
f -230//-352 -1986//-3460 -1991//-3871 
f -236//-1242 -1985//-1406 -1995//-1440 
f -1985//-1406 -3524//-2585 -300//-2727 
f -1984//-1412 -3526//-2607 -293//-2608 
f -233//-350 -1984//-1412 -1990//-1424 
f -1983//-1517 -3551//-354 -298//-3249 
f -224//-2454 -1983//-1517 -1992//-3250 
f -1982//-1403 -3522//-2955 -297//-2956 
f -226//-1254 -1982//-1403 -1997//-1430 
f -1981//-1411 -3525//-2546 -299//-2642 
f -223//-1063 -1981//-1411 -1993//-1408 
f -1980//-2552 -3981//-3017 -296//-3018 
f -225//-348 -1980//-2552 -1998//-3298 
f -771//-3396 -1979//-3397 -3234//-2110 
f -3621//-2858 -3234//-2110 -1979//-3397 
f -4077//-3271 -3307//-1666 -1978//-2934 
f -2411//-2933 -1978//-2934 -3307//-1666 
f -1977//-944 -3350//-4019 -2099//-1692 
f -3350//-4019 -1977//-944 -4121//-4021 
f -3320//-4104 -1976//-874 -879//-1283 
f -1976//-874 -3320//-4104 -909//-4098 
f -3973//-2282 -1975//-834 -2884//-4017 
f -1975//-834 -3973//-2282 -2483//-2281 
f -2914//-2293 -3982//-2985 -1974//-725 
f -2343//-1961 -1974//-725 -3982//-2985 
f -1973//-3173 -3795//-2142 -3092//-2143 
f -3795//-2142 -1973//-3173 -1542//-3415 
f -1972//-1273 -3831//-3464 -2141//-2588 
f -3831//-3464 -1972//-1273 -1470//-853 
f -4078//-1344 -2956//-2247 -1971//-890 
f -1771//-889 -1971//-890 -2956//-2247 
f -732//-45 -1970//-884 -3209//-1744 
f -3774//-1743 -3209//-1744 -1970//-884 
f -3053//-3622 -3694//-2223 -1969//-3555 
f -1266//-3554 -1969//-3555 -3694//-2223 
f -3588//-3695 -3534//-3696 -1968//-3309 
f -2407//-1448 -1968//-3309 -3534//-3696 
f -3600//-861 -3113//-3320 -1967//-2620 
f -2415//-2619 -1967//-2620 -3113//-3320 
f -1811//-851 -1966//-1540 -2400//-3345 
f -3202//-3347 -2400//-3345 -1966//-1540 
f -3223//-4024 -2270//-3565 -1965//-3566 
f -1965//-3566 -1257//-2207 -6//-712 
f -2371//-3164 -1964//-2705 -3375//-2862 
f -3892//-2861 -3375//-2862 -1964//-2705 
f -244//-1457 -2944//-3467 -1963//-1455 
f -1946//-1910 -1963//-1455 -328//-312 
f -240//-321 -3902//-2230 -1962//-3850 
f -1941//-1758 -1962//-3850 -329//-2234 
f -247//-837 -3889//-838 -1961//-2002 
f -1947//-2001 -1961//-2002 -331//-3409 
f -1944//-2702 -1960//-1453 -330//-311 
f -243//-1452 -2943//-3427 -1960//-1453 
f -239//-1968 -3466//-653 -1959//-1965 
f -2078//-1218 -1959//-1965 -332//-1220 
f -1940//-2980 -1958//-1450 -326//-308 
f -246//-1449 -2940//-3880 -1958//-1450 
f -1948//-3839 -1957//-1618 -324//-309 
f -242//-2656 -2941//-3048 -1957//-1618 
f -1942//-2239 -1956//-1615 -325//-307 
f -245//-2948 -2939//-3492 -1956//-1615 
f -1938//-2615 -1955//-2275 -327//-3575 
f -237//-1609 -2942//-1610 -1955//-2275 
f -1939//-2251 -1954//-2872 -323//-554 
f -248//-3573 -3739//-3574 -1954//-2872 
f -2790//-2807 -3098//-2808 -1953//-903 
f -1556//-2219 -1953//-903 -3098//-2808 
f -2913//-3817 -3564//-918 -1952//-2329 
f -1950//-3034 -1952//-2329 -3564//-918 
f -1949//-904 -1951//-977 -3879//-2213 
f -2137//-2212 -3879//-2213 -1951//-977 
f -2172//-1556 -1950//-3034 -2789//-1558 
f -3564//-918 -2789//-1558 -1950//-3034 
f -1953//-903 -1949//-904 -2790//-2807 
f -3879//-2213 -2790//-2807 -1949//-904 
f -324//-309 -3458//-1011 -1948//-3839 
f -1920//-3838 -1948//-3839 -280//-3878 
f -1918//-1998 -1947//-2001 -281//-301 
f -331//-3409 -2935//-3410 -1947//-2001 
f -328//-312 -3893//-1025 -1946//-1910 
f -1922//-267 -1946//-1910 -273//-2870 
f -1270//-2313 -2934//-2314 -1945//-1694 
f -1917//-1695 -1945//-1694 -279//-300 
f -330//-311 -3856//-1019 -1944//-2702 
f -1912//-265 -1944//-2702 -275//-3656 
f -1914//-3959 -1943//-3960 -282//-3377 
f -1269//-978 -2964//-3619 -1943//-3960 
f -325//-307 -3459//-2456 -1942//-2239 
f -1913//-2238 -1942//-2239 -276//-3644 
f -1921//-1755 -1941//-1758 -278//-303 
f -329//-2234 -2937//-2235 -1941//-1758 
f -326//-308 -3916//-420 -1940//-2980 
f -1916//-266 -1940//-2980 -277//-3498 
f -323//-554 -2936//-553 -1939//-2251 
f -1919//-2874 -1939//-2251 -274//-1284 
f -327//-3575 -3745//-310 -1938//-2615 
f -1915//-2614 -1938//-2615 -272//-3053 
f -1963//-1455 -1937//-249 -244//-1457 
f -201//-3336 -2862//-3337 -1937//-249 
f -1556//-2219 -1936//-2220 -241//-1954 
f -205//-297 -3905//-987 -1936//-2220 
f -204//-3153 -2863//-3154 -1935//-250 
f -1960//-1453 -1935//-250 -243//-1452 
f -202//-3953 -2861//-3954 -1934//-248 
f -1958//-1450 -1934//-248 -246//-1449 
f -200//-299 -3521//-1399 -1933//-3405 
f -1961//-2002 -1933//-3405 -247//-837 
f -203//-3259 -2949//-3260 -1932//-1331 
f -1962//-3850 -1932//-1331 -240//-321 
f -208//-296 -3899//-1611 -1931//-2276 
f -1955//-2275 -1931//-2276 -237//-1609 
f -1956//-1615 -1930//-1616 -245//-2948 
f -210//-844 -3304//-997 -1930//-1616 
f -1959//-1965 -1929//-247 -239//-1968 
f -207//-1288 -2860//-1289 -1929//-247 
f -212//-405 -3836//-298 -1928//-2873 
f -1954//-2872 -1928//-2873 -248//-3573 
f -209//-845 -3305//-1000 -1927//-1619 
f -1957//-1618 -1927//-1619 -242//-2656 
f -211//-3711 -2903//-3591 -1926//-3713 
f -1555//-1976 -1926//-3713 -238//-1974 
f -1925//-3772 -4138//-4093 -3430//-262 
f -1277//-2125 -1925//-3772 -3430//-262 
f -1924//-2892 -3757//-3462 -2718//-3795 
f -3757//-3462 -1924//-2892 -1899//-2893 
f -1283//-2104 -4131//-4092 -1923//-1109 
f -4138//-4093 -1923//-1109 -4131//-4092 
f -1932//-1331 -1922//-267 -203//-3259 
f -273//-2870 -2902//-3633 -1922//-267 
f -278//-303 -3624//-3658 -1921//-1755 
f -1935//-250 -1921//-1755 -204//-3153 
f -280//-3878 -2930//-3879 -1920//-3838 
f -1936//-2220 -1920//-3838 -205//-297 
f -1929//-247 -1919//-2874 -207//-1288 
f -274//-1284 -3894//-302 -1919//-2874 
f -1934//-248 -1918//-1998 -202//-3953 
f -281//-301 -3677//-3182 -1918//-1998 
f -279//-300 -3608//-3636 -1917//-1695 
f -1937//-249 -1917//-1695 -201//-3336 
f -277//-3498 -2901//-3613 -1916//-266 
f -1927//-1619 -1916//-266 -209//-845 
f -272//-3053 -2931//-1337 -1915//-2614 
f -1928//-2873 -1915//-2614 -212//-405 
f -282//-3377 -2929//-3378 -1914//-3959 
f -1931//-2276 -1914//-3959 -208//-296 
f -1933//-3405 -1913//-2238 -200//-299 
f -276//-3644 -2932//-3645 -1913//-2238 
f -275//-3656 -2900//-3657 -1912//-265 
f -1930//-1616 -1912//-265 -210//-844 
f -3338//-3203 -1911//-3676 -1545//-3677 
f -1911//-3676 -3338//-3203 -2519//-2846 
f -2713//-4054 -4056//-3792 -1910//-2005 
f -1427//-2004 -1910//-2005 -4056//-3792 
f -3179//-2318 -1909//-3796 -1894//-1714 
f -1909//-3796 -3179//-2318 -4005//-2319 
f -1281//-2094 -4125//-3759 -1908//-1107 
f -4138//-4093 -1908//-1107 -4125//-3759 
f -1280//-2087 -1907//-3983 -4113//-1104 
f -4138//-4093 -4113//-1104 -1907//-3983 
f -4138//-4093 -1906//-1098 -4114//-3985 
f -1278//-2078 -4114//-3985 -1906//-1098 
f -1905//-1100 -4112//-3980 -4138//-4093 
f -1282//-2072 -4112//-3980 -1905//-1100 
f -1279//-2066 -1904//-4064 -4135//-1095 
f -4138//-4093 -4135//-1095 -1904//-4064 
f -1903//-2340 -2508//-2343 -3764//-1720 
f -2508//-2343 -1903//-2340 -1891//-2341 
f -4011//-2921 -1902//-3903 -2705//-3904 
f -1902//-3903 -4011//-2921 -3004//-2468 
f -1271//-686 -1901//-687 -3699//-2935 
f -2903//-3591 -211//-3711 -701//-3593 
f -1898//-1978 -1900//-4011 -3743//-2266 
f -3485//-2865 -1061//-2866 -1900//-4011 
f -2711//-3461 -1899//-2893 -1890//-1232 
f -1899//-2893 -2711//-3461 -3757//-3462 
f -3115//-3364 -1898//-1978 -2551//-1994 
f -3115//-3364 -1424//-3365 -1898//-1978 
f -1553//-69 -1897//-2326 -2968//-344 
f -2496//-343 -2968//-344 -1897//-2326 
f -980//-614 -1896//-4009 -3149//-615 
f -2421//-4007 -1081//-1269 -1896//-4009 
f -1895//-245 -616//-246 -751//-2827 
f -664//-161 -1895//-245 -2857//-1084 
f -3861//-3693 -1894//-1714 -1838//-1717 
f -1894//-1714 -3861//-3693 -3179//-2318 
f -2366//-2265 -1893//-1136 -3182//-2930 
f -4109//-3787 -3182//-2930 -1893//-1136 
f -3803//-4100 -980//-614 -1892//-613 
f -1892//-613 -2570//-4099 -3803//-4100 
f -3318//-3675 -1891//-2341 -1784//-1589 
f -1891//-2341 -3318//-3675 -2508//-2343 
f -3454//-1188 -1890//-1232 -1044//-1189 
f -1890//-1232 -3454//-1188 -2711//-3461 
f -2116//-1490 -1889//-1491 -4047//-2374 
f -3371//-3023 -4047//-2374 -1889//-1491 
f -3994//-690 -2570//-4099 -1888//-3362 
f -1888//-3362 -1117//-2832 -3994//-690 
f -686//-4 -1887//-189 -3333//-3639 
f -3792//-2425 -3333//-3639 -1887//-189 
f -366//-1828 -350//-1829 -339//-2776 
f -3153//-3503 -1886//-3972 -1418//-3973 
f -364//-1810 -346//-1811 -338//-2761 
f -4073//-3524 -1885//-1497 -1411//-1498 
f -4074//-3517 -1884//-1676 -1421//-1677 
f -368//-1834 -348//-1835 -335//-2794 
f -4071//-3512 -1883//-2522 -1413//-2523 
f -370//-1846 -347//-1847 -334//-2770 
f -4069//-3509 -1882//-3714 -2108//-3715 
f -369//-1822 -349//-1823 -336//-2758 
f -4070//-3528 -1881//-1077 -1420//-1078 
f -365//-1816 -344//-1817 -337//-2788 
f -367//-1843 -345//-1844 -333//-2782 
f -4068//-3529 -1880//-1501 -1414//-1502 
f -1196//-1528 -1879//-2203 -3605//-965 
f -1286//-7 -3605//-965 -1879//-2203 
f -1878//-2805 -3004//-2468 -1331//-886 
f -3004//-2468 -1878//-2805 -1902//-3903 
f -1877//-2920 -2705//-3904 -4031//-1646 
f -2705//-3904 -1877//-2920 -4011//-2921 
f -3617//-1729 -1876//-2636 -1861//-3784 
f -1876//-2636 -3617//-1729 -2994//-1712 
f -1875//-3564 -3071//-2396 -1287//-966 
f -3071//-2396 -1875//-3564 -2081//-3157 
f -3069//-3204 -3808//-2483 -1874//-1118 
f -1200//-1481 -1874//-1118 -3808//-2483 
f -2565//-1193 -3661//-1194 -1873//-4040 
f -1256//-366 -1873//-4040 -3661//-1194 
f -1910//-2005 -1872//-804 -2713//-4054 
f -3915//-4053 -2713//-4054 -1872//-804 
f -2150//-3673 -1871//-3166 -3955//-1037 
f -3613//-913 -3955//-1037 -1871//-3166 
f -3155//-627 -1870//-3771 -1394//-3191 
f -170//-485 -290//-1836 -318//-626 
f -173//-491 -286//-1818 -320//-621 
f -3152//-620 -1869//-3754 -1405//-2919 
f -4072//-623 -1868//-3764 -1403//-3549 
f -174//-489 -288//-1830 -319//-622 
f -3154//-624 -1867//-3745 -1395//-2813 
f -171//-488 -289//-1839 -315//-625 
f -169//-487 -287//-1848 -317//-619 
f -3151//-618 -1866//-3757 -1392//-1255 
f -172//-486 -291//-1824 -316//-628 
f -3156//-629 -1865//-3750 -1399//-778 
f -175//-490 -285//-1812 -314//-616 
f -3150//-617 -1864//-3767 -1402//-3041 
f -4031//-1646 -1863//-1645 -1877//-2920 
f -1863//-1645 -4031//-1646 -1821//-897 
f -1568//-1345 -3202//-3347 -1862//-684 
f -1966//-1540 -1862//-684 -3202//-3347 
f -1861//-3784 -2992//-1730 -3617//-1729 
f -2992//-1730 -1861//-3784 -1783//-3785 
f -568//-566 -311//-2760 -256//-610 
f -4026//-609 -1860//-3538 -1389//-3539 
f -4027//-599 -1859//-4130 -1381//-4131 
f -567//-567 -312//-2787 -255//-600 
f -562//-560 -309//-2775 -254//-611 
f -4022//-612 -1858//-3504 -1384//-1264 
f -565//-571 -306//-2769 -253//-604 
f -4024//-603 -1857//-3513 -1383//-3279 
f -4025//-602 -1856//-4073 -1385//-4074 
f -564//-569 -308//-2793 -252//-601 
f -4023//-606 -1855//-3510 -1378//-2415 
f -563//-563 -310//-2757 -250//-605 
f -4028//-608 -1854//-3995 -1377//-3996 
f -566//-562 -307//-2781 -251//-607 
f -2791//-3550 -3541//-3896 -1853//-2628 
f -1746//-3304 -1853//-2628 -3541//-3896 
f -1852//-3608 -3196//-673 -1513//-3607 
f -1079//-2044 -1102//-2043 -3196//-673 
f -1076//-2036 -1095//-2035 -3190//-714 
f -1851//-3006 -3190//-714 -1518//-3606 
f -1850//-1620 -3193//-669 -1524//-3684 
f -1077//-2474 -1100//-2472 -3193//-669 
f -1070//-2022 -1093//-2021 -3189//-1341 
f -1849//-3680 -3189//-1341 -1526//-3679 
f -1848//-3425 -3185//-718 -1521//-3424 
f -1072//-2473 -1091//-2040 -3185//-718 
f -1074//-2049 -1089//-2017 -3184//-719 
f -1847//-3011 -3184//-719 -1517//-3994 
f -1075//-2026 -1090//-2025 -3186//-2492 
f -1846//-3003 -3186//-2492 -1520//-3002 
f -1845//-3008 -3183//-722 -1519//-3007 
f -1069//-2033 -1098//-2019 -3183//-722 
f -1071//-2748 -1094//-2032 -3195//-4076 
f -1844//-1596 -3195//-4076 -1523//-4077 
f -1843//-3422 -3192//-667 -1525//-3421 
f -1068//-2041 -1092//-2029 -3192//-667 
f -1842//-3557 -3194//-717 -1515//-3556 
f -1078//-2052 -1096//-2051 -3194//-717 
f -1841//-3560 -3188//-1594 -1516//-3559 
f -1073//-2749 -1099//-2747 -3188//-1594 
f -1067//-2058 -1097//-2056 -3187//-715 
f -1840//-3014 -3187//-715 -1514//-3490 
f -1066//-2057 -1101//-2048 -3191//-665 
f -1839//-3486 -3191//-665 -1522//-3485 
f -1838//-1717 -2915//-2718 -3861//-3693 
f -2915//-2718 -1838//-1717 -1748//-1708 
f -1837//-4039 -2994//-1712 -3988//-1711 
f -2994//-1712 -1837//-4039 -1876//-2636 
f -1096//-2051 -1073//-2749 -4035//-3561 
f -1836//-670 -4035//-3561 -1577//-2149 
f -1835//-672 -3925//-3488 -1583//-3489 
f -1102//-2043 -1067//-2058 -3925//-3488 
f -1100//-2472 -1072//-2473 -4061//-3426 
f -1834//-668 -4061//-3426 -1579//-1621 
f -1833//-660 -4019//-3487 -1572//-2364 
f -1097//-2056 -1066//-2057 -4019//-3487 
f -1099//-2747 -1071//-2748 -3577//-1597 
f -1832//-661 -3577//-1597 -2613//-1595 
f -1831//-664 -3924//-3992 -1582//-3993 
f -1101//-2048 -1074//-2049 -3924//-3992 
f -1089//-2017 -1078//-2052 -4055//-3558 
f -1830//-657 -4055//-3558 -1581//-2885 
f -1829//-671 -3923//-3009 -1574//-4078 
f -1094//-2032 -1069//-2033 -3923//-3009 
f -1828//-663 -4044//-3609 -1573//-2416 
f -1095//-2035 -1079//-2044 -4044//-3609 
f -1098//-2019 -1070//-2022 -1827//-3681 
f -4067//-656 -1827//-3681 -1580//-3357 
f -1826//-662 -3921//-3004 -2612//-1342 
f -1093//-2021 -1075//-2026 -3921//-3004 
f -1092//-2029 -1076//-2036 -3922//-3604 
f -1825//-666 -3922//-3604 -1578//-3605 
f -1824//-659 -4057//-3682 -1576//-3683 
f -1090//-2025 -1077//-2474 -4057//-3682 
f -1091//-2040 -1068//-2041 -4006//-3423 
f -1823//-658 -4006//-3423 -1575//-2373 
f -2675//-2064 -1822//-1395 -1820//-3822 
f -1822//-1395 -2675//-2064 -3839//-1475 
f -3331//-3542 -1821//-897 -4122//-3544 
f -1821//-897 -3331//-3542 -1863//-1645 
f -1820//-3822 -3311//-2061 -2675//-2064 
f -3311//-2061 -1820//-3822 -1785//-3823 
f -3140//-3987 -1819//-1046 -1369//-1047 
f -660//-1861 -197//-1862 -168//-1858 
f -659//-1864 -198//-1865 -167//-1867 
f -3146//-4061 -1818//-3292 -1373//-3293 
f -3143//-3978 -1817//-1064 -1364//-1065 
f -662//-1855 -195//-1856 -166//-1852 
f -3141//-4113 -1816//-770 -1371//-771 
f -663//-1879 -196//-1880 -165//-1876 
f -3142//-3981 -1815//-1243 -1362//-1244 
f -658//-1873 -193//-1874 -164//-1870 
f -657//-1882 -194//-1883 -163//-1885 
f -3144//-4116 -1814//-1070 -1361//-1071 
f -661//-1888 -199//-1889 -162//-1891 
f -3145//-4096 -1813//-1052 -1360//-1053 
f -3055//-2828 -882//-2694 -750//-2830 
f -746//-1524 -3211//-698 -1812//-2697 
f -2400//-3345 -2496//-343 -1811//-851 
f -1897//-2326 -1811//-851 -2496//-343 
f -1//-733 -1810//-1259 -3241//-13 
f -1810//-1259 -1//-733 -2001//-1482 
f -2375//-1489 -1809//-735 -3242//-14 
f -1809//-735 -2375//-1489 -1999//-2551 
f -93//-2685 -189//-2686 -220//-1825 
f -3133//-3749 -1808//-3301 -1372//-3302 
f -3162//-638 -1807//-4097 -1397//-4082 
f -679//-497 -128//-1890 -78//-639 
f -3129//-3770 -1806//-1237 -1363//-1238 
f -95//-2678 -188//-2679 -217//-1837 
f -97//-2669 -190//-2670 -216//-1831 
f -3130//-3763 -1805//-1249 -1367//-1250 
f -677//-494 -122//-1857 -77//-641 
f -3163//-640 -1804//-3988 -1404//-3440 
f -3127//-3756 -1803//-4089 -1366//-4090 
f -99//-2666 -187//-2667 -215//-1849 
f -3164//-643 -1802//-4127 -1398//-4128 
f -680//-504 -125//-1851 -76//-642 
f -3132//-3766 -1801//-763 -1370//-767 
f -94//-2692 -184//-2693 -219//-1813 
f -1551//-2222 -1800//-3623 -2995//-878 
f -3707//-703 -2995//-878 -1800//-3623 
f -96//-2681 -185//-2682 -218//-1819 
f -3128//-3753 -1799//-1058 -1365//-1059 
f -98//-2673 -186//-2674 -214//-1840 
f -3131//-3744 -1798//-760 -1368//-761 
f -682//-498 -124//-1869 -74//-636 
f -3161//-637 -1797//-4133 -1396//-4134 
f -681//-493 -123//-1884 -75//-631 
f -3158//-630 -1796//-4117 -1400//-2452 
f -3159//-632 -1795//-4114 -1401//-3063 
f -678//-500 -127//-1875 -73//-633 
f -683//-502 -126//-1866 -72//-634 
f -3160//-635 -1794//-4062 -1393//-775 
f -1303//-40 -1793//-2267 -2590//-852 
f -2542//-53 -2590//-852 -1793//-2267 
f -522//-1799 -43//-1800 -67//-1796 
f -3964//-2688 -1792//-2388 -1422//-2389 
f -3963//-2675 -1791//-1467 -1412//-1468 
f -526//-1787 -46//-1788 -66//-1784 
f -523//-1766 -45//-1767 -65//-1769 
f -3965//-2683 -1790//-1507 -1419//-1508 
f -3969//-2676 -1789//-1933 -1417//-1934 
f -528//-1775 -42//-1776 -63//-1772 
f -525//-1781 -41//-1782 -64//-1778 
f -3967//-2671 -1788//-1260 -1415//-1261 
f -3966//-2663 -1787//-3568 -1055//-3569 
f -527//-1763 -44//-1764 -62//-1760 
f -3968//-2690 -1786//-1470 -1416//-1471 
f -524//-1793 -40//-1794 -61//-1790 
f -2599//-3624 -1785//-3823 -1755//-704 
f -1785//-3823 -2599//-3624 -3311//-2061 
f -2633//-869 -1784//-1589 -1591//-2841 
f -1784//-1589 -2633//-869 -3318//-3675 
f -3837//-1750 -1783//-3785 -1741//-2617 
f -1783//-3785 -3837//-1750 -2992//-1730 
f -3839//-1475 -1782//-3305 -1822//-1395 
f -1782//-3305 -3839//-1475 -1853//-2628 
f -3988//-1711 -1781//-3332 -1837//-4039 
f -1781//-3332 -3988//-1711 -2191//-3334 
f -3851//-578 -1780//-3775 -1380//-3776 
f -158//-429 -103//-1771 -151//-577 
f -157//-426 -100//-1777 -150//-580 
f -3849//-579 -1779//-2958 -1387//-2959 
f -3848//-573 -1778//-2664 -1376//-732 
f -156//-427 -104//-1759 -149//-574 
f -160//-435 -105//-1789 -148//-584 
f -3854//-583 -1777//-4013 -1382//-4014 
f -1820//-3822 -3519//-1393 -1776//-3824 
f -1588//-2099 -1776//-3824 -3519//-1393 
f -3852//-576 -1775//-3664 -1388//-3665 
f -155//-424 -101//-1768 -152//-575 
f -161//-434 -106//-1795 -146//-586 
f -3853//-585 -1774//-2689 -1379//-1266 
f -3850//-582 -1773//-3455 -1386//-3456 
f -159//-431 -102//-1783 -147//-581 
f -429//-691 -1772//-340 -70//-3 
f -1262//-36 -70//-3 -1772//-340 
f -1262//-36 -1771//-889 -3996//-2479 
f -2956//-2247 -3996//-2479 -1771//-889 
f -3010//-3774 -1770//-1574 -3944//-3519 
f -2335//-3104 -3944//-3519 -1770//-1574 
f -3005//-3761 -3791//-1567 -1769//-3500 
f -2336//-3095 -1769//-3500 -3791//-1567 
f -3006//-3751 -1768//-1579 -3947//-3526 
f -2339//-3119 -3947//-3526 -1768//-1579 
f -3007//-3758 -1767//-1571 -3945//-3515 
f -2338//-3110 -3945//-3515 -1767//-1571 
f -3008//-3746 -1766//-1564 -3946//-3531 
f -2337//-3113 -3946//-3531 -1766//-1564 
f -3009//-3747 -1765//-1561 -3942//-3506 
f -2340//-3092 -3942//-3506 -1765//-1561 
f -3011//-3768 -1764//-1576 -3941//-3522 
f -2334//-3086 -3941//-3522 -1764//-1576 
f -1763//-3689 -3487//-650 -2234//-2440 
f -716//-649 -707//-1290 -1291//-1704 
f -895//-2432 -1762//-2090 -986//-2 
f -1319//-1134 -986//-2 -1762//-2090 
f -916//-2108 -3654//-3901 -2581//-648 
f -1761//-922 -2581//-648 -3904//-2922 
f -1431//-2984 -1760//-2294 -2986//-1121 
f -4097//-1030 -2986//-1121 -1760//-2294 
f -2864//-1952 -3260//-4035 -1759//-1661 
f -1209//-1662 -1759//-1661 -3260//-4035 
f -1758//-3545 -4128//-973 -3372//-974 
f -1758//-3545 -2287//-111 -4128//-973 
f -2110//-1582 -1757//-1584 -3573//-3165 
f -3079//-2241 -3573//-3165 -1757//-1584 
f -2258//-1684 -1756//-1201 -2562//-43 
f -2470//-188 -2562//-43 -1756//-1201 
f -1755//-704 -3707//-703 -2599//-3624 
f -3707//-703 -1755//-704 -1637//-2117 
f -2813//-2970 -1754//-1217 -1349//-367 
f -685//-651 -699//-1 -3907//-1219 
f -694//-555 -656//-1286 -2936//-553 
f -3117//-4105 -1753//-1082 -1351//-4107 
f -739//-445 -3277//-3478 -1752//-792 
f -3277//-3478 -809//-20 -669//-197 
f -738//-451 -2418//-3138 -1751//-790 
f -2418//-3138 -812//-19 -673//-194 
f -737//-3402 -2603//-2738 -1750//-57 
f -2603//-2738 -813//-729 -674//-730 
f -740//-449 -3276//-3729 -1749//-791 
f -3276//-3729 -810//-16 -675//-191 
f -3611//-2717 -1748//-1708 -1586//-1707 
f -1748//-1708 -3611//-2717 -2915//-2718 
f -1747//-3333 -3306//-847 -3703//-2106 
f -3306//-847 -1747//-3333 -1727//-3150 
f -1746//-3304 -2597//-2295 -3701//-3306 
f -2597//-2295 -1746//-3304 -1652//-3897 
f -2135//-1709 -1745//-2752 -3869//-859 
f -2871//-253 -3869//-859 -1745//-2752 
f -2631//-2742 -3952//-529 -1744//-2744 
f -1111//-3946 -1744//-2744 -3952//-529 
f -537//-1893 -1376//-732 -1743//-2662 
f -3648//-877 -1743//-2662 -1055//-3569 
f -2856//-3964 -1742//-1085 -3840//-4006 
f -2626//-3466 -3840//-4006 -1742//-1085 
f -1741//-2617 -3114//-1746 -3837//-1750 
f -3114//-1746 -1741//-2617 -1584//-3131 
f -569//-1969 -653//-652 -3466//-653 
f -3180//-3708 -1740//-3475 -2905//-3710 
f -1739//-185 -2804//-208 -3793//-1043 
f -521//-1042 -519//-3289 -321//-10 
f -1738//-165 -2794//-164 -3397//-2350 
f -515//-2231 -520//-2233 -329//-2234 
f -514//-968 -518//-2312 -1270//-2313 
f -1737//-162 -2793//-2317 -3395//-802 
f -491//-3442 -517//-1015 -322//-11 
f -1736//-168 -2795//-167 -3758//-2929 
f -498//-3881 -512//-422 -326//-308 
f -1735//-868 -3026//-258 -3455//-2335 
f -485//-839 -502//-3408 -331//-3409 
f -1734//-260 -2880//-2849 -3512//-1369 
f -505//-3428 -511//-1021 -330//-311 
f -1733//-173 -2797//-175 -3396//-2356 
f -494//-3049 -516//-1013 -324//-309 
f -1732//-170 -2796//-172 -3393//-2517 
f -492//-2943 -493//-3621 -1269//-978 
f -1731//-183 -2800//-182 -3596//-2411 
f -490//-3493 -497//-2458 -325//-307 
f -1730//-177 -2798//-176 -3578//-2511 
f -461//-3468 -488//-1027 -328//-312 
f -1729//-180 -2799//-179 -3398//-2451 
f -513//-3576 -504//-3055 -3745//-310 
f -3208//-693 -1728//-2898 -1342//-692 
f -4076//-1995 -1727//-3150 -837//-52 
f -1727//-3150 -4076//-1995 -3306//-847 
f -600//-1495 -586//-536 -2472//-537 
f -3833//-233 -1726//-2602 -416//-2526 
f -608//-1075 -587//-238 -3413//-230 
f -3903//-237 -1725//-2878 -421//-1904 
f -606//-1505 -591//-539 -2473//-540 
f -3843//-240 -1724//-2640 -428//-2641 
f -601//-2379 -589//-533 -2471//-534 
f -4013//-235 -1723//-3247 -427//-3248 
f -3486//-411 -1722//-2252 -1352//-274 
f -609//-1285 -560//-412 -3894//-302 
f -3017//-3186 -1721//-2486 -1290//-2487 
f -605//-406 -655//-1336 -3836//-298 
f -570//-3592 -559//-1973 -238//-1974 
f -1720//-207 -2830//-206 -3406//-2092 
f -1163//-3399 -4106//-695 -1719//-2112 
f -1718//-696 -1719//-2112 -4106//-695 
f -3867//-2745 -3210//-3947 -1718//-696 
f -1719//-2112 -1718//-696 -3210//-3947 
f -1682//-3883 -1717//-3662 -4095//-1422 
f -4054//-1421 -4095//-1422 -1717//-3662 
f -1676//-3803 -1716//-1753 -4099//-2799 
f -3623//-1751 -4099//-2799 -1716//-1753 
f -1674//-3938 -1715//-2548 -3823//-1486 
f -3166//-2550 -3823//-1486 -1715//-2548 
f -1673//-3495 -1714//-3548 -4101//-1484 
f -4033//-1483 -4101//-1484 -1714//-3548 
f -1679//-3717 -1713//-2661 -4104//-1419 
f -3847//-1418 -4104//-1419 -1713//-2661 
f -1678//-3910 -1712//-1931 -3804//-2470 
f -3168//-3280 -3804//-2470 -1712//-1931 
f -1671//-3876 -1711//-1922 -4093//-1432 
f -3167//-3458 -4093//-1432 -1711//-1922 
f -1681//-3905 -1710//-2376 -4037//-1516 
f -3773//-1515 -4037//-1516 -1710//-2376 
f -1677//-3297 -1709//-3778 -4075//-1444 
f -3960//-1443 -4075//-1444 -1709//-3778 
f -1675//-3844 -1708//-3927 -4088//-1382 
f -3931//-1381 -4088//-1382 -1708//-3927 
f -1672//-3849 -1707//-2370 -4009//-1314 
f -3445//-2879 -4009//-1314 -1707//-2370 
f -1680//-3040 -1706//-3537 -4102//-1385 
f -4030//-1384 -4102//-1385 -1706//-3537 
f -3980//-1427 -2659//-1428 -1705//-3918 
f -1669//-2954 -1705//-3918 -2659//-1428 
f -1670//-3194 -1704//-3887 -4111//-1438 
f -3936//-1437 -4111//-1438 -1704//-3887 
f -506//-1020 -486//-3655 -275//-3656 
f -1703//-152 -2785//-174 -3767//-2357 
f -509//-3392 -487//-3618 -221//-3394 
f -1702//-148 -2783//-169 -3394//-1549 
f -507//-1023 -464//-3660 -278//-303 
f -1701//-150 -2784//-166 -3734//-1024 
f -508//-3288 -477//-1004 -222//-726 
f -1700//-146 -2782//-186 -3389//-2429 
f -510//-1017 -466//-3638 -279//-300 
f -1699//-144 -2781//-163 -3756//-1018 
f -499//-2457 -473//-3643 -276//-3644 
f -1698//-154 -2786//-178 -3390//-1598 
f -503//-421 -475//-3615 -277//-3498 
f -1697//-866 -3317//-419 -3762//-264 
f -1696//-2402 -3212//-259 -3779//-2398 
f -501//-701 -481//-3184 -281//-301 
f -496//-1012 -444//-3877 -280//-3878 
f -1695//-142 -2780//-171 -3815//-1900 
f -1694//-156 -2787//-184 -3391//-2150 
f -489//-3620 -456//-3376 -282//-3377 
f -468//-1026 -440//-3635 -273//-2870 
f -1693//-158 -2788//-181 -3664//-1028 
f -543//-295 -548//-3019 -1605//-1265 
f -1692//-2386 -3477//-294 -2479//-520 
f -540//-293 -553//-2609 -1599//-2504 
f -1691//-1674 -3835//-291 -588//-292 
f -533//-285 -545//-2577 -1604//-1672 
f -1690//-1465 -3828//-284 -2481//-523 
f -539//-290 -547//-2652 -1602//-1263 
f -1689//-2437 -3476//-288 -590//-289 
f -535//-287 -552//-2506 -1596//-2507 
f -1688//-2581 -3829//-286 -2480//-519 
f -3775//-27 -1687//-26 -714//-2385 
f -558//-3021 -538//-521 -3409//-212 
f -3540//-28 -1686//-548 -715//-1473 
f -557//-2583 -541//-518 -3408//-214 
f -3499//-1895 -1685//-1330 -607//-1897 
f -551//-1326 -542//-228 -3412//-213 
f -3539//-30 -1684//-29 -713//-1464 
f -546//-2996 -532//-522 -3411//-216 
f -3413//-230 -1683//-1074 -608//-1075 
f -555//-2918 -544//-229 -3410//-215 
f -4095//-1422 -2671//-1423 -1682//-3883 
f -1650//-3062 -1682//-3883 -2671//-1423 
f -4037//-1516 -2664//-3872 -1681//-3905 
f -1647//-645 -1681//-3905 -2664//-3872 
f -4102//-1385 -2658//-1386 -1680//-3040 
f -1644//-3039 -1680//-3040 -2658//-1386 
f -1639//-644 -1679//-3717 -2670//-3299 
f -4104//-1419 -2670//-3299 -1679//-3717 
f -1651//-3909 -1678//-3910 -2662//-1040 
f -3804//-2470 -2662//-1040 -1678//-3910 
f -4075//-1444 -2663//-1445 -1677//-3297 
f -1640//-3296 -1677//-3297 -2663//-1445 
f -4099//-2799 -2667//-3251 -1676//-3803 
f -1646//-3571 -1676//-3803 -2667//-3251 
f -1643//-1164 -1675//-3844 -2665//-3438 
f -4088//-1382 -2665//-3438 -1675//-3844 
f -3823//-1486 -2669//-1487 -1674//-3938 
f -1638//-3937 -1674//-3938 -2669//-1487 
f -4101//-1484 -2666//-3721 -1673//-3495 
f -1648//-646 -1673//-3495 -2666//-3721 
f -4009//-1314 -2660//-1409 -1672//-3849 
f -1649//-3848 -1672//-3849 -2660//-1409 
f -1641//-3875 -1671//-3876 -2668//-1433 
f -4093//-1432 -2668//-1433 -1671//-3876 
f -1645//-3193 -1670//-3194 -2661//-1439 
f -4111//-1438 -2661//-1439 -1670//-3194 
f -2659//-1428 -3910//-1429 -1669//-2954 
f -1642//-2953 -1669//-2954 -3910//-1429 
f -3502//-408 -1668//-694 -1317//-102 
f -529//-3054 -561//-407 -2931//-1337 
f -1456//-2256 -3740//-1177 -1667//-2540 
f -808//-1179 -1667//-2540 -3740//-1177 
f -2654//-3439 -3445//-2879 -1666//-2371 
f -1707//-2370 -1666//-2371 -3445//-2879 
f -2646//-3300 -3166//-2550 -1665//-2549 
f -1715//-2548 -1665//-2549 -3166//-2550 
f -2648//-1407 -3960//-1443 -1664//-3975 
f -1709//-3778 -1664//-3975 -3960//-1443 
f -1704//-3887 -1663//-3888 -3936//-1437 
f -2653//-1413 -3936//-1437 -1663//-3888 
f -2647//-2796 -3623//-1751 -1662//-1754 
f -1716//-1753 -1662//-1754 -3623//-1751 
f -2644//-1402 -4033//-1483 -1661//-3920 
f -1714//-3548 -1661//-3920 -4033//-1483 
f -1706//-3537 -1660//-3923 -4030//-1384 
f -2652//-1373 -4030//-1384 -1660//-3923 
f -2651//-3252 -3773//-1515 -1659//-2945 
f -1710//-2376 -1659//-2945 -3773//-1515 
f -1711//-1922 -1658//-1923 -3167//-3458 
f -2643//-3873 -3167//-3458 -1658//-1923 
f -1708//-3927 -1657//-3928 -3931//-1381 
f -2649//-1372 -3931//-1381 -1657//-3928 
f -1712//-1931 -1656//-1932 -3168//-3280 
f -2650//-3722 -3168//-3280 -1656//-1932 
f -2642//-1415 -3980//-1427 -1655//-3919 
f -1705//-3918 -1655//-3919 -3980//-1427 
f -2641//-1410 -4054//-1421 -1654//-3663 
f -1717//-3662 -1654//-3663 -4054//-1421 
f -2645//-1405 -3847//-1418 -1653//-3933 
f -1713//-2661 -1653//-3933 -3847//-1418 
f -4097//-1030 -1652//-3897 -917//-1029 
f -1652//-3897 -4097//-1030 -2597//-2295 
f -2662//-1040 -2647//-2796 -1651//-3909 
f -1662//-1754 -1651//-3909 -2647//-2796 
f -2671//-1423 -2653//-1413 -1650//-3062 
f -1663//-3888 -1650//-3062 -2653//-1413 
f -1654//-3663 -1649//-3848 -2641//-1410 
f -2660//-1409 -2641//-1410 -1649//-3848 
f -2666//-3721 -2650//-3722 -1648//-646 
f -1656//-1932 -1648//-646 -2650//-3722 
f -2664//-3872 -2643//-3873 -1647//-645 
f -1658//-1923 -1647//-645 -2643//-3873 
f -1659//-2945 -1646//-3571 -2651//-3252 
f -2667//-3251 -2651//-3252 -1646//-3571 
f -2661//-1439 -2648//-1407 -1645//-3193 
f -1664//-3975 -1645//-3193 -2648//-1407 
f -2658//-1386 -2649//-1372 -1644//-3039 
f -1657//-3928 -1644//-3039 -2649//-1372 
f -2665//-3438 -2654//-3439 -1643//-1164 
f -1666//-2371 -1643//-1164 -2654//-3439 
f -1661//-3920 -1642//-2953 -2644//-1402 
f -3910//-1429 -2644//-1402 -1642//-2953 
f -2668//-1433 -2645//-1405 -1641//-3875 
f -1653//-3933 -1641//-3875 -2645//-1405 
f -1655//-3919 -1640//-3296 -2642//-1415 
f -2663//-1445 -2642//-1415 -1640//-3296 
f -1665//-2549 -1639//-644 -2646//-3300 
f -2670//-3299 -2646//-3300 -1639//-644 
f -1660//-3923 -1638//-3937 -2652//-1373 
f -2669//-1487 -2652//-1373 -1638//-3937 
f -1637//-2117 -3215//-2120 -3707//-703 
f -3215//-2120 -1637//-2117 -1571//-2118 
f -450//-988 -476//-3443 -241//-1954 
f -1636//-130 -2773//-131 -3384//-2242 
f -472//-55 -495//-969 -283//-970 
f -1635//-2316 -2593//-2824 -3281//-2825 
f -460//-990 -483//-3429 -243//-1452 
f -1634//-135 -2776//-134 -3385//-993 
f -442//-1190 -482//-3882 -246//-1449 
f -1633//-257 -2877//-256 -2876//-1191 
f -454//-1400 -478//-840 -247//-837 
f -1632//-2848 -3302//-2850 -2469//-2994 
f -462//-1612 -484//-1608 -237//-1609 
f -1631//-35 -3022//-415 -3583//-2556 
f -447//-2809 -469//-2944 -284//-2811 
f -1630//-132 -2775//-133 -3386//-1653 
f -455//-998 -445//-3494 -245//-2948 
f -1629//-136 -2777//-137 -3387//-996 
f -436//-1001 -443//-3050 -242//-2656 
f -1628//-138 -2778//-139 -3388//-1003 
f -480//-983 -433//-3469 -244//-1457 
f -1627//-128 -2772//-129 -3382//-982 
f -432//-984 -471//-2232 -240//-321 
f -1626//-140 -2779//-141 -3383//-2351 
f -423//-2660 -405//-219 -3783//-551 
f -3920//-218 -1625//-1067 -399//-1068 
f -428//-2641 -412//-239 -3843//-240 
f -3822//-225 -1624//-1061 -386//-1062 
f -427//-3248 -411//-234 -4013//-235 
f -3970//-221 -1623//-1073 -387//-2455 
f -3817//-227 -1622//-1055 -394//-1056 
f -416//-2526 -413//-232 -3833//-233 
f -421//-1904 -404//-236 -3903//-237 
f -3895//-223 -1621//-1049 -388//-1050 
f -1620//-2654 -3863//-275 -380//-280 
f -406//-774 -425//-2730 -1544//-1936 
f -414//-532 -424//-2816 -711//-1500 
f -1619//-1670 -3548//-758 -378//-759 
f -1618//-1686 -3606//-276 -379//-277 
f -403//-777 -426//-2998 -1543//-2999 
f -1617//-2502 -3549//-768 -372//-769 
f -409//-538 -417//-2645 -712//-1504 
f -1616//-2599 -3547//-765 -384//-766 
f -401//-535 -415//-24 -710//-1494 
f -1853//-2628 -1615//-1474 -2791//-3550 
f -4034//-2309 -2791//-3550 -1615//-1474 
f -430//-1287 -530//-1970 -2860//-1289 
f -3019//-3474 -1614//-2133 -2305//-2134 
f -3056//-1221 -3467//-1225 -1613//-3058 
f -1062//-3057 -1613//-3058 -3467//-1225 
f -438//-1953 -474//-989 -205//-297 
f -1612//-122 -2766//-143 -3662//-2926 
f -1611//-118 -2762//-145 -3799//-3198 
f -465//-3637 -463//-3335 -201//-3336 
f -470//-3617 -448//-994 -213//-160 
f -1610//-121 -2765//-149 -3781//-2406 
f -1609//-126 -2770//-147 -3768//-1005 
f -457//-3588 -467//-54 -206//-3590 
f -1608//-124 -2768//-867 -3680//-2333 
f -451//-3614 -452//-1002 -209//-845 
f -458//-3183 -446//-3952 -202//-3953 
f -1607//-255 -3763//-2403 -2846//-254 
f -479//-3634 -437//-3258 -203//-3259 
f -1606//-119 -2763//-159 -3766//-2722 
f -1605//-1265 -3927//-278 -543//-295 
f -379//-277 -393//-1685 -1618//-1686 
f -1604//-1672 -3881//-279 -533//-285 
f -378//-759 -398//-1669 -1619//-1670 
f -453//-1006 -459//-1401 -200//-299 
f -1603//-123 -2767//-155 -3801//-1007 
f -380//-280 -390//-2653 -1620//-2654 
f -1602//-1263 -3845//-281 -539//-290 
f -1601//-125 -2769//-153 -3814//-2907 
f -439//-3491 -434//-999 -210//-844 
f -435//-3659 -441//-3152 -204//-3153 
f -1600//-120 -2764//-151 -3718//-2915 
f -1599//-2504 -3812//-282 -540//-293 
f -372//-769 -391//-2501 -1617//-2502 
f -394//-1056 -374//-226 -3817//-227 
f -3409//-212 -1598//-3020 -558//-3021 
f -449//-1008 -431//-1613 -208//-296 
f -1597//-127 -2771//-157 -3715//-2153 
f -384//-766 -395//-2505 -1616//-2599 
f -1596//-2507 -3813//-283 -535//-287 
f -3411//-216 -1595//-2995 -546//-2996 
f -399//-1068 -385//-217 -3920//-218 
f -3408//-214 -1594//-2582 -557//-2583 
f -388//-1050 -375//-222 -3895//-223 
f -3412//-213 -1593//-1325 -551//-1326 
f -387//-2455 -376//-220 -3970//-221 
f -3410//-215 -1592//-2545 -555//-2918 
f -386//-1062 -373//-224 -3822//-225 
f -1591//-2841 -3888//-3350 -2633//-869 
f -3888//-3350 -1591//-2841 -1561//-2842 
f -2129//-1956 -1590//-2895 -3070//-484 
f -2656//-67 -3070//-484 -1590//-2895 
f -2879//-2844 -3433//-1119 -1589//-3580 
f -1107//-2485 -1589//-3580 -3433//-1119 
f -3519//-1393 -2827//-1391 -1588//-2099 
f -1346//-4034 -1588//-2099 -2827//-1391 
f -18//-48 -2812//-3064 -1587//-898 
f -1408//-900 -1587//-898 -2812//-3064 
f -1586//-1707 -3093//-3380 -3611//-2717 
f -3093//-3380 -1586//-1707 -1547//-1638 
f -6//-712 -3555//-209 -1585//-1636 
f -1585//-1636 -3555//-209 -871//-1529 
f -1584//-3131 -3561//-1745 -3114//-1746 
f -3561//-1745 -1584//-3131 -1557//-1398 
f -3225//-203 -4065//-1306 -1583//-3489 
f -1513//-3607 -1583//-3489 -4065//-1306 
f -1522//-3485 -1582//-3993 -4081//-1183 
f -3228//-204 -4081//-1183 -1582//-3993 
f -1517//-3994 -1581//-2885 -3896//-720 
f -3226//-201 -3896//-720 -1581//-2885 
f -2560//-42 -4085//-721 -1580//-3357 
f -1519//-3007 -1580//-3357 -4085//-721 
f -1524//-3684 -1579//-1621 -3586//-3940 
f -3227//-205 -3586//-3940 -1579//-1621 
f -3224//-202 -4060//-1212 -1578//-3605 
f -1525//-3421 -1578//-3605 -4060//-1212 
f -1515//-3556 -1577//-2149 -3714//-716 
f -2559//-41 -3714//-716 -1577//-2149 
f -2893//-1031 -3993//-1032 -1576//-3683 
f -1520//-3002 -1576//-3683 -3993//-1032 
f -1521//-3424 -1575//-2373 -3771//-1216 
f -2894//-1215 -3771//-1216 -1575//-2373 
f -3229//-200 -3672//-338 -1574//-4078 
f -1523//-4077 -1574//-4078 -3672//-338 
f -2896//-1309 -3784//-1310 -1573//-2416 
f -1518//-3606 -1573//-2416 -3784//-1310 
f -2895//-1186 -3769//-1187 -1572//-2364 
f -1514//-3490 -1572//-2364 -3769//-1187 
f -1571//-2118 -3887//-3028 -3215//-2120 
f -3887//-3028 -1571//-2118 -1558//-647 
f -2560//-42 -3503//-1340 -1570//-2493 
f -1178//-1338 -1570//-2493 -3503//-1340 
f -1181//-3861 -1569//-1279 -4058//-3863 
f -2559//-41 -4058//-3863 -1569//-1279 
f -3991//-4020 -1568//-1345 -3308//-2833 
f -1568//-1345 -3991//-4020 -3439//-3346 
f -2295//-2638 -1567//-2639 -3776//-3330 
f -3565//-2392 -3776//-3330 -1567//-2639 
f -1289//-37 -2542//-53 -1566//-2268 
f -1793//-2267 -1566//-2268 -2542//-53 
f -1563//-2804 -1565//-1270 -2601//-56 
f -3119//-558 -2601//-56 -1565//-1270 
f -3705//-2857 -3452//-1182 -1564//-2109 
f -15//-3400 -1564//-2109 -3452//-1182 
f -2601//-56 -4140//-2968 -1563//-2804 
f -1261//-2803 -1563//-2804 -4140//-2968 
f -3451//-1389 -1562//-3065 -1345//-483 
f -1562//-3065 -3451//-1389 -2576//-3067 
f -2708//-3349 -1561//-2842 -1466//-2003 
f -1561//-2842 -2708//-3349 -3888//-3350 
f -1560//-1477 -3055//-2828 -2792//-2829 
f -3055//-2828 -1560//-1477 -2568//-1479 
f -1872//-804 -1559//-805 -3915//-4053 
f -3343//-2973 -3915//-4053 -1559//-805 
f -1558//-647 -3172//-2840 -3504//-2246 
f -3172//-2840 -1558//-647 -1571//-2118 
f -3520//-3129 -1557//-1398 -1584//-3131 
f -1557//-1398 -3520//-3129 -3727//-1396 
f -241//-1954 -3731//-3441 -1556//-2219 
f -3731//-3441 -322//-11 -1556//-2219 
f -238//-1974 -2356//-1975 -1555//-1976 
f -2356//-1975 -321//-10 -1555//-1976 
f -1554//-3742 -3380//-3072 -1029//-980 
f -3380//-3072 -1554//-3742 -769//-3074 
f -2576//-3067 -2673//-3970 -1553//-69 
f -1897//-2326 -1553//-69 -2673//-3970 
f -3230//-1559 -4120//-1963 -1552//-3900 
f -192//-3899 -1552//-3900 -4120//-1963 
f -2995//-878 -3928//-879 -1551//-2222 
f -1114//-3827 -1551//-2222 -3928//-879 
f -3177//-2710 -1550//-1291 -1253//-1292 
f -1550//-1291 -3177//-2710 -2434//-2565 
f -2291//-2696 -1549//-2695 -1429//-2324 
f -1549//-2695 -2291//-2696 -1812//-2697 
f -1548//-3840 -3553//-3169 -2364//-3842 
f -3553//-3169 -1548//-3840 -2365//-872 
f -1547//-1638 -3415//-3379 -3093//-3380 
f -3415//-3379 -1547//-1638 -1440//-1639 
f -3204//-33 -1546//-2091 -701//-3593 
f -1546//-2091 -3204//-33 -3437//-2089 
f -3615//-4047 -2578//-4048 -1545//-3677 
f -1498//-3202 -1545//-3677 -2578//-4048 
f -1544//-1936 -3657//-773 -406//-774 
f -3657//-773 -1544//-1936 -602//-361 
f -1543//-2999 -3111//-776 -403//-777 
f -3111//-776 -1543//-2999 -603//-357 
f -3327//-1044 -1542//-3415 -4117//-4002 
f -1542//-3415 -3327//-1044 -3795//-2142 
f -3401//-3741 -1541//-1209 -2498//-1210 
f -1541//-1209 -3401//-3741 -1182//-1034 
f -3693//-97 -3367//-94 -1540//-2055 
f -1500//-2050 -1540//-2055 -3367//-94 
f -3692//-80 -3358//-84 -1539//-2751 
f -1511//-2750 -1539//-2751 -3358//-84 
f -1504//-2020 -1538//-2031 -3366//-71 
f -3687//-75 -3366//-71 -1538//-2031 
f -3690//-86 -3359//-98 -1537//-2060 
f -1512//-2059 -1537//-2060 -3359//-98 
f -3683//-72 -3362//-74 -1536//-2024 
f -1507//-2023 -1536//-2024 -3362//-74 
f -3682//-77 -3355//-79 -1535//-2054 
f -1505//-2053 -1535//-2054 -3355//-79 
f -1508//-2018 -1534//-2047 -3365//-78 
f -3691//-93 -3365//-78 -1534//-2047 
f -3689//-96 -3360//-92 -1533//-2039 
f -1510//-2030 -1533//-2039 -3360//-92 
f -1503//-2475 -1532//-2476 -3361//-88 
f -3685//-81 -3361//-88 -1532//-2476 
f -3868//-83 -3356//-76 -1531//-2746 
f -1506//-2034 -1531//-2746 -3356//-76 
f -3354//-73 -3684//-82 -1530//-2028 
f -1509//-2027 -1530//-2028 -3684//-82 
f -3686//-91 -3357//-90 -1529//-2038 
f -1501//-2037 -1529//-2038 -3357//-90 
f -1499//-2042 -1528//-2471 -3363//-95 
f -3805//-87 -3363//-95 -1528//-2471 
f -1502//-2045 -1527//-2046 -3364//-85 
f -3688//-89 -3364//-85 -1527//-2046 
f -1580//-3357 -1526//-3679 -2560//-42 
f -3503//-1340 -2560//-42 -1526//-3679 
f -4060//-1212 -2894//-1215 -1525//-3421 
f -1575//-2373 -1525//-3421 -2894//-1215 
f -3586//-3940 -2893//-1031 -1524//-3684 
f -1576//-3683 -1524//-3684 -2893//-1031 
f -2613//-1595 -1523//-4077 -4091//-3862 
f -3672//-338 -4091//-3862 -1523//-4077 
f -4081//-1183 -2895//-1186 -1522//-3485 
f -1572//-2364 -1522//-3485 -2895//-1186 
f -3771//-1216 -3227//-205 -1521//-3424 
f -1579//-1621 -1521//-3424 -3227//-205 
f -3993//-1032 -3810//-1339 -1520//-3002 
f -2612//-1342 -1520//-3002 -3810//-1339 
f -1574//-4078 -1519//-3007 -3229//-200 
f -4085//-721 -3229//-200 -1519//-3007 
f -3784//-1310 -3224//-202 -1518//-3606 
f -1578//-3605 -1518//-3606 -3224//-202 
f -3896//-720 -3228//-204 -1517//-3994 
f -1582//-3993 -1517//-3994 -3228//-204 
f -4058//-3863 -2559//-41 -1516//-3559 
f -1577//-2149 -1516//-3559 -2559//-41 
f -3714//-716 -3226//-201 -1515//-3556 
f -1581//-2885 -1515//-3556 -3226//-201 
f -1583//-3489 -1514//-3490 -3225//-203 
f -3769//-1187 -3225//-203 -1514//-3490 
f -1573//-2416 -1513//-3607 -2896//-1309 
f -4065//-1306 -2896//-1309 -1513//-3607 
f -1540//-2055 -1512//-2059 -3693//-97 
f -3359//-98 -3693//-97 -1512//-2059 
f -1531//-2746 -1511//-2750 -3868//-83 
f -3358//-84 -3868//-83 -1511//-2750 
f -1529//-2038 -1510//-2030 -3686//-91 
f -3360//-92 -3686//-91 -1510//-2030 
f -1532//-2476 -1509//-2027 -3685//-81 
f -3684//-82 -3685//-81 -1509//-2027 
f -3365//-78 -3682//-77 -1508//-2018 
f -1535//-2054 -1508//-2018 -3682//-77 
f -1530//-2028 -1507//-2023 -3354//-73 
f -3362//-74 -3354//-73 -1507//-2023 
f -3356//-76 -3687//-75 -1506//-2034 
f -1538//-2031 -1506//-2034 -3687//-75 
f -1539//-2751 -1505//-2053 -3692//-80 
f -3355//-79 -3692//-80 -1505//-2053 
f -3366//-71 -3683//-72 -1504//-2020 
f -1536//-2024 -1504//-2020 -3683//-72 
f -3361//-88 -3805//-87 -1503//-2475 
f -1528//-2471 -1503//-2475 -3805//-87 
f -3364//-85 -3690//-86 -1502//-2045 
f -1537//-2060 -1502//-2045 -3690//-86 
f -3357//-90 -3688//-89 -1501//-2037 
f -1527//-2046 -1501//-2037 -3688//-89 
f -3367//-94 -3691//-93 -1500//-2050 
f -1534//-2047 -1500//-2050 -3691//-93 
f -1533//-2039 -1499//-2042 -3689//-96 
f -3363//-95 -3689//-96 -1499//-2042 
f -1410//-2311 -1498//-3202 -3336//-908 
f -2578//-4048 -3336//-908 -1498//-3202 
f -3232//-2139 -1497//-1536 -1142//-1537 
f -1497//-1536 -3232//-2139 -2402//-3261 
f -3504//-2246 -1496//-3627 -1558//-647 
f -1496//-3627 -3504//-2246 -2486//-2249 
f -1495//-3319 -3727//-1396 -2869//-4049 
f -3727//-1396 -1495//-3319 -1557//-1398 
f -3897//-2891 -1494//-2198 -814//-469 
f -1494//-2198 -3897//-2891 -1151//-782 
f -3841//-2635 -1493//-1298 -1354//-516 
f -1493//-1298 -3841//-2635 -1119//-1282 
f -3818//-2626 -1492//-1302 -1355//-513 
f -1492//-1302 -3818//-2626 -1042//-2528 
f -1491//-1169 -3832//-2594 -1148//-2595 
f -3832//-2594 -1491//-1169 -815//-466 
f -1490//-478 -3449//-3730 -1041//-1176 
f -3449//-3730 -1490//-478 -810//-16 
f -3422//-3479 -1489//-477 -809//-20 
f -1489//-477 -3422//-3479 -3601//-1090 
f -1488//-1294 -3819//-2532 -1160//-2533 
f -3819//-2532 -1488//-1294 -1357//-510 
f -1487//-1128 -3058//-3139 -1085//-1130 
f -3058//-3139 -1487//-1128 -812//-19 
f -3450//-2254 -1486//-1510 -1132//-1511 
f -1486//-1510 -3450//-2254 -2401//-3411 
f -1485//-655 -3181//-3451 -3251//-271 
f -3181//-3451 -1485//-655 -1153//-2013 
f -2801//-3162 -3615//-4047 -1484//-3678 
f -1545//-3677 -1484//-3678 -3615//-4047 
f -1483//-1315 -353//-1076 -2817//-2916 
f -1483//-1315 -2817//-2916 -269//-2917 
f -1482//-2800 -352//-1328 -2818//-1329 
f -1482//-2800 -2818//-1329 -266//-1327 
f -1481//-3403 -3712//-723 -2603//-2738 
f -3712//-723 -1481//-3403 -1045//-2140 
f -1480//-2016 -3681//-1321 -2398//-15 
f -3681//-1321 -1480//-2016 -1139//-1323 
f -1479//-3076 -3063//-482 -1108//-1035 
f -3063//-482 -1479//-3076 -756//-3077 
f -3490//-1346 -1478//-2527 -755//-455 
f -1478//-2527 -3490//-1346 -1136//-1347 
f -3060//-2903 -1477//-2290 -734//-3264 
f -1477//-2290 -3060//-2903 -1043//-1174 
f -1476//-1166 -3446//-2226 -1126//-2227 
f -3446//-2226 -1476//-1166 -758//-461 
f -1475//-1667 -3059//-3141 -1189//-1088 
f -3059//-3141 -1475//-1667 -736//-3143 
f -1474//-2530 -3488//-1461 -3538//-1462 
f -3488//-1461 -1474//-2530 -754//-463 
f -1473//-2853 -3489//-2630 -1184//-2631 
f -3489//-2630 -1473//-2853 -757//-457 
f -1472//-2593 -3448//-1170 -3205//-1554 
f -3448//-1170 -1472//-2593 -753//-459 
f -1471//-2131 -3435//-3652 -1185//-1127 
f -3435//-3652 -1471//-2131 -735//-3654 
f -1470//-853 -3481//-3366 -3831//-3464 
f -3481//-3366 -1470//-853 -4087//-4005 
f -2286//-3601 -1469//-3602 -3201//-681 
f -2454//-2393 -3201//-681 -1469//-3602 
f -1468//-2283 -3610//-806 -2403//-809 
f -3610//-806 -1468//-2283 -1205//-2284 
f -1467//-4120 -2511//-1478 -2857//-1084 
f -2511//-1478 -1467//-4120 -1211//-339 
f -1466//-2003 -3678//-3371 -2708//-3349 
f -3678//-3371 -1466//-2003 -1427//-2004 
f -1465//-2625 -3346//-930 -1120//-863 
f -3346//-930 -1465//-2625 -762//-3829 
f -3440//-1143 -1464//-2890 -744//-447 
f -1464//-2890 -3440//-1143 -1190//-2851 
f -3443//-1157 -1463//-2465 -742//-453 
f -1463//-2465 -3443//-1157 -1031//-857 
f -1462//-3140 -3444//-1163 -1158//-1990 
f -3444//-1163 -1462//-3140 -738//-451 
f -1461//-3731 -3441//-1149 -3436//-1131 
f -3441//-1149 -1461//-3731 -740//-449 
f -1460//-3480 -3442//-1518 -1192//-1519 
f -3442//-1518 -1460//-3480 -739//-445 
f -1459//-2634 -3348//-2286 -3484//-2287 
f -3348//-2286 -1459//-2634 -761//-3727 
f -3347//-1316 -1458//-2262 -760//-3476 
f -1458//-2262 -3347//-1316 -3496//-1317 
f -1457//-3450 -3501//-779 -3659//-3401 
f -3501//-779 -1457//-3450 -1030//-780 
f -1456//-2256 -2724//-3413 -1154//-2258 
f -2724//-3413 -1456//-2256 -741//-2541 
f -3650//-794 -1455//-2255 -1040//-1902 
f -1455//-2255 -3650//-794 -2397//-798 
f -3826//-799 -1454//-2711 -1345//-483 
f -1454//-2711 -3826//-799 -2395//-800 
f -1285//-3369 -1453//-2248 -2908//-2838 
f -3504//-2246 -2908//-2838 -1453//-2248 
f -1452//-1699 -3283//-1703 -2416//-3690 
f -3283//-1703 -1452//-1699 -1014//-1700 
f -1451//-1153 -3820//-2535 -1034//-2536 
f -3820//-2535 -1451//-1153 -724//-442 
f -3054//-3404 -1450//-1333 -1165//-1334 
f -1450//-1333 -3054//-3404 -3057//-473 
f -3741//-2259 -1449//-937 -730//-935 
f -1449//-937 -3741//-2259 -1032//-2260 
f -3844//-2647 -1448//-1162 -728//-440 
f -1448//-1162 -3844//-2647 -1038//-2648 
f -1447//-938 -3748//-2291 -1036//-1312 
f -3748//-2291 -1447//-938 -727//-940 
f -3806//-2531 -1446//-1148 -725//-443 
f -1446//-1148 -3806//-2531 -1035//-2478 
f -3726//-2886 -1445//-3414 -726//-439 
f -1445//-3414 -3726//-2886 -1033//-2887 
f -1444//-2462 -3802//-2157 -1193//-2464 
f -3802//-2157 -1444//-2462 -722//-441 
f -1443//-795 -3278//-2015 -2396//-2989 
f -3278//-2015 -1443//-795 -1127//-1903 
f -3709//-2132 -1442//-2127 -723//-932 
f -1442//-2127 -3709//-2132 -1145//-2129 
f -1441//-1142 -3890//-2854 -1083//-2444 
f -3890//-2854 -1441//-1142 -721//-444 
f -2998//-2263 -1440//-1639 -1432//-4031 
f -1440//-1639 -2998//-2263 -3415//-3379 
f -3280//-3541 -1439//-4022 -916//-2108 
f -1439//-4022 -3280//-3541 -3223//-4024 
f -2869//-4049 -1438//-4032 -1495//-3319 
f -1438//-4032 -2869//-4049 -4042//-4050 
f -1437//-44 -4098//-3543 -3087//-2863 
f -4098//-3543 -1437//-44 -2897//-2923 
f -1435//-1343 -1436//-3791 -3546//-3626 
f -2627//-1493 -3546//-3626 -1436//-3791 
f -2486//-2249 -1435//-1343 -1496//-3627 
f -1435//-1343 -2486//-2249 -4078//-1344 
f -2147//-2240 -1434//-2480 -3736//-3016 
f -2966//-3799 -3736//-3016 -1434//-2480 
f -1428//-3060 -1433//-3061 -3139//-3056 
f -3935//-2277 -3139//-3056 -1433//-3061 
f -1432//-4031 -4042//-4050 -2998//-2263 
f -4042//-4050 -1432//-4031 -1438//-4032 
f -2986//-1121 -3749//-1125 -1431//-2984 
f -1255//-1964 -1431//-2984 -3749//-1125 
f -1430//-3278 -3279//-4119 -2376//-244 
f -3279//-4119 -1430//-3278 -1206//-3914 
f -1429//-2324 -3542//-471 -1064//-2325 
f -3542//-471 -1429//-2324 -1549//-2695 
f -3238//-243 -1428//-3060 -4079//-2629 
f -3139//-3056 -4079//-2629 -1428//-3060 
f -1427//-2004 -2580//-3370 -3678//-3371 
f -2580//-3370 -1427//-2004 -1426//-3793 
f -4078//-1344 -1426//-3793 -1435//-1343 
f -1426//-3793 -4078//-1344 -2580//-3370 
f -4059//-2405 -3658//-3419 -1425//-1939 
f -2272//-1938 -1425//-1939 -3658//-3419 
f -2545//-337 -1424//-3365 -1351//-4107 
f -1424//-3365 -2545//-337 -2960//-1979 
f -2216//-3594 -1423//-2931 -3170//-848 
f -2595//-3788 -3170//-848 -1423//-2931 
f -3477//-294 -2928//-2687 -1422//-2389 
f -1422//-2389 -2928//-2687 -3964//-2688 
f -3835//-291 -2927//-4075 -1421//-1677 
f -1421//-1677 -2927//-4075 -4074//-3517 
f -1420//-1078 -2849//-4132 -4070//-3528 
f -3903//-237 -2849//-4132 -1420//-1078 
f -3843//-240 -2850//-3666 -1419//-1508 
f -1419//-1508 -2850//-3666 -3965//-2683 
f -3476//-288 -2926//-3502 -1418//-3973 
f -1418//-3973 -2926//-3502 -3153//-3503 
f -3471//-413 -3020//-3777 -1417//-1934 
f -1417//-1934 -3020//-3777 -3969//-2676 
f -3829//-286 -2925//-4015 -1416//-1471 
f -1416//-1471 -2925//-4015 -3968//-2690 
f -3473//-332 -2958//-2960 -1415//-1261 
f -1415//-1261 -2958//-2960 -3967//-2671 
f -4013//-235 -2848//-3997 -1414//-1502 
f -1414//-1502 -2848//-3997 -4068//-3529 
f -3472//-334 -2959//-3511 -1413//-2523 
f -1413//-2523 -2959//-3511 -4071//-3512 
f -3828//-284 -2924//-3457 -1412//-1468 
f -1412//-1468 -2924//-3457 -3963//-2675 
f -3833//-233 -2847//-3540 -1411//-1498 
f -1411//-1498 -2847//-3540 -4073//-3524 
f -1230//-3201 -1410//-2311 -2967//-909 
f -3336//-908 -2967//-909 -1410//-2311 
f -3498//-3321 -2604//-2819 -1409//-62 
f -1275//-378 -1409//-62 -2604//-2819 
f -2812//-3064 -3482//-1274 -1408//-900 
f -2192//-377 -1408//-900 -3482//-1274 
f -1333//-927 -1407//-925 -2872//-2591 
f -3675//-2590 -2872//-2591 -1407//-925 
f -1553//-69 -1406//-899 -2576//-3067 
f -1022//-3066 -2576//-3067 -1406//-899 
f -3413//-230 -2845//-1079 -1405//-2919 
f -1405//-2919 -2845//-1079 -3152//-620 
f -3540//-28 -3095//-1472 -1404//-3440 
f -1404//-3440 -3095//-1472 -3163//-640 
f -1403//-3549 -2868//-3974 -4072//-623 
f -3285//-252 -2868//-3974 -1403//-3549 
f -2472//-537 -3105//-1499 -1402//-3041 
f -1402//-3041 -3105//-1499 -3150//-617 
f -2473//-540 -3106//-1509 -1401//-3063 
f -1401//-3063 -3106//-1509 -3159//-632 
f -3499//-1895 -2844//-3570 -1400//-2452 
f -1400//-2452 -2844//-3570 -3158//-630 
f -1399//-778 -3256//-3716 -3156//-629 
f -3111//-776 -3256//-3716 -1399//-778 
f -3539//-30 -3097//-1469 -1398//-4128 
f -1398//-4128 -3097//-1469 -3164//-643 
f -1397//-4082 -3096//-2390 -3162//-638 
f -3775//-27 -3096//-2390 -1397//-4082 
f -1396//-4134 -2954//-1262 -3161//-637 
f -3475//-330 -2954//-1262 -1396//-4134 
f -2471//-534 -3104//-1503 -1395//-2813 
f -1395//-2813 -3104//-1503 -3154//-624 
f -3284//-251 -2867//-1678 -1394//-3191 
f -1394//-3191 -2867//-1678 -3155//-627 
f -1393//-775 -3255//-1935 -3160//-635 
f -3657//-773 -3255//-1935 -1393//-775 
f -3560//-328 -2953//-2524 -1392//-1255 
f -1392//-1255 -2953//-2524 -3151//-618 
f -1391//-2430 -3406//-2092 -895//-2432 
f -3406//-2092 -1391//-2430 -1720//-207 
f -3772//-1492 -2627//-1493 -1390//-2375 
f -1436//-3791 -1390//-2375 -2627//-1493 
f -3817//-227 -2843//-1054 -1389//-3539 
f -1389//-3539 -2843//-1054 -4026//-609 
f -1388//-3665 -2842//-1060 -3852//-576 
f -3822//-225 -2842//-1060 -1388//-3665 
f -3911//-322 -2950//-1251 -1387//-2959 
f -1387//-2959 -2950//-1251 -3849//-579 
f -1386//-3456 -2920//-762 -3850//-582 
f -3881//-279 -2920//-762 -1386//-3456 
f -1385//-4074 -2922//-772 -4025//-602 
f -3812//-282 -2922//-772 -1385//-4074 
f -3845//-281 -2921//-3294 -1384//-1264 
f -1384//-1264 -2921//-3294 -4022//-612 
f -4064//-324 -2951//-1245 -1383//-3279 
f -1383//-3279 -2951//-1245 -4024//-603 
f -3813//-283 -2923//-764 -1382//-4014 
f -1382//-4014 -2923//-764 -3854//-583 
f -1381//-4131 -2841//-1048 -4027//-599 
f -3895//-223 -2841//-1048 -1381//-4131 
f -3830//-326 -2952//-1239 -1380//-3776 
f -1380//-3776 -2952//-1239 -3851//-578 
f -3927//-278 -2919//-3303 -1379//-1266 
f -1379//-1266 -2919//-3303 -3853//-585 
f -1378//-2415 -2839//-1066 -4023//-606 
f -3920//-218 -2839//-1066 -1378//-2415 
f -1377//-3996 -2840//-1072 -4028//-608 
f -3970//-221 -2840//-1072 -1377//-3996 
f -1376//-732 -3240//-4091 -3848//-573 
f -3816//-1894 -3240//-4091 -1376//-732 
f -2965//-1593 -1375//-2323 -1211//-339 
f -1375//-2323 -2965//-1593 -2997//-1010 
f -2344//-3033 -1374//-3030 -1164//-924 
f -1374//-3030 -2344//-3033 -1204//-2136 
f -3863//-275 -2917//-4060 -1373//-3293 
f -1373//-3293 -2917//-4060 -3146//-4061 
f -3606//-276 -2918//-3748 -1372//-3302 
f -1372//-3302 -2918//-3748 -3133//-3749 
f -1371//-771 -3254//-4112 -3141//-4113 
f -3549//-768 -3254//-4112 -1371//-771 
f -3547//-765 -3253//-3765 -1370//-767 
f -1370//-767 -3253//-3765 -3132//-3766 
f -3408//-214 -2836//-3986 -1369//-1047 
f -1369//-1047 -2836//-3986 -3140//-3987 
f -1368//-761 -3252//-3743 -3131//-3744 
f -3548//-758 -3252//-3743 -1368//-761 
f -3796//-319 -2948//-3762 -1367//-1250 
f -1367//-1250 -2948//-3762 -3130//-3763 
f -3474//-317 -2947//-3755 -1366//-4090 
f -1366//-4090 -2947//-3755 -3127//-3756 
f -1365//-1059 -2837//-3752 -3128//-3753 
f -3410//-215 -2837//-3752 -1365//-1059 
f -1364//-1065 -2838//-4129 -3143//-3978 
f -3411//-216 -2838//-4129 -1364//-1065 
f -1363//-1238 -2946//-3769 -3129//-3770 
f -3603//-315 -2946//-3769 -1363//-1238 
f -3834//-313 -2945//-4135 -1362//-1244 
f -1362//-1244 -2945//-4135 -3142//-3981 
f -3412//-213 -2835//-4115 -1361//-1071 
f -1361//-1071 -2835//-4115 -3144//-4116 
f -3409//-212 -2834//-4095 -1360//-1053 
f -1360//-1053 -2834//-4095 -3145//-4096 
f -3404//-2707 -2801//-3162 -1359//-1718 
f -1484//-3678 -1359//-1718 -2801//-3162 
f -2579//-3059 -1358//-2834 -3432//-1117 
f -3746//-2280 -3432//-1117 -1358//-2834 
f -3089//-509 -1357//-510 -676//-1297 
f -2105//-1296 -676//-1297 -1357//-510 
f -2101//-269 -665//-270 -1356//-654 
f -2398//-15 -1356//-654 -665//-270 
f -2106//-1304 -668//-1305 -1355//-513 
f -3090//-512 -1355//-513 -668//-1305 
f -2104//-1300 -666//-1301 -1354//-516 
f -3091//-515 -1354//-516 -666//-1301 
f -1409//-62 -1353//-58 -3498//-3321 
f -2809//-4025 -3498//-3321 -1353//-58 
f -1352//-274 -2916//-4106 -2363//-3363 
f -2916//-4106 -1352//-274 -1722//-2252 
f -1351//-4107 -3669//-1080 -2545//-337 
f -3669//-1080 -1351//-4107 -1753//-1082 
f -1226//-12 -1350//-870 -3713//-1522 
f -2591//-2147 -3713//-1522 -1350//-870 
f -1349//-367 -2985//-3709 -2364//-3842 
f -2985//-3709 -1349//-367 -1754//-1217 
f -3793//-1043 -1348//-2428 -1739//-185 
f -1348//-2428 -3793//-1043 -827//-1623 
f -1065//-1632 -1347//-683 -2657//-1634 
f -2360//-682 -2657//-1634 -1347//-683 
f -2827//-1391 -3233//-1392 -1346//-4034 
f -997//-2983 -1346//-4034 -3233//-1392 
f -1345//-483 -3065//-3916 -3826//-799 
f -3065//-3916 -1345//-483 -1562//-3065 
f -3596//-2411 -1344//-1650 -1731//-183 
f -1344//-1650 -3596//-2411 -864//-1649 
f -1343//-2821 -3395//-802 -849//-2823 
f -3395//-802 -1343//-2821 -1737//-162 
f -3478//-2896 -1342//-692 -1728//-2898 
f -1342//-692 -3478//-2896 -842//-210 
f -1341//-1958 -3398//-2451 -748//-1960 
f -3398//-2451 -1341//-1958 -1729//-180 
f -3396//-2356 -1340//-1022 -1733//-173 
f -1340//-1022 -3396//-2356 -702//-891 
f -1339//-1016 -3758//-2929 -684//-2320 
f -3758//-2929 -1339//-1016 -1736//-168 
f -1338//-1014 -3393//-2517 -804//-914 
f -3393//-2517 -1338//-1014 -1732//-170 
f -1337//-1599 -3578//-2511 -859//-1601 
f -3578//-2511 -1337//-1599 -1730//-177 
f -3397//-2350 -1336//-2910 -1738//-165 
f -1336//-2910 -3397//-2350 -823//-2912 
f -1335//-1370 -3779//-2398 -3212//-259 
f -3779//-2398 -1335//-1370 -782//-2400 
f -2372//-3694 -3118//-557 -1334//-2713 
f -2201//-1941 -1334//-2713 -3118//-557 
f -2872//-2591 -3674//-1992 -1333//-927 
f -1315//-873 -1333//-927 -3674//-1992 
f -3949//-3133 -3325//-3134 -1332//-3640 
f -2574//-3892 -1332//-3640 -3325//-3134 
f -1331//-886 -3878//-3445 -1878//-2805 
f -3878//-3445 -1331//-886 -341//-2966 
f -1330//-1531 -3455//-2335 -3026//-258 
f -3455//-2335 -1330//-1531 -801//-1532 
f -1329//-2459 -3390//-1598 -861//-2461 
f -3390//-1598 -1329//-2459 -1698//-154 
f -1328//-2721 -3664//-1028 -719//-1957 
f -3664//-1028 -1328//-2721 -1693//-158 
f -1327//-3197 -3756//-1018 -822//-1804 
f -3756//-1018 -1327//-3197 -1699//-144 
f -3734//-1024 -1326//-2914 -1701//-150 
f -1326//-2914 -3734//-1024 -780//-946 
f -1325//-2360 -3389//-2429 -706//-2362 
f -3389//-2429 -1325//-2360 -1700//-146 
f -1324//-2906 -3767//-2357 -824//-2358 
f -3767//-2357 -1324//-2906 -1703//-152 
f -1323//-2332 -3762//-264 -867//-1603 
f -3762//-264 -1323//-2332 -1697//-866 
f -1322//-2321 -3394//-1549 -843//-1550 
f -3394//-1549 -1322//-2321 -1702//-148 
f -3391//-2150 -1321//-1009 -1694//-156 
f -1321//-1009 -3391//-2150 -778//-2151 
f -1320//-2925 -3815//-1900 -852//-2518 
f -3815//-1900 -1320//-2925 -1695//-142 
f -1088//-2115 -1319//-1134 -3437//-2089 
f -1762//-2090 -3437//-2089 -1319//-1134 
f -3754//-3071 -4034//-2309 -1318//-438 
f -1615//-1474 -1318//-438 -4034//-2309 
f -1317//-102 -3598//-2488 -3502//-408 
f -3598//-2488 -1317//-102 -107//-1657 
f -2289//-1523 -1316//-3032 -1026//-929 
f -1316//-3032 -2289//-1523 -1187//-272 
f -1350//-870 -1315//-873 -2591//-2147 
f -3674//-1992 -2591//-2147 -1315//-873 
f -1314//-2355 -3385//-993 -844//-2161 
f -3385//-993 -1314//-2355 -1634//-135 
f -1313//-2516 -3388//-1003 -850//-2012 
f -3388//-1003 -1313//-2516 -1628//-138 
f -1312//-2899 -3583//-2556 -340//-2901 
f -3583//-2556 -1312//-2899 -1631//-35 
f -2469//-2994 -1311//-2847 -1632//-2848 
f -1311//-2847 -2469//-2994 -853//-379 
f -3384//-2242 -1310//-2928 -1636//-130 
f -1310//-2928 -3384//-2242 -775//-2243 
f -1309//-2349 -3383//-2351 -862//-2352 
f -3383//-2351 -1309//-2349 -1626//-140 
f -1308//-2410 -3386//-1653 -848//-1654 
f -3386//-1653 -1308//-2410 -1630//-132 
f -1307//-2510 -3387//-996 -856//-1906 
f -3387//-996 -1307//-2510 -1629//-136 
f -1306//-2315 -3281//-2825 -343//-211 
f -3281//-2825 -1306//-2315 -1635//-2316 
f -3382//-982 -1305//-2450 -1627//-128 
f -1305//-2450 -3382//-982 -793//-1642 
f -2846//-254 -1304//-2401 -776//-231 
f -1304//-2401 -2846//-254 -3763//-2403 
f -2460//-2269 -2551//-1994 -1303//-40 
f -1793//-2267 -1303//-40 -2551//-1994 
f -1302//-985 -3766//-2722 -773//-963 
f -3766//-2722 -1302//-985 -1606//-119 
f -2876//-1191 -1301//-2337 -781//-2338 
f -1301//-2337 -2876//-1191 -2877//-256 
f -3768//-1005 -1300//-2826 -1609//-126 
f -1300//-2826 -3768//-1005 -717//-1534 
f -1299//-2555 -3715//-2153 -860//-2154 
f -3715//-2153 -1299//-2555 -1597//-127 
f -3680//-2333 -1298//-2009 -1608//-124 
f -1298//-2009 -3680//-2333 -342//-2011 
f -3662//-2926 -1297//-986 -1612//-122 
f -1297//-986 -3662//-2926 -818//-833 
f -1296//-995 -3781//-2406 -763//-2407 
f -3781//-2406 -1296//-995 -1610//-121 
f -1295//-2993 -3801//-1007 -865//-1985 
f -3801//-1007 -1295//-2993 -1603//-123 
f -3814//-2907 -1294//-2512 -1601//-125 
f -1294//-2512 -3814//-2907 -863//-2514 
f -3799//-3198 -1293//-2446 -1611//-118 
f -1293//-2446 -3799//-3198 -869//-2448 
f -1292//-992 -3718//-2915 -597//-2162 
f -3718//-2915 -1292//-992 -1600//-120 
f -2306//-1293 -1291//-1704 -1194//-3864 
f -1291//-1704 -2306//-1293 -716//-649 
f -1290//-2487 -3335//-3185 -3017//-3186 
f -3335//-3185 -1290//-2487 -907//-50 
f -1289//-37 -3892//-2861 -3402//-4004 
f -3892//-2861 -1289//-37 -883//-6 
f -3667//-3579 -3175//-2484 -1288//-2976 
f -17//-2975 -1288//-2976 -3175//-2484 
f -4036//-3563 -1287//-966 -3214//-702 
f -1287//-966 -4036//-3563 -1875//-3564 
f -1286//-7 -3880//-4030 -3605//-965 
f -3880//-4030 -1286//-7 -2562//-43 
f -2908//-2838 -3738//-4041 -1285//-3369 
f -1009//-3368 -1285//-3369 -3738//-4041 
f -1284//-59 -3986//-2817 -2596//-187 
f -3986//-2817 -1284//-59 -2148//-61 
f -3787//-1578 -3571//-389 -1283//-2104 
f -4131//-4092 -1283//-2104 -3571//-389 
f -3788//-1563 -3566//-387 -1282//-2072 
f -4112//-3980 -1282//-2072 -3566//-387 
f -4125//-3759 -1281//-2094 -3568//-383 
f -3943//-1569 -3568//-383 -1281//-2094 
f -3785//-1570 -3569//-385 -1280//-2087 
f -1907//-3983 -1280//-2087 -3569//-385 
f -1904//-4064 -1279//-2066 -3567//-386 
f -3789//-1566 -3567//-386 -1279//-2066 
f -4114//-3985 -1278//-2078 -3572//-384 
f -3790//-1581 -3572//-384 -1278//-2078 
f -3786//-1573 -3570//-388 -1277//-2125 
f -1925//-3772 -1277//-2125 -3570//-388 
f -1276//-3567 -3728//-2206 -1257//-2207 
f -3728//-2206 -1276//-3567 -2273//-894 
f -2192//-377 -1275//-378 -2606//-2820 
f -2604//-2819 -2606//-2820 -1275//-378 
f -1226//-12 -1274//-25 -2475//-3168 
f -3580//-2435 -2475//-3168 -1274//-25 
f -3284//-251 -2176//-810 -1273//-1673 
f -588//-292 -1273//-1673 -1691//-1674 
f -590//-289 -1272//-2436 -1689//-2437 
f -3285//-252 -2175//-813 -1272//-2436 
f -3699//-2935 -271//-2936 -1271//-686 
f -699//-1 -1271//-686 -271//-2936 
f -3883//-967 -1270//-2313 -2410//-3816 
f -1945//-1694 -2410//-3816 -1270//-2313 
f -3379//-2942 -1269//-978 -2409//-976 
f -1943//-3960 -2409//-976 -1269//-978 
f -1164//-924 -2460//-2269 -1268//-926 
f -1303//-40 -1268//-926 -2460//-2269 
f -2955//-3199 -3312//-1698 -1267//-3889 
f -3349//-99 -1267//-3889 -3312//-1698 
f -3694//-2223 -3732//-2224 -1266//-3554 
f -3000//-3825 -1266//-3554 -3732//-2224 
f -3860//-685 -3371//-3023 -1265//-972 
f -1889//-1491 -1265//-972 -3371//-3023 
f -1228//-1200 -2809//-4025 -1264//-1202 
f -1353//-58 -1264//-1202 -2809//-4025 
f -1263//-2831 -3351//-3360 -1210//-1919 
f -3351//-3360 -1263//-2831 -1888//-3362 
f -3996//-2479 -3470//-3367 -1262//-36 
f -70//-3 -1262//-36 -3470//-3367 
f -881//-38 -1261//-2803 -2859//-885 
f -4140//-2968 -2859//-885 -1261//-2803 
f -979//-336 -1260//-49 -3469//-1234 
f -2577//-1233 -3469//-1234 -1260//-49 
f -2595//-3788 -1259//-3789 -3301//-3270 
f -3975//-1664 -3301//-3270 -1259//-3789 
f -1390//-2375 -1258//-4052 -3772//-1492 
f -2987//-368 -3772//-1492 -1258//-4052 
f -3555//-209 -1257//-2207 -2655//-1526 
f -2330//-2205 -2655//-1526 -1257//-2207 
f -3661//-1194 -3599//-1663 -1256//-366 
f -3975//-1664 -1256//-366 -3599//-1663 
f -1431//-2984 -1255//-1964 -2743//-2986 
f -3917//-1962 -2743//-2986 -1255//-1964 
f -732//-45 -3492//-2714 -1254//-2715 
f -3203//-3943 -1254//-2715 -3492//-2714 
f -1253//-1292 -3858//-2709 -3177//-2710 
f -3858//-2709 -1253//-1292 -2723//-3969 
f -3034//-2627 -2704//-3553 -1252//-437 
f -1989//-3068 -1252//-437 -2704//-3553 
f -1194//-3864 -1251//-1702 -3299//-3866 
f -2406//-835 -3299//-3866 -1251//-1702 
f -1274//-25 -1250//-32 -3580//-2435 
f -2421//-4007 -3580//-2435 -1250//-32 
f -3952//-529 -2631//-2742 -1249//-531 
f -791//-51 -1249//-531 -2631//-2742 
f -1248//-3968 -4132//-345 -3309//-3967 
f -4132//-345 -1248//-3968 -3518//-2327 
f -2351//-381 -1247//-382 -3592//-1637 
f -1585//-1636 -3592//-1637 -1247//-382 
f -2363//-3363 -1246//-3029 -1352//-274 
f -1246//-3029 -2363//-3363 -3115//-3364 
f -1245//-3671 -2694//-2739 -3866//-2740 
f -2694//-2739 -1245//-3671 -3355//-79 
f -1244//-3806 -2701//-2542 -3821//-2543 
f -2701//-2542 -1244//-3806 -3367//-94 
f -2702//-3126 -1243//-3859 -3363//-95 
f -1243//-3859 -2702//-3126 -4017//-3127 
f -2698//-3482 -1242//-3124 -3361//-88 
f -1242//-3124 -2698//-3482 -3948//-3483 
f -1241//-3005 -2699//-3533 -4029//-3534 
f -2699//-3533 -1241//-3005 -3357//-90 
f -1240//-1948 -2692//-1949 -3660//-1950 
f -2692//-1949 -1240//-1948 -3356//-76 
f -2693//-2732 -1239//-3012 -3365//-78 
f -1239//-3012 -2693//-2732 -3864//-2733 
f -1238//-3043 -2700//-3045 -3932//-3046 
f -2700//-3045 -1238//-3043 -3360//-92 
f -2695//-3001 -1237//-2557 -2751//-2558 
f -1237//-2557 -2695//-3001 -3684//-82 
f -1236//-3253 -2696//-2441 -3797//-2442 
f -2696//-2441 -1236//-3253 -3358//-84 
f -2690//-1806 -1235//-3010 -3366//-71 
f -1235//-3010 -2690//-1806 -3633//-1807 
f -1234//-3930 -2691//-2300 -3751//-2301 
f -2691//-2300 -1234//-3930 -3362//-74 
f -2697//-2498 -1233//-3536 -3364//-85 
f -1233//-3536 -2697//-2498 -3811//-2499 
f -1232//-3013 -2703//-2296 -3750//-2297 
f -2703//-2296 -1232//-3013 -3359//-98 
f -2079//-65 -2854//-2489 -1231//-2138 
f -1182//-1034 -1231//-2138 -2854//-2489 
f -2967//-909 -2853//-341 -1230//-3201 
f -893//-3200 -1230//-3201 -2853//-341 
f -2856//-3964 -3339//-3965 -1229//-912 
f -2828//-2706 -1229//-912 -3339//-3965 
f -3243//-736 -1228//-1200 -1756//-1201 
f -1228//-1200 -3243//-736 -2120//-4027 
f -2985//-3709 -2905//-3710 -1227//-3841 
f -1187//-272 -1227//-3841 -2905//-3710 
f -2475//-3168 -2365//-872 -1226//-12 
f -1350//-870 -1226//-12 -2365//-872 
f -1225//-3044 -2679//-952 -3686//-91 
f -2679//-952 -1225//-3044 -2741//-2306 
f -2687//-958 -1224//-3125 -2738//-2305 
f -1224//-3125 -2687//-958 -3805//-87 
f -2683//-961 -1223//-3385 -2732//-3386 
f -1223//-3385 -2683//-961 -3687//-75 
f -1222//-3174 -2688//-956 -3685//-81 
f -2688//-956 -1222//-3174 -2742//-3175 
f -1221//-3582 -2676//-951 -3868//-83 
f -2676//-951 -1221//-3582 -2733//-3583 
f -2685//-959 -1220//-3267 -2730//-3268 
f -1220//-3267 -2685//-959 -3688//-89 
f -2680//-953 -1219//-3672 -2739//-3254 
f -1219//-3672 -2680//-953 -3692//-80 
f -2689//-957 -1218//-3388 -2735//-3389 
f -1218//-3388 -2689//-957 -3683//-72 
f -2682//-949 -1217//-3931 -2731//-3481 
f -1217//-3931 -2682//-949 -3354//-73 
f -2686//-954 -1216//-3807 -2737//-3808 
f -1216//-3807 -2686//-954 -3690//-86 
f -2681//-960 -1215//-3810 -2740//-3811 
f -1215//-3810 -2681//-960 -3691//-93 
f -2678//-955 -1214//-3860 -2734//-2737 
f -1214//-3860 -2678//-955 -3689//-96 
f -2677//-950 -1213//-3667 -2729//-3668 
f -1213//-3667 -2677//-950 -3682//-77 
f -2684//-962 -1212//-3734 -2736//-3735 
f -1212//-3734 -2684//-962 -3693//-97 
f -1211//-339 -3759//-2322 -2511//-1478 
f -3759//-2322 -1211//-339 -1375//-2323 
f -1210//-1919 -2351//-381 -1263//-2831 
f -2351//-381 -1210//-1919 -3003//-945 
f -3260//-4035 -3094//-4036 -1209//-1662 
f -3777//-3273 -1209//-1662 -3094//-4036 
f -1208//-1542 -3559//-3971 -2193//-3359 
f -3559//-3971 -1208//-1542 -1811//-851 
f -1207//-3572 -696//-556 -3739//-3574 
f -696//-556 -1207//-3572 -2328//-3187 
f -3576//-4118 -1206//-3914 -1201//-3915 
f -1206//-3914 -3576//-4118 -3279//-4119 
f -3558//-3263 -2884//-4017 -1205//-2284 
f -982//-1701 -1205//-2284 -2884//-4017 
f -2305//-2134 -3929//-2135 -1204//-2136 
f -1246//-3029 -1204//-2136 -3929//-2135 
f -1203//-4010 -2960//-1979 -2545//-337 
f -1900//-4011 -2960//-1979 -1203//-4010 
f -1359//-1718 -1202//-1039 -3404//-2707 
f -2828//-2706 -3404//-2707 -1202//-1039 
f -1201//-3915 -3065//-3916 -2543//-1180 
f -1201//-3915 -2543//-1180 -3332//-901 
f -1267//-3889 -1200//-1481 -2955//-3199 
f -3808//-2483 -2955//-3199 -1200//-1481 
f -1199//-2434 -2364//-3842 -3553//-3169 
f -2364//-3842 -1199//-2434 -1349//-367 
f -1871//-3166 -1198//-3167 -3613//-913 
f -3857//-1713 -3613//-913 -1198//-3167 
f -3214//-702 -1197//-3898 -4036//-3563 
f -1197//-3898 -3214//-702 -3880//-4030 
f -2655//-1526 -2330//-2205 -1196//-1528 
f -1879//-2203 -1196//-1528 -2330//-2205 
f -1757//-1584 -1195//-1585 -3079//-2241 
f -2327//-3790 -3079//-2241 -1195//-1585 
f -1194//-3864 -3976//-2708 -2306//-1293 
f -3976//-2708 -1194//-3864 -2369//-3865 
f -2634//-2158 -4103//-3374 -1193//-2464 
f -1146//-2463 -1193//-2464 -4103//-3374 
f -2474//-1521 -3984//-3611 -1192//-1519 
f -1168//-2538 -1192//-1519 -3984//-3611 
f -1165//-1334 -1191//-1335 -4082//-3820 
f -2367//-781 -4082//-3820 -1191//-1335 
f -2549//-842 -3798//-4126 -1190//-2851 
f -1082//-2889 -1190//-2851 -3798//-4126 
f -1134//-2261 -1189//-1088 -4141//-3950 
f -2317//-1668 -4141//-3950 -1189//-1088 
f -3838//-865 -3316//-4123 -1188//-2624 
f -1042//-2528 -1188//-2624 -3316//-4123 
f -2905//-3710 -3710//-3473 -1187//-272 
f -1143//-3031 -1187//-272 -3710//-3473 
f -1186//-3448 -2345//-2116 -1896//-4009 
f -2345//-2116 -1186//-3448 -4118//-1133 
f -1150//-2130 -1185//-1127 -4052//-3651 
f -2829//-3135 -4052//-3651 -1185//-1127 
f -1157//-2852 -1184//-2631 -4008//-3433 
f -2611//-3435 -4008//-3433 -1184//-2631 
f -2561//-4066 -4126//-3290 -1183//-1538 
f -1142//-1537 -1183//-1538 -4126//-3290 
f -2854//-2489 -3711//-3956 -1182//-1034 
f -1106//-1033 -1182//-1034 -3711//-3956 
f -1569//-1279 -1181//-3861 -2963//-1277 
f -2820//-1091 -2963//-1277 -1181//-3861 
f -1177//-1214 -1180//-1213 -2822//-2417 
f -2672//-68 -2822//-2417 -1180//-1213 
f -1087//-1278 -2821//-2148 -1179//-1280 
f -1171//-1184 -1179//-1280 -2821//-2148 
f -1570//-2493 -1178//-1338 -2962//-2495 
f -2615//-63 -2962//-2495 -1178//-1338 
f -1173//-3942 -1177//-1214 -2616//-64 
f -2822//-2417 -2616//-64 -1177//-1214 
f -1172//-1308 -1176//-1307 -2823//-2365 
f -2605//-60 -2823//-2365 -1176//-1307 
f -1176//-1307 -1175//-1185 -2605//-60 
f -2824//-2882 -2605//-60 -1175//-1185 
f -2825//-2372 -2615//-63 -1174//-3941 
f -1178//-1338 -1174//-3941 -2615//-63 
f -2616//-64 -2825//-2372 -1173//-3942 
f -1174//-3941 -1173//-3942 -2825//-2372 
f -2823//-2365 -2672//-68 -1172//-1308 
f -1180//-1213 -1172//-1308 -2672//-68 
f -2821//-2148 -2824//-2882 -1171//-1184 
f -1175//-1185 -1171//-1184 -2824//-2882 
f -1109//-2494 -2820//-1091 -1170//-1989 
f -1181//-3861 -1170//-1989 -2820//-1091 
f -2548//-2963 -3912//-2723 -1169//-1512 
f -1132//-1511 -1169//-1512 -3912//-2723 
f -3601//-1090 -1168//-2538 -2865//-4136 
f -3984//-3611 -2865//-4136 -1168//-2538 
f -2745//-2271 -3744//-4065 -1167//-2141 
f -1045//-2140 -1167//-2141 -3744//-4065 
f -1040//-1902 -1166//-2253 -3550//-3989 
f -2707//-1513 -3550//-3989 -1166//-2253 
f -4082//-3820 -2745//-2271 -1165//-1334 
f -1167//-2141 -1165//-1334 -2745//-2271 
f -1164//-924 -3345//-928 -2344//-3033 
f -3345//-928 -1164//-924 -1407//-925 
f -1719//-2112 -2851//-916 -1163//-3399 
f -3000//-3825 -1163//-3399 -2851//-916 
f -1126//-2227 -1162//-2228 -3258//-3256 
f -4134//-947 -3258//-3256 -1162//-2228 
f -3673//-3137 -2829//-3135 -1161//-1129 
f -1185//-1127 -1161//-1129 -2829//-3135 
f -2439//-3857 -4090//-4087 -1160//-2533 
f -1152//-1463 -1160//-2533 -4090//-4087 
f -3236//-4080 -2528//-1651 -1159//-1161 
f -1158//-1990 -1159//-1161 -2528//-1651 
f -1138//-2646 -1158//-1990 -3950//-3835 
f -2528//-1651 -3950//-3835 -1158//-1990 
f -4008//-3433 -2807//-3431 -1157//-2852 
f -1083//-2444 -1157//-2852 -2807//-3431 
f -2193//-3359 -1156//-3348 -3505//-1541 
f -2360//-682 -3505//-1541 -1156//-3348 
f -4092//-4058 -2531//-3801 -1155//-1175 
f -1043//-1174 -1155//-1175 -2531//-3801 
f -1037//-2257 -1154//-2258 -4066//-2962 
f -2509//-3853 -4066//-2962 -1154//-2258 
f -1046//-2270 -1153//-2013 -2632//-3813 
f -3918//-1320 -2632//-3813 -1153//-2013 
f -3538//-1462 -1152//-1463 -2709//-1458 
f -4090//-4087 -2709//-1458 -1152//-1463 
f -2564//-4108 -4134//-947 -1151//-782 
f -1162//-2228 -1151//-782 -4134//-947 
f -1145//-2129 -1150//-2130 -2639//-3649 
f -4052//-3651 -2639//-3649 -1150//-2130 
f -1160//-2533 -1149//-2534 -2439//-3857 
f -989//-1319 -2439//-3857 -1149//-2534 
f -2476//-3632 -4048//-4071 -1148//-2595 
f -1105//-1168 -1148//-2595 -4048//-4071 
f -3951//-3145 -2510//-3180 -1147//-1318 
f -3496//-1317 -1147//-1318 -2510//-3180 
f -4103//-3374 -3313//-3079 -1146//-2463 
f -1031//-857 -1146//-2463 -3313//-3079 
f -2639//-3649 -4136//-2621 -1145//-2129 
f -1104//-2128 -1145//-2129 -4136//-2621 
f -3231//-3733 -2509//-3853 -1144//-2961 
f -1154//-2258 -1144//-2961 -2509//-3853 
f -3710//-3473 -2305//-2134 -1143//-3031 
f -1204//-2136 -1143//-3031 -2305//-2134 
f -1140//-2285 -1142//-1537 -2716//-1539 
f -4126//-3290 -2716//-1539 -1142//-1537 
f -3506//-3939 -2512//-1898 -1141//-1348 
f -1136//-1347 -1141//-1348 -2512//-1898 
f -2716//-1539 -3558//-3263 -1140//-2285 
f -1205//-2284 -1140//-2285 -3558//-3263 
f -996//-2990 -2426//-1802 -1139//-1323 
f -1125//-1322 -1139//-1323 -2426//-1802 
f -3950//-3835 -2573//-1991 -1138//-2646 
f -1085//-1130 -1138//-2646 -2573//-1991 
f -1038//-2648 -1137//-2649 -3563//-4079 
f -993//-1553 -3563//-4079 -1137//-2649 
f -1123//-2537 -1136//-1347 -4105//-1349 
f -2512//-1898 -4105//-1349 -1136//-1347 
f -3900//-1311 -2495//-3999 -1135//-2288 
f -3484//-2287 -1135//-2288 -2495//-3999 
f -4141//-3950 -2774//-3144 -1134//-2261 
f -1032//-2260 -1134//-2261 -2774//-3144 
f -992//-3870 -2425//-1281 -1133//-2633 
f -1119//-1282 -1133//-2633 -2425//-1281 
f -3912//-2723 -2707//-1513 -1132//-1511 
f -1166//-2253 -1132//-1511 -2707//-1513 
f -1033//-2887 -1131//-2888 -2622//-3732 
f -3733//-2229 -2622//-3732 -1131//-2888 
f -3978//-3286 -2494//-1987 -1130//-1147 
f -3436//-1131 -1130//-1147 -2494//-1987 
f -1190//-2851 -1129//-1141 -2549//-842 
f -3303//-2445 -2549//-842 -1129//-1141 
f -2499//-3990 -4115//-1643 -1128//-793 
f -1127//-1903 -1128//-793 -4115//-1643 
f -4115//-1643 -3213//-4084 -1127//-1903 
f -3497//-2014 -1127//-1903 -3213//-4084 
f -3258//-3256 -3733//-2229 -1126//-2227 
f -1131//-2888 -1126//-2227 -3733//-2229 
f -2426//-1802 -3918//-1320 -1125//-1322 
f -1153//-2013 -1125//-1322 -3918//-1320 
f -1036//-1312 -1124//-2289 -2485//-1908 
f -3493//-2902 -2485//-1908 -1124//-2289 
f -4105//-1349 -2623//-3314 -1123//-2537 
f -1034//-2536 -1123//-2537 -2623//-3314 
f -3552//-3315 -2474//-1521 -1122//-1520 
f -1192//-1519 -1122//-1520 -2474//-1521 
f -1148//-2595 -1121//-2596 -2476//-3632 
f -3940//-856 -2476//-3632 -1121//-2596 
f -1188//-2624 -1120//-863 -3838//-865 
f -2567//-2622 -3838//-865 -1120//-863 
f -2425//-1281 -4124//-2909 -1119//-1282 
f -1118//-2632 -1119//-1282 -4124//-2909 
f -1184//-2631 -1118//-2632 -2611//-3435 
f -4124//-2909 -2611//-3435 -1118//-2632 
f -2657//-1634 -2360//-682 -1117//-2832 
f -1156//-3348 -1117//-2832 -2360//-682 
f -4096//-3944 -3343//-2973 -1116//-66 
f -1559//-805 -1116//-66 -3343//-2973 
f -3716//-2160 -2634//-2158 -1115//-2156 
f -1193//-2464 -1115//-2156 -2634//-2158 
f -2377//-3826 -1114//-3827 -3373//-880 
f -3928//-879 -3373//-880 -1114//-3827 
f -2454//-2393 -1113//-862 -3315//-1560 
f -3917//-1962 -3315//-1560 -1113//-862 
f -1081//-1269 -2421//-4007 -1112//-1271 
f -1250//-32 -1112//-1271 -2421//-4007 
f -3952//-529 -3456//-528 -1111//-3946 
f -7//-241 -1111//-3946 -3456//-528 
f -3728//-2206 -1110//-895 -2852//-2204 
f -3243//-736 -2852//-2204 -1110//-895 
f -1109//-2494 -2962//-2495 -2424//-3356 
f -2424//-3356 -910//-23 -1109//-2494 
f -1115//-2156 -1108//-1035 -3716//-2160 
f -2484//-3932 -3716//-2160 -1108//-1035 
f -3433//-1119 -3543//-1120 -1107//-2485 
f -2422//-3890 -1107//-2485 -3543//-1120 
f -1108//-1035 -1106//-1033 -2484//-3932 
f -3711//-3956 -2484//-3932 -1106//-1033 
f -3205//-1554 -1105//-1168 -2380//-688 
f -4048//-4071 -2380//-688 -1105//-1168 
f -4136//-2621 -2567//-2622 -1104//-2128 
f -1120//-863 -1104//-2128 -2567//-2622 
f -4043//-2391 -2871//-253 -1103//-3329 
f -1745//-2752 -1103//-3329 -2871//-253 
f -3925//-3488 -1835//-672 -1102//-2043 
f -1835//-672 -3196//-673 -1102//-2043 
f -1831//-664 -3191//-665 -1101//-2048 
f -3924//-3992 -1831//-664 -1101//-2048 
f -4061//-3426 -1834//-668 -1100//-2472 
f -1834//-668 -3193//-669 -1100//-2472 
f -1832//-661 -3188//-1594 -1099//-2747 
f -3577//-1597 -1832//-661 -1099//-2747 
f -1827//-3681 -4067//-656 -1098//-2019 
f -4067//-656 -3183//-722 -1098//-2019 
f -4019//-3487 -1833//-660 -1097//-2056 
f -1833//-660 -3187//-715 -1097//-2056 
f -4035//-3561 -1836//-670 -1096//-2051 
f -1836//-670 -3194//-717 -1096//-2051 
f -4044//-3609 -1828//-663 -1095//-2035 
f -1828//-663 -3190//-714 -1095//-2035 
f -3923//-3009 -1829//-671 -1094//-2032 
f -1829//-671 -3195//-4076 -1094//-2032 
f -3921//-3004 -1826//-662 -1093//-2021 
f -1826//-662 -3189//-1341 -1093//-2021 
f -3922//-3604 -1825//-666 -1092//-2029 
f -1825//-666 -3192//-667 -1092//-2029 
f -4006//-3423 -1823//-658 -1091//-2040 
f -1823//-658 -3185//-718 -1091//-2040 
f -1824//-659 -3186//-2492 -1090//-2025 
f -4057//-3682 -1824//-659 -1090//-2025 
f -4055//-3558 -1830//-657 -1089//-2017 
f -1830//-657 -3184//-719 -1089//-2017 
f -2100//-2114 -1088//-2115 -2333//-2433 
f -3437//-2089 -2333//-2433 -1088//-2115 
f -2450//-1092 -3483//-4109 -1087//-1278 
f -1087//-1278 -2963//-1277 -2450//-1092 
f -1006//-8 -1086//-2215 -3730//-893 
f -1976//-874 -3730//-893 -1086//-2215 
f -2573//-1991 -3673//-3137 -1085//-1130 
f -1161//-1129 -1085//-1130 -3673//-3137 
f -990//-1132 -2358//-4057 -1084//-2477 
f -1041//-1176 -1084//-2477 -2358//-4057 
f -2807//-3431 -3303//-2445 -1083//-2444 
f -1129//-1141 -1083//-2444 -3303//-2445 
f -1151//-782 -1082//-2889 -2564//-4108 
f -3798//-4126 -2564//-4108 -1082//-2889 
f -3149//-615 -1081//-1269 -1565//-1270 
f -1081//-1269 -3149//-615 -1896//-4009 
f -2327//-3790 -1080//-3797 -3238//-243 
f -1428//-3060 -3238//-243 -1080//-3797 
f -3196//-673 -1852//-3608 -1079//-2044 
f -1852//-3608 -4044//-3609 -1079//-2044 
f -1842//-3557 -4055//-3558 -1078//-2052 
f -3194//-717 -1842//-3557 -1078//-2052 
f -3193//-669 -1850//-1620 -1077//-2474 
f -1850//-1620 -4057//-3682 -1077//-2474 
f -3190//-714 -1851//-3006 -1076//-2036 
f -1851//-3006 -3922//-3604 -1076//-2036 
f -3186//-2492 -1846//-3003 -1075//-2026 
f -1846//-3003 -3921//-3004 -1075//-2026 
f -3184//-719 -1847//-3011 -1074//-2049 
f -1847//-3011 -3924//-3992 -1074//-2049 
f -3188//-1594 -1841//-3560 -1073//-2749 
f -1841//-3560 -4035//-3561 -1073//-2749 
f -3185//-718 -1848//-3425 -1072//-2473 
f -1848//-3425 -4061//-3426 -1072//-2473 
f -3195//-4076 -1844//-1596 -1071//-2748 
f -1844//-1596 -3577//-1597 -1071//-2748 
f -3189//-1341 -1849//-3680 -1070//-2022 
f -1849//-3680 -1827//-3681 -1070//-2022 
f -3183//-722 -1845//-3008 -1069//-2033 
f -1845//-3008 -3923//-3009 -1069//-2033 
f -3192//-667 -1843//-3422 -1068//-2041 
f -1843//-3422 -4006//-3423 -1068//-2041 
f -3187//-715 -1840//-3014 -1067//-2058 
f -1840//-3014 -3925//-3488 -1067//-2058 
f -3191//-665 -1839//-3486 -1066//-2057 
f -1839//-3486 -4019//-3487 -1066//-2057 
f -3885//-1693 -3308//-2833 -1065//-1632 
f -1347//-683 -1065//-1632 -3308//-2833 
f -4032//-4026 -1064//-2325 -2142//-1324 
f -1064//-2325 -4032//-4026 -1758//-3545 
f -2187//-1920 -3147//-3361 -1063//-1917 
f -1892//-613 -1063//-1917 -3147//-3361 
f -3467//-1225 -3418//-1226 -1062//-3057 
f -4079//-2629 -1062//-3057 -3418//-1226 
f -1061//-2866 -3743//-2266 -1900//-4011 
f -3743//-2266 -1061//-2866 -1566//-2268 
f -2107//-100 -1060//-101 -2498//-1210 
f -3002//-3740 -2498//-1210 -1060//-101 
f -3735//-1199 -1059//-1198 -1956//-1615 
f -1059//-1198 -3735//-1199 -2355//-2236 
f -2991//-1557 -1058//-1977 -1555//-1976 
f -1058//-1977 -2991//-1557 -2352//-375 
f -3846//-1196 -1057//-1197 -1957//-1618 
f -1057//-1197 -3846//-1196 -2353//-2657 
f -3337//-1757 -1056//-3852 -1962//-3850 
f -1056//-3852 -3337//-1757 -2354//-910 
f -2550//-1896 -1055//-3569 -2844//-3570 
f -1055//-3569 -2550//-1896 -3648//-877 
f -1054//-3508 -3783//-551 -405//-219 
f -3783//-551 -1054//-3508 -2108//-3715 
f -2372//-3694 -1053//-3891 -3349//-99 
f -1267//-3889 -3349//-99 -1053//-3891 
f -1052//-1454 -3536//-2699 -1935//-250 
f -3536//-2699 -1052//-1454 -960//-2701 
f -1051//-1456 -3537//-2867 -1937//-249 
f -3537//-2867 -1051//-1456 -953//-2869 
f -3535//-2977 -1050//-1451 -963//-2979 
f -1050//-1451 -3535//-2977 -1934//-248 
f -1049//-1966 -3666//-2937 -1929//-247 
f -3666//-2937 -1049//-1966 -951//-2939 
f -1048//-887 -4117//-4002 -3480//-4003 
f -4117//-4002 -1048//-887 -3327//-1044 
f -2140//-2404 -2656//-67 -1047//-3418 
f -1590//-2895 -1047//-3418 -2656//-67 
f -1030//-780 -1046//-2270 -3257//-3814 
f -2632//-3813 -3257//-3814 -1046//-2270 
f -1183//-1538 -1045//-2140 -2561//-4066 
f -3744//-4065 -2561//-4066 -1045//-2140 
f -1025//-1223 -1044//-1189 -2438//-4045 
f -3898//-4044 -2438//-4045 -1044//-1189 
f -1124//-2289 -1043//-1174 -3493//-2902 
f -2531//-3801 -3493//-2902 -1043//-1174 
f -3316//-4123 -3506//-3939 -1042//-2528 
f -1141//-1348 -1042//-2528 -3506//-3939 
f -1155//-1175 -1041//-1176 -4092//-4058 
f -2358//-4057 -4092//-4058 -1041//-1176 
f -1128//-793 -1040//-1902 -2499//-3990 
f -3550//-3989 -2499//-3990 -1040//-1902 
f -1035//-2478 -1039//-2529 -2346//-3648 
f -991//-1459 -2346//-3648 -1039//-2529 
f -3563//-4079 -3236//-4080 -1038//-2648 
f -1159//-1161 -1038//-2648 -3236//-4080 
f -1169//-1512 -1037//-2257 -2548//-2963 
f -4066//-2962 -2548//-2963 -1037//-2257 
f -2485//-1908 -3900//-1311 -1036//-1312 
f -1135//-2288 -1036//-1312 -3900//-1311 
f -2346//-3648 -3978//-3286 -1035//-2478 
f -1130//-1147 -1035//-2478 -3978//-3286 
f -2623//-3314 -3552//-3315 -1034//-2536 
f -1122//-1520 -1034//-2536 -3552//-3315 
f -2622//-3732 -3231//-3733 -1033//-2887 
f -1144//-2961 -1033//-2887 -3231//-3733 
f -2774//-3144 -3951//-3145 -1032//-2260 
f -1147//-1318 -1032//-2260 -3951//-3145 
f -3313//-3079 -3940//-856 -1031//-857 
f -1121//-2596 -1031//-857 -3940//-856 
f -3257//-3814 -2367//-781 -1030//-780 
f -1191//-1335 -1030//-780 -2367//-781 
f -1024//-975 -2079//-65 -1029//-980 
f -1231//-2138 -1029//-980 -2079//-65 
f -2637//-3171 -3898//-4044 -1028//-1230 
f -1044//-1189 -1028//-1230 -3898//-4044 
f -2287//-111 -1027//-4102 -2746//-3189 
f -1027//-4102 -2287//-111 -3330//-2812 
f -3319//-871 -1026//-929 -1315//-873 
f -1026//-929 -3319//-871 -2289//-1523 
f -987//-1222 -1025//-1223 -3782//-2412 
f -2438//-4045 -3782//-2412 -1025//-1223 
f -3372//-974 -1024//-975 -2618//-979 
f -1029//-980 -2618//-979 -1024//-975 
f -154//-263 -1023//-508 -2566//-2216 
f -2292//-506 -2566//-2216 -1023//-508 
f -3332//-901 -1022//-3066 -1587//-898 
f -1022//-3066 -3332//-901 -2543//-1180 
f -4138//-4093 -4125//-3759 -1021//-3760 
f -4138//-4093 -1013//-261 -3430//-262 
f -1000//-3516 -1020//-1108 -3428//-3982 
f -4138//-4093 -3428//-3982 -1020//-1108 
f -999//-3523 -3426//-1101 -1019//-4094 
f -3426//-1101 -4138//-4093 -1019//-4094 
f -998//-3520 -3425//-1099 -1018//-3773 
f -1018//-3773 -3425//-1099 -4138//-4093 
f -1003//-3507 -1017//-1096 -3424//-3979 
f -1017//-1096 -4138//-4093 -3424//-3979 
f -4138//-4093 -1016//-3984 -3429//-1110 
f -1001//-3527 -3429//-1110 -1016//-3984 
f -4138//-4093 -1015//-4063 -3427//-1105 
f -1002//-3532 -3427//-1105 -1015//-4063 
f -1975//-834 -2406//-835 -1014//-1700 
f -1251//-1702 -1014//-1700 -2406//-835 
f -1004//-3501 -1013//-261 -1021//-3760 
f -4138//-4093 -1021//-3760 -1013//-261 
f -1012//-3324 -2596//-187 -3986//-2817 
f -2596//-187 -1012//-3324 -4100//-3322 
f -2379//-2214 -3959//-1235 -1011//-3188 
f -2996//-905 -1011//-3188 -3959//-1235 
f -3747//-4140 -1010//-836 -2483//-2281 
f -1010//-836 -3747//-4140 -915//-689 
f -3738//-4041 -2984//-4042 -1009//-3368 
f -2373//-3961 -1009//-3368 -2984//-4042 
f -1008//-2113 -3706//-4008 -2345//-2116 
f -3706//-4008 -1008//-2113 -2185//-3170 
f -1028//-1230 -1007//-1228 -2637//-3171 
f -3663//-3417 -2637//-3171 -1007//-1228 
f -1086//-2215 -1006//-8 -2189//-2217 
f -3704//-923 -2189//-2217 -1006//-8 
f -2581//-648 -1005//-1918 -2544//-39 
f -2077//-1916 -2544//-39 -1005//-1918 
f -1013//-261 -1004//-3501 -2858//-1112 
f -3719//-3499 -2858//-1112 -1004//-3501 
f -3722//-3505 -2803//-1094 -1003//-3507 
f -1017//-1096 -1003//-3507 -2803//-1094 
f -3427//-1105 -1002//-3532 -2806//-1103 
f -3720//-3530 -2806//-1103 -1002//-3532 
f -3725//-3525 -2802//-1111 -1001//-3527 
f -3429//-1110 -1001//-3527 -2802//-1111 
f -3721//-3514 -2810//-1106 -1000//-3516 
f -1020//-1108 -1000//-3516 -2810//-1106 
f -3426//-1101 -999//-3523 -2808//-1102 
f -3724//-3521 -2808//-1102 -999//-3523 
f -3425//-1099 -998//-3520 -2805//-1097 
f -3723//-3518 -2805//-1097 -998//-3520 
f -2332//-3272 -997//-2983 -3377//-724 
f -3233//-1392 -3377//-724 -997//-2983 
f -1139//-1323 -3497//-2014 -996//-2990 
f -3213//-4084 -996//-2990 -3497//-2014 
f -2865//-4136 -995//-4137 -3601//-1090 
f -994//-1089 -3601//-1090 -995//-4137 
f -1189//-1088 -994//-1089 -2317//-1668 
f -995//-4137 -2317//-1668 -994//-1089 
f -2380//-688 -993//-1553 -3205//-1554 
f -1137//-2649 -3205//-1554 -993//-1553 
f -1133//-2633 -3484//-2287 -992//-3870 
f -2495//-3999 -992//-3870 -3484//-2287 
f -2709//-1458 -991//-1459 -3538//-1462 
f -1039//-2529 -3538//-1462 -991//-1459 
f -1084//-2477 -3436//-1131 -990//-1132 
f -2494//-1987 -990//-1132 -3436//-1131 
f -1149//-2534 -3496//-1317 -989//-1319 
f -2510//-3180 -989//-1319 -3496//-1317 
f -1900//-4011 -988//-4012 -3485//-2865 
f -2292//-506 -3485//-2865 -988//-4012 
f -3782//-2412 -2961//-2587 -987//-1222 
f -709//-1224 -987//-1222 -2961//-2587 
f -1319//-1134 -2726//-1135 -986//-2 
f -3914//-103 -986//-2 -2726//-1135 
f -1258//-4052 -985//-3945 -2987//-368 
f -3203//-3943 -2987//-368 -985//-3945 
f -3491//-4055 -984//-4068 -3483//-4109 
f -984//-4068 -3491//-4055 -2672//-68 
f -983//-2490 -2715//-5 -3809//-3955 
f -2715//-5 -983//-2490 -2149//-2491 
f -2884//-4017 -1975//-834 -982//-1701 
f -1014//-1700 -982//-1701 -1975//-834 
f -2149//-2491 -981//-3190 -2996//-905 
f -1011//-3188 -2996//-905 -981//-3190 
f -1063//-1917 -980//-614 -2608//-2802 
f -3149//-615 -2608//-2802 -980//-614 
f -1260//-49 -979//-336 -2347//-1980 
f -2545//-337 -2347//-1980 -979//-336 
f -978//-3884 -3462//-3661 -1717//-3662 
f -3462//-3661 -978//-3884 -962//-588 
f -977//-3338 -3653//-2547 -1715//-2548 
f -3653//-2547 -977//-3338 -953//-2869 
f -976//-1625 -3934//-3886 -1704//-3887 
f -3934//-3886 -976//-1625 -964//-596 
f -975//-3845 -3761//-3926 -1708//-3927 
f -3761//-3926 -975//-3845 -956//-3037 
f -974//-3906 -3909//-2947 -1710//-2376 
f -3909//-2947 -974//-3906 -952//-371 
f -973//-3496 -4094//-3922 -1714//-3548 
f -4094//-3922 -973//-3496 -959//-373 
f -972//-3917 -3463//-1206 -2282//-594 
f -3463//-1206 -972//-3917 -1705//-3918 
f -3461//-1752 -971//-3804 -958//-591 
f -971//-3804 -3461//-1752 -1716//-1753 
f -970//-2469 -3656//-1930 -1712//-1931 
f -3656//-1930 -970//-2469 -963//-2979 
f -969//-3155 -3655//-1921 -1711//-1922 
f -3655//-1921 -969//-3155 -960//-2701 
f -4000//-3977 -968//-882 -957//-2211 
f -968//-882 -4000//-3977 -1709//-3778 
f -967//-3718 -4049//-3935 -1713//-2661 
f -4049//-3935 -967//-3718 -955//-369 
f -966//-917 -4041//-3925 -1706//-3537 
f -4041//-3925 -966//-917 -961//-920 
f -3770//-2369 -965//-3472 -951//-2939 
f -965//-3472 -3770//-2369 -1707//-2370 
f -2453//-597 -964//-596 -2138//-2274 
f -964//-596 -2453//-597 -3934//-3886 
f -2146//-1929 -963//-2979 -2882//-2981 
f -963//-2979 -2146//-1929 -3656//-1930 
f -962//-588 -2280//-678 -3462//-3661 
f -2280//-678 -962//-588 -2912//-2871 
f -961//-920 -2281//-674 -4041//-3925 
f -2281//-674 -961//-920 -2913//-3817 
f -2144//-1926 -960//-2701 -2881//-2703 
f -960//-2701 -2144//-1926 -3655//-1921 
f -959//-373 -2353//-2657 -4094//-3922 
f -2353//-2657 -959//-373 -1057//-1197 
f -2279//-676 -958//-591 -2911//-3407 
f -958//-591 -2279//-676 -3461//-1752 
f -2452//-2209 -957//-2211 -2137//-2212 
f -957//-2211 -2452//-2209 -4000//-3977 
f -2352//-375 -956//-3037 -1058//-1977 
f -956//-3037 -2352//-375 -3761//-3926 
f -2354//-910 -955//-369 -1056//-3852 
f -955//-369 -2354//-910 -4049//-3935 
f -2282//-594 -954//-2221 -972//-3917 
f -954//-2221 -2282//-594 -2910//-2218 
f -2145//-1915 -953//-2869 -2883//-1911 
f -953//-2869 -2145//-1915 -3653//-2547 
f -952//-371 -2355//-2236 -3909//-2947 
f -2355//-2236 -952//-371 -1059//-1198 
f -2451//-1086 -951//-2939 -3419//-1967 
f -951//-2939 -2451//-1086 -3770//-2369 
f -827//-1623 -950//-2431 -2674//-4016 
f -3914//-103 -2674//-4016 -950//-2431 
f -3483//-4109 -949//-2884 -2821//-2148 
f -904//-2883 -949//-2884 -3483//-4109 
f -3320//-4104 -2379//-2214 -948//-4103 
f -1011//-3188 -948//-4103 -2379//-2214 
f -947//-47 -3882//-3781 -176//-3911 
f -3882//-3781 -947//-47 -903//-1276 
f -3342//-2328 -946//-3038 -1644//-3039 
f -946//-3038 -3342//-2328 -920//-1555 
f -945//-3874 -3953//-3934 -923//-273 
f -3953//-3934 -945//-3874 -1641//-3875 
f -4062//-1165 -944//-3846 -1643//-1164 
f -944//-3846 -4062//-1165 -926//-2366 
f -943//-3192 -3589//-3976 -929//-2210 
f -3589//-3976 -943//-3192 -1645//-3193 
f -4021//-1927 -942//-3497 -1648//-646 
f -942//-3497 -4021//-1927 -928//-1928 
f -4020//-2946 -941//-3805 -1646//-3571 
f -941//-3805 -4020//-2946 -924//-592 
f -940//-3908 -4003//-1203 -921//-677 
f -4003//-1203 -940//-3908 -1651//-3909 
f -4046//-3921 -939//-2952 -1642//-2953 
f -939//-2952 -4046//-3921 -930//-595 
f -4053//-1924 -938//-3907 -1647//-645 
f -938//-3907 -4053//-1924 -927//-1925 
f -3989//-3924 -937//-3936 -1638//-3937 
f -937//-3936 -3989//-3924 -919//-675 
f -4016//-1204 -936//-3847 -1649//-3848 
f -936//-3847 -4016//-1204 -931//-679 
f -3324//-3391 -935//-3295 -1640//-3296 
f -935//-3295 -3324//-3391 -925//-2806 
f -4038//-3052 -934//-3885 -1650//-3062 
f -934//-3885 -4038//-3052 -922//-598 
f -4063//-1913 -933//-3719 -1639//-644 
f -933//-3719 -4063//-1913 -932//-1914 
f -2413//-370 -932//-1914 -3500//-1332 
f -932//-1914 -2413//-370 -933//-3719 
f -2444//-2938 -931//-679 -2131//-2875 
f -931//-679 -2444//-2938 -936//-3847 
f -2449//-593 -930//-595 -2128//-3837 
f -930//-595 -2449//-593 -939//-2952 
f -929//-2210 -2446//-589 -943//-3192 
f -2446//-589 -929//-2210 -2126//-3958 
f -2414//-374 -928//-1928 -3585//-846 
f -928//-1928 -2414//-374 -942//-3497 
f -2412//-372 -927//-1925 -3584//-843 
f -927//-1925 -2412//-372 -938//-3907 
f -2448//-3036 -926//-2366 -3668//-2367 
f -926//-2366 -2448//-3036 -944//-3846 
f -2445//-883 -925//-2806 -2790//-2807 
f -925//-2806 -2445//-883 -935//-3295 
f -2441//-590 -924//-592 -2127//-2237 
f -924//-592 -2441//-590 -941//-3805 
f -923//-273 -2277//-2700 -945//-3874 
f -2277//-2700 -923//-273 -2909//-1756 
f -2447//-587 -922//-598 -2125//-2613 
f -922//-598 -2447//-587 -934//-3885 
f -2442//-2978 -921//-677 -2133//-1999 
f -921//-677 -2442//-2978 -940//-3908 
f -2443//-919 -920//-1555 -2789//-1558 
f -920//-1555 -2443//-919 -946//-3038 
f -2440//-2868 -919//-675 -2132//-1696 
f -919//-675 -2440//-2868 -937//-3936 
f -914//-1122 -918//-1123 -3399//-3156 
f -2368//-1691 -3399//-3156 -918//-1123 
f -3607//-1690 -2368//-1691 -917//-1029 
f -918//-1123 -917//-1029 -2368//-1691 
f -908//-801 -916//-2108 -1761//-922 
f -2581//-648 -1761//-922 -916//-2108 
f -3206//-4141 -915//-689 -3747//-4140 
f -915//-689 -3206//-4141 -3994//-690 
f -3399//-3156 -2906//-2292 -914//-1122 
f -697//-1124 -914//-1122 -2906//-2292 
f -871//-1529 -913//-1527 -2831//-2395 
f -3369//-2394 -2831//-2395 -913//-1527 
f -3400//-3355 -912//-4111 -3483//-4109 
f -912//-4111 -3400//-3355 -2615//-63 
f -911//-4056 -3465//-4110 -2616//-64 
f -3465//-4110 -911//-4056 -3483//-4109 
f -3423//-1093 -910//-23 -3483//-4109 
f -910//-23 -3423//-1093 -2820//-1091 
f -909//-4098 -3330//-2812 -2273//-894 
f -3330//-2812 -909//-4098 -1027//-4102 
f -1006//-8 -908//-801 -3704//-923 
f -1761//-922 -3704//-923 -908//-801 
f -4108//-376 -2577//-1233 -907//-50 
f -1260//-49 -907//-50 -2577//-1233 
f -917//-1029 -906//-3895 -3607//-1690 
f -2617//-943 -3607//-1690 -906//-3895 
f -2193//-3359 -905//-3358 -2369//-3865 
f -2369//-3865 -905//-3358 -3976//-2708 
f -904//-2883 -3453//-4069 -2605//-60 
f -3453//-4069 -904//-2883 -3483//-4109 
f -903//-1276 -2359//-3780 -3882//-3781 
f -2359//-3780 -903//-1276 -3937//-190 
f -829//-496 -902//-751 -2583//-2764 
f -2304//-2075 -2583//-2764 -902//-751 
f -835//-501 -901//-748 -2589//-2791 
f -2302//-2081 -2589//-2791 -901//-748 
f -834//-503 -900//-755 -2585//-2773 
f -2298//-2122 -2585//-2773 -900//-755 
f -832//-499 -899//-739 -2586//-2767 
f -2300//-2097 -2586//-2767 -899//-739 
f -830//-505 -898//-745 -2587//-2755 
f -2299//-2069 -2587//-2755 -898//-745 
f -831//-495 -897//-752 -2588//-2785 
f -2303//-2101 -2588//-2785 -897//-752 
f -833//-492 -896//-742 -2584//-2779 
f -2301//-2084 -2584//-2779 -896//-742 
f -986//-2 -3914//-103 -895//-2432 
f -950//-2431 -895//-2432 -3914//-103 
f -1065//-1632 -894//-850 -3885//-1693 
f -2404//-3160 -3885//-1693 -894//-850 
f -2853//-341 -3609//-854 -893//-3200 
f -3312//-1698 -893//-3200 -3609//-854 
f -2284//-3798 -892//-1627 -3590//-2836 
f -3235//-2835 -3590//-2836 -892//-1627 
f -632//-3211 -891//-3214 -2501//-3213 
f -3248//-750 -2501//-3213 -891//-3214 
f -633//-3238 -890//-3235 -2505//-3240 
f -3249//-754 -2505//-3240 -890//-3235 
f -634//-3229 -889//-3232 -2503//-3231 
f -3244//-738 -2503//-3231 -889//-3232 
f -3245//-741 -2504//-3225 -888//-3226 
f -635//-3223 -888//-3226 -2504//-3225 
f -3250//-757 -2502//-3243 -887//-3244 
f -637//-3241 -887//-3244 -2502//-3243 
f -631//-3217 -886//-3220 -2506//-3219 
f -3247//-747 -2506//-3219 -886//-3220 
f -636//-3208 -885//-3205 -2507//-3210 
f -3246//-744 -2507//-3210 -885//-3205 
f -1007//-1228 -884//-1229 -3663//-3417 
f -3378//-3416 -3663//-3417 -884//-1229 
f -3087//-2863 -883//-6 -1437//-44 
f -883//-6 -3087//-2863 -3892//-2861 
f -882//-2694 -1812//-2697 -3211//-698 
f -1812//-2697 -882//-2694 -1549//-2695 
f -1261//-2803 -881//-38 -2077//-1916 
f -2544//-39 -2077//-1916 -881//-38 
f -1229//-912 -880//-911 -2856//-3964 
f -1742//-1085 -2856//-3964 -880//-911 
f -2566//-2216 -2292//-506 -879//-1283 
f -988//-4012 -879//-1283 -2292//-506 
f -2887//-2082 -878//-2080 -3247//-747 
f -2506//-3219 -3247//-747 -878//-2080 
f -2885//-2070 -877//-2068 -3246//-744 
f -2507//-3210 -3246//-744 -877//-2068 
f -2889//-2098 -876//-2096 -3244//-738 
f -2503//-3231 -3244//-738 -876//-2096 
f -2888//-2085 -875//-2083 -3245//-741 
f -2504//-3225 -3245//-741 -875//-2083 
f -2891//-2123 -874//-2121 -3250//-757 
f -2502//-3243 -3250//-757 -874//-2121 
f -2886//-2076 -873//-2074 -3248//-750 
f -2501//-3213 -3248//-750 -873//-2074 
f -2890//-2102 -872//-2100 -3249//-754 
f -2505//-3240 -3249//-754 -872//-2100 
f -2831//-2395 -3778//-3159 -871//-1529 
f -828//-1635 -871//-1529 -3778//-3159 
f -3556//-3951 -2899//-3949 -870//-2330 
f -867//-1603 -870//-2330 -2899//-3949 
f -2727//-1801 -4129//-4085 -869//-2448 
f -796//-2447 -869//-2448 -4129//-4085 
f -2999//-3647 -4051//-1460 -868//-1368 
f -782//-2400 -868//-1368 -4051//-1460 
f -718//-2331 -867//-1603 -4045//-4138 
f -2899//-3949 -4045//-4138 -867//-1603 
f -2607//-3856 -3958//-3181 -866//-2339 
f -781//-2338 -866//-2339 -3958//-3181 
f -2875//-2991 -3671//-1988 -865//-1985 
f -797//-2992 -865//-1985 -3671//-1988 
f -2722//-2940 -3908//-2941 -864//-1649 
f -840//-2152 -864//-1649 -3908//-2941 
f -2635//-1036 -4116//-4000 -863//-2514 
f -800//-2513 -863//-2514 -4116//-4000 
f -794//-2348 -862//-2352 -4137//-3855 
f -2609//-3854 -4137//-3855 -862//-2352 
f -2721//-3800 -3919//-4059 -861//-2461 
f -845//-2460 -861//-2461 -3919//-4059 
f -2621//-3631 -3997//-2553 -860//-2154 
f -774//-2554 -860//-2154 -3997//-2553 
f -2761//-1907 -3652//-3802 -859//-1601 
f -779//-1600 -859//-1601 -3652//-3802 
f -3862//-2724 -3368//-2964 -858//-2720 
f -773//-963 -858//-2720 -3368//-2964 
f -4130//-3646 -2999//-3647 -857//-380 
f -868//-1368 -857//-380 -2999//-3647 
f -819//-2509 -856//-1906 -4080//-1909 
f -2719//-3998 -4080//-1909 -856//-1906 
f -4015//-1644 -2640//-3991 -855//-2449 
f -748//-1960 -855//-2449 -2640//-3991 
f -3979//-3291 -2629//-4067 -854//-2361 
f -717//-1534 -854//-2361 -2629//-4067 
f -857//-380 -853//-379 -4130//-3646 
f -2717//-1986 -4130//-3646 -853//-379 
f -2625//-1899 -4139//-4121 -852//-2518 
f -593//-2924 -852//-2518 -4139//-4121 
f -2710//-3179 -4107//-3146 -851//-1533 
f -801//-1532 -851//-1533 -4107//-3146 
f -2744//-3610 -3933//-3316 -850//-2012 
f -820//-2515 -850//-2012 -3933//-3316 
f -2833//-3819 -3961//-3815 -849//-2823 
f -777//-2822 -849//-2823 -3961//-3815 
f -795//-2409 -848//-1654 -4127//-4081 
f -2598//-1652 -4127//-4081 -848//-1654 
f -849//-2823 -847//-803 -2833//-3819 
f -3557//-3821 -2833//-3819 -847//-803 
f -3972//-948 -3352//-4124 -846//-2913 
f -597//-2162 -846//-2913 -3352//-4124 
f -865//-1985 -845//-2460 -2875//-2991 
f -3919//-4059 -2875//-2991 -845//-2460 
f -2482//-841 -4007//-3432 -844//-2161 
f -766//-2354 -844//-2161 -4007//-3432 
f -2518//-1552 -4086//-3136 -843//-1550 
f -798//-2408 -843//-1550 -4086//-3136 
f -2819//-3373 -4133//-2159 -842//-210 
f -841//-1660 -842//-210 -4133//-2159 
f -4133//-2159 -2832//-3957 -841//-1660 
f -770//-1659 -841//-1660 -2832//-3957 
f -3908//-2941 -2878//-4072 -840//-2152 
f -778//-2151 -840//-2152 -2878//-4072 
f -4010//-864 -3298//-2623 -839//-2244 
f -775//-2243 -839//-2244 -3298//-2623 
f -3301//-3270 -4077//-3271 -838//-849 
f -1978//-2934 -838//-849 -4077//-3271 
f -3353//-3913 -2350//-3779 -837//-52 
f -791//-51 -837//-52 -2350//-3779 
f -842//-210 -836//-2900 -2819//-3373 
f -3292//-3375 -2819//-3373 -836//-2900 
f -2252//-1765 -3084//-3218 -835//-501 
f -901//-748 -835//-501 -3084//-3218 
f -2250//-1774 -3085//-3242 -834//-503 
f -900//-755 -834//-503 -3085//-3242 
f -2254//-1762 -3080//-3224 -833//-492 
f -896//-742 -833//-492 -3080//-3224 
f -899//-739 -832//-499 -3083//-3230 
f -2251//-1780 -3083//-3230 -832//-499 
f -897//-752 -831//-495 -3081//-3239 
f -2248//-1792 -3081//-3239 -831//-495 
f -898//-745 -830//-505 -3086//-3209 
f -2249//-1786 -3086//-3209 -830//-505 
f -2247//-1798 -3082//-3212 -829//-496 
f -902//-751 -829//-496 -3082//-3212 
f -894//-850 -828//-1635 -2404//-3160 
f -3778//-3159 -2404//-3160 -828//-1635 
f -2674//-4016 -3587//-3262 -827//-1623 
f -799//-2427 -827//-1623 -3587//-3262 
f -3901//-892 -3329//-3434 -826//-2359 
f -824//-2358 -826//-2359 -3329//-3434 
f -3717//-3070 -3341//-242 -825//-3966 
f -3938//-3782 -825//-3966 -3341//-242 
f -803//-2905 -824//-2358 -3403//-2908 
f -3329//-3434 -3403//-2908 -824//-2358 
f -2628//-981 -3381//-3257 -823//-2912 
f -768//-2911 -823//-2912 -3381//-3257 
f -2624//-3195 -3632//-1803 -822//-1804 
f -802//-3196 -822//-1804 -3632//-1803 
f -3824//-4070 -2621//-3631 -821//-2155 
f -860//-2154 -821//-2155 -2621//-3631 
f -3933//-3316 -3340//-3051 -820//-2515 
f -804//-914 -820//-2515 -3340//-3051 
f -4080//-1909 -2761//-1907 -819//-2509 
f -859//-1601 -819//-2509 -2761//-1907 
f -2500//-4122 -4010//-864 -818//-833 
f -839//-2244 -818//-833 -4010//-864 
f -2792//-2829 -817//-1476 -1560//-1477 
f -817//-1476 -2792//-2829 -2119//-9 
f -3579//-3612 -2744//-3610 -816//-2010 
f -850//-2012 -816//-2010 -2744//-3610 
f -3051//-465 -815//-466 -671//-1173 
f -815//-466 -3051//-465 -3832//-2594 
f -3052//-468 -814//-469 -672//-2201 
f -814//-469 -3052//-468 -3897//-2891 
f -813//-729 -2402//-3261 -2218//-731 
f -2402//-3261 -813//-729 -1497//-1536 
f -3275//-3653 -812//-19 -1487//-1128 
f -812//-19 -3275//-3653 -2221//-18 
f -2434//-2565 -811//-3275 -1550//-1291 
f -811//-3275 -2434//-2565 -2217//-3277 
f -2417//-2904 -810//-16 -1490//-478 
f -810//-16 -2417//-2904 -2220//-17 
f -809//-20 -2419//-3142 -2222//-21 
f -2419//-3142 -809//-20 -1489//-477 
f -2401//-3411 -808//-1179 -1486//-1510 
f -808//-1179 -2401//-3411 -2219//-418 
f -3676//-3147 -3103//-3148 -807//-530 
f -2569//-3783 -807//-530 -3103//-3148 
f -3594//-3470 -2602//-3471 -806//-1959 
f -719//-1957 -806//-1959 -2602//-3471 
f -3649//-915 -2625//-1899 -805//-1901 
f -852//-2518 -805//-1901 -2625//-1899 
f -3340//-3051 -3649//-915 -804//-914 
f -805//-1901 -804//-914 -3649//-915 
f -863//-2514 -803//-2905 -2635//-1036 
f -3403//-2908 -2635//-1036 -803//-2905 
f -869//-2448 -802//-3196 -2727//-1801 
f -3632//-1803 -2727//-1801 -802//-3196 
f -598//-2334 -801//-1532 -2532//-1530 
f -4107//-3146 -2532//-1530 -801//-1532 
f -4116//-4000 -2719//-3998 -800//-2513 
f -856//-1906 -800//-2513 -2719//-3998 
f -3587//-3262 -2592//-1622 -799//-2427 
f -706//-2362 -799//-2427 -2592//-1622 
f -763//-2407 -798//-2408 -2720//-3836 
f -4086//-3136 -2720//-3836 -798//-2408 
f -3671//-1988 -2717//-1986 -797//-2992 
f -853//-379 -797//-2992 -2717//-1986 
f -4129//-4085 -2620//-4083 -796//-2447 
f -793//-1642 -796//-2447 -2620//-4083 
f -864//-1649 -795//-2409 -2722//-2940 
f -4127//-4081 -2722//-2940 -795//-2409 
f -823//-2912 -794//-2348 -2628//-981 
f -4137//-3855 -2628//-981 -794//-2348 
f -855//-2449 -793//-1642 -4015//-1644 
f -2620//-4083 -4015//-1644 -793//-1642 
f -3300//-4125 -2482//-841 -792//-991 
f -844//-2161 -792//-991 -2482//-841 
f -1249//-531 -791//-51 -2582//-1997 
f -2350//-3779 -2582//-1997 -791//-51 
f -2321//-1853 -3641//-2756 -790//-2178 
f -692//-2754 -790//-2178 -3641//-2756 
f -688//-2763 -789//-2188 -3647//-2765 
f -2319//-1892 -3647//-2765 -789//-2188 
f -2324//-1859 -3642//-2786 -788//-2193 
f -693//-2784 -788//-2193 -3642//-2786 
f -2322//-1871 -3644//-2768 -787//-2175 
f -689//-2766 -787//-2175 -3644//-2768 
f -2325//-1877 -3645//-2792 -786//-2185 
f -690//-2790 -786//-2185 -3645//-2792 
f -2323//-1868 -3643//-2774 -785//-2163 
f -687//-2772 -785//-2163 -3643//-2774 
f -2320//-1886 -3646//-2780 -784//-2168 
f -691//-2778 -784//-2168 -3646//-2780 
f -3737//-2245 -2614//-3650 -783//-2927 
f -684//-2320 -783//-2927 -2614//-3650 
f -4051//-1460 -2728//-4088 -782//-2400 
f -767//-2399 -782//-2400 -2728//-4088 
f -3958//-3181 -2710//-3179 -781//-2338 
f -851//-1533 -781//-2338 -2710//-3179 
f -846//-2913 -780//-946 -3972//-948 
f -2610//-3255 -3972//-948 -780//-946 
f -861//-2461 -779//-1600 -2721//-3800 
f -3652//-3802 -2721//-3800 -779//-1600 
f -821//-2155 -778//-2151 -3824//-4070 
f -2878//-4072 -3824//-4070 -778//-2151 
f -3961//-3815 -2624//-3195 -777//-2822 
f -822//-1804 -777//-2822 -2624//-3195 
f -3447//-4086 -2607//-3856 -776//-231 
f -866//-2339 -776//-231 -2607//-3856 
f -783//-2927 -775//-2243 -3737//-2245 
f -3298//-2623 -3737//-2245 -775//-2243 
f -3997//-2553 -2456//-3080 -774//-2554 
f -340//-2901 -774//-2554 -2456//-3080 
f -3368//-2964 -4089//-964 -773//-963 
f -772//-2353 -773//-963 -4089//-964 
f -4089//-964 -2609//-3854 -772//-2353 
f -862//-2352 -772//-2353 -2609//-3854 
f -2541//-3398 -771//-3396 -3062//-2111 
f -3234//-2110 -3062//-2111 -771//-3396 
f -107//-1657 -770//-1659 -3809//-3955 
f -2832//-3957 -3809//-3955 -770//-1659 
f -3002//-3740 -769//-3074 -1554//-3742 
f -769//-3074 -3002//-3740 -2109//-31 
f -3381//-3257 -2610//-3255 -768//-2911 
f -780//-946 -768//-2911 -2610//-3255 
f -776//-231 -767//-2399 -3447//-4086 
f -2728//-4088 -3447//-4086 -767//-2399 
f -702//-891 -766//-2354 -2558//-3430 
f -4007//-3432 -2558//-3430 -766//-2354 
f -3562//-3444 -2518//-1552 -765//-1551 
f -843//-1550 -765//-1551 -2518//-1552 
f -3597//-3834 -2598//-1652 -764//-1655 
f -848//-1654 -764//-1655 -2598//-1652 
f -2720//-3836 -3597//-3834 -763//-2407 
f -764//-1655 -763//-2407 -3597//-3834 
f -3090//-512 -762//-3829 -1465//-2625 
f -762//-3829 -3090//-512 -2515//-3704 
f -3091//-515 -761//-3727 -1459//-2634 
f -761//-3727 -3091//-515 -2516//-2497 
f -760//-3476 -3089//-509 -2517//-3701 
f -3089//-509 -760//-3476 -1458//-2262 
f -2398//-15 -759//-2988 -1480//-2016 
f -759//-2988 -2398//-15 -2904//-2731 
f -758//-461 -3049//-470 -3446//-2226 
f -3049//-470 -758//-461 -641//-3339 
f -3047//-517 -757//-457 -649//-3867 
f -757//-457 -3047//-517 -3489//-2630 
f -756//-3077 -2712//-1211 -3063//-482 
f -2712//-1211 -756//-3077 -651//-3630 
f -3046//-514 -755//-455 -648//-3313 
f -755//-455 -3046//-514 -3490//-1346 
f -754//-463 -3050//-511 -3488//-1461 
f -3050//-511 -754//-463 -643//-3285 
f -753//-459 -3048//-467 -3448//-1170 
f -3048//-467 -753//-459 -642//-3833 
f -3251//-271 -752//-3449 -650//-1944 
f -752//-3449 -3251//-271 -3181//-3451 
f -2857//-1084 -751//-2827 -1467//-4120 
f -751//-2827 -2857//-1084 -1895//-245 
f -750//-2830 -3211//-698 -2290//-699 
f -3211//-698 -750//-2830 -882//-2694 
f -4083//-1535 -2420//-2272 -749//-2363 
f -343//-211 -749//-2363 -2420//-2272 
f -2640//-3991 -3594//-3470 -748//-1960 
f -806//-1959 -748//-1960 -3594//-3470 
f -906//-3895 -747//-3551 -2617//-943 
f -2455//-3552 -2617//-943 -747//-3551 
f -3061//-3073 -746//-1524 -2546//-2698 
f -746//-1524 -3061//-3073 -2111//-480 
f -745//-2564 -2395//-800 -2209//-409 
f -2395//-800 -745//-2564 -1454//-2711 
f -744//-447 -3042//-448 -3440//-1143 
f -3042//-448 -744//-447 -622//-3344 
f -743//-3452 -2397//-798 -2205//-3454 
f -2397//-798 -743//-3452 -1455//-2255 
f -742//-453 -3045//-454 -3443//-1157 
f -3045//-454 -742//-453 -620//-3328 
f -3107//-3412 -741//-2541 -623//-544 
f -741//-2541 -3107//-3412 -2724//-3413 
f -3043//-450 -740//-449 -614//-3697 
f -740//-449 -3043//-450 -3441//-1149 
f -739//-445 -3041//-446 -3442//-1518 
f -3041//-446 -739//-445 -617//-3705 
f -3044//-452 -738//-451 -613//-2560 
f -738//-451 -3044//-452 -3444//-1163 
f -737//-3402 -3057//-473 -3054//-3404 
f -3057//-473 -737//-3402 -611//-1945 
f -2553//-936 -736//-3143 -1475//-1667 
f -736//-3143 -2553//-936 -2207//-2736 
f -735//-3654 -2552//-933 -2204//-3178 
f -2552//-933 -735//-3654 -1471//-2131 
f -734//-3264 -2554//-941 -2208//-3266 
f -2554//-941 -734//-3264 -1477//-2290 
f -2403//-809 -733//-3685 -1468//-2283 
f -733//-3685 -2403//-809 -2206//-3687 
f -3209//-1744 -4001//-3395 -732//-45 
f -3492//-2714 -732//-45 -4001//-3395 
f -3659//-3401 -731//-472 -577//-476 
f -731//-472 -3659//-3401 -3501//-779 
f -2555//-3477 -730//-935 -1449//-937 
f -730//-935 -2555//-3477 -2211//-392 
f -729//-797 -2396//-2989 -2213//-395 
f -2396//-2989 -729//-797 -1443//-795 
f -728//-440 -3036//-460 -3844//-2647 
f -3036//-460 -728//-440 -580//-1160 
f -727//-940 -2556//-3728 -2214//-402 
f -2556//-3728 -727//-940 -1447//-938 
f -726//-439 -3035//-462 -3726//-2886 
f -3035//-462 -726//-439 -573//-543 
f -725//-443 -3039//-464 -3806//-2531 
f -3039//-464 -725//-443 -581//-1146 
f -3038//-456 -724//-442 -578//-1152 
f -724//-442 -3038//-456 -3820//-2535 
f -723//-932 -2557//-3830 -2210//-398 
f -2557//-3830 -723//-932 -1442//-2127 
f -722//-441 -3037//-3078 -3802//-2157 
f -3037//-3078 -722//-441 -574//-1156 
f -721//-444 -3040//-458 -3890//-2854 
f -3040//-458 -721//-444 -572//-1140 
f -2376//-244 -720//-2566 -1430//-3278 
f -720//-2566 -2376//-244 -2215//-2568 
f -2602//-3471 -3862//-2724 -719//-1957 
f -858//-2720 -719//-1957 -3862//-2724 
f -342//-2011 -718//-2331 -2405//-1602 
f -4045//-4138 -2405//-1602 -718//-2331 
f -2629//-4067 -4083//-1535 -717//-1534 
f -749//-2363 -717//-1534 -4083//-1535 
f -707//-1290 -716//-649 -3487//-650 
f -811//-3275 -3487//-650 -716//-649 
f -715//-1473 -2480//-519 -3540//-28 
f -2480//-519 -715//-1473 -1688//-2581 
f -2479//-520 -714//-2385 -1692//-2386 
f -714//-2385 -2479//-520 -3775//-27 
f -2481//-523 -713//-1464 -1690//-1465 
f -713//-1464 -2481//-523 -3539//-30 
f -2473//-540 -712//-1504 -606//-1505 
f -712//-1504 -2473//-540 -409//-538 
f -2471//-534 -711//-1500 -601//-2379 
f -711//-1500 -2471//-534 -414//-532 
f -710//-1494 -2472//-537 -401//-535 
f -2472//-537 -710//-1494 -600//-1495 
f -2626//-3466 -709//-1224 -4014//-3465 
f -2961//-2587 -4014//-3465 -709//-1224 
f -2416//-3690 -708//-808 -1452//-1699 
f -708//-808 -2416//-3690 -2212//-401 
f -3283//-1703 -707//-1290 -1763//-3689 
f -3487//-650 -1763//-3689 -707//-1290 
f -854//-2361 -706//-2362 -3979//-3291 
f -2592//-1622 -3979//-3291 -706//-2362 
f -1968//-3309 -705//-3310 -3588//-3695 
f -2268//-3578 -3588//-3695 -705//-3310 
f -1202//-1039 -704//-1038 -2828//-2706 
f -1229//-912 -2828//-2706 -704//-1038 
f -3937//-190 -703//-1996 -2359//-3780 
f -703//-1996 -3937//-190 -2812//-3064 
f -2558//-3430 -3901//-892 -702//-891 
f -826//-2359 -702//-891 -3901//-892 
f -701//-3593 -1901//-687 -3204//-33 
f -1901//-687 -701//-3593 -211//-3711 
f -2534//-3274 -3600//-861 -700//-1665 
f -1967//-2620 -700//-1665 -3600//-861 
f -1271//-686 -699//-1 -2813//-2970 
f -1754//-1217 -2813//-2970 -699//-1 
f -3207//-3963 -4109//-3787 -698//-1137 
f -1893//-1136 -698//-1137 -4109//-3787 
f -2906//-2292 -3434//-3562 -697//-1124 
f -192//-3899 -697//-1124 -3434//-3562 
f -2328//-3187 -3416//-1081 -696//-556 
f -694//-555 -696//-556 -3416//-1081 
f -654//-906 -695//-4046 -3595//-1647 
f -2619//-896 -3595//-1647 -695//-4046 
f -656//-1286 -694//-555 -1753//-1082 
f -3416//-1081 -1753//-1082 -694//-555 
f -788//-2193 -693//-2784 -3273//-2195 
f -3725//-3525 -3273//-2195 -693//-2784 
f -790//-2178 -692//-2754 -3268//-2180 
f -3722//-3505 -3268//-2180 -692//-2754 
f -784//-2168 -691//-2778 -3271//-2170 
f -3720//-3530 -3271//-2170 -691//-2778 
f -786//-2185 -690//-2790 -3270//-2187 
f -3723//-3518 -3270//-2187 -690//-2790 
f -3721//-3514 -3272//-2177 -689//-2766 
f -787//-2175 -689//-2766 -3272//-2177 
f -789//-2188 -688//-2763 -3269//-2190 
f -3724//-3521 -3269//-2190 -688//-2763 
f -785//-2163 -687//-2772 -3274//-2165 
f -3719//-3499 -3274//-2165 -687//-2772 
f -3066//-3894 -686//-4 -4123//-3893 
f -3333//-3639 -4123//-3893 -686//-4 
f -3180//-3708 -1754//-1217 -685//-651 
f -699//-1 -685//-651 -1754//-1217 
f -765//-1551 -684//-2320 -3562//-3444 
f -2614//-3650 -3562//-3444 -684//-2320 
f -72//-634 -2250//-1774 -683//-502 
f -834//-503 -683//-502 -2250//-1774 
f -832//-499 -682//-498 -2251//-1780 
f -74//-636 -2251//-1780 -682//-498 
f -75//-631 -2254//-1762 -681//-493 
f -833//-492 -681//-493 -2254//-1762 
f -76//-642 -2249//-1786 -680//-504 
f -830//-505 -680//-504 -2249//-1786 
f -829//-496 -679//-497 -2247//-1798 
f -78//-639 -2247//-1798 -679//-497 
f -835//-501 -678//-500 -2252//-1765 
f -73//-633 -2252//-1765 -678//-500 
f -77//-641 -2248//-1792 -677//-494 
f -831//-495 -677//-494 -2248//-1792 
f -676//-1297 -2517//-3701 -3089//-509 
f -2517//-3701 -676//-1297 -121//-115 
f -1749//-791 -675//-191 -118//-193 
f -675//-191 -1749//-791 -3276//-3729 
f -674//-730 -1750//-57 -2603//-2738 
f -1750//-57 -674//-730 -120//-728 
f -1751//-790 -673//-194 -117//-195 
f -673//-194 -1751//-790 -2418//-3138 
f -672//-2201 -2114//-3343 -3052//-468 
f -2114//-3343 -672//-2201 -110//-112 
f -671//-1173 -2115//-3327 -3051//-465 
f -2115//-3327 -671//-1173 -114//-117 
f -670//-3276 -2234//-2440 -3487//-650 
f -2234//-2440 -670//-3276 -115//-1115 
f -669//-197 -1752//-792 -3277//-3478 
f -1752//-792 -669//-197 -111//-199 
f -2515//-3704 -668//-1305 -119//-114 
f -668//-1305 -2515//-3704 -3090//-512 
f -2235//-2539 -667//-1178 -113//-417 
f -667//-1178 -2235//-2539 -1667//-2540 
f -666//-1301 -2516//-2497 -3091//-515 
f -2516//-2497 -666//-1301 -116//-113 
f -665//-270 -2904//-2731 -2398//-15 
f -2904//-2731 -665//-270 -109//-116 
f -2119//-9 -664//-161 -817//-1476 
f -664//-161 -2119//-9 -3554//-3546 
f -165//-1876 -2325//-1877 -663//-1879 
f -786//-2185 -663//-1879 -2325//-1877 
f -790//-2178 -662//-1855 -2321//-1853 
f -166//-1852 -2321//-1853 -662//-1855 
f -162//-1891 -2319//-1892 -661//-1888 
f -789//-2188 -661//-1888 -2319//-1892 
f -788//-2193 -660//-1861 -2324//-1859 
f -168//-1858 -2324//-1859 -660//-1861 
f -785//-2163 -659//-1864 -2323//-1868 
f -167//-1867 -2323//-1868 -659//-1864 
f -787//-2175 -658//-1873 -2322//-1871 
f -164//-1870 -2322//-1871 -658//-1873 
f -784//-2168 -657//-1882 -2320//-1886 
f -163//-1885 -2320//-1886 -657//-1882 
f -1753//-1082 -3117//-4105 -656//-1286 
f -609//-1285 -656//-1286 -3117//-4105 
f -1721//-2486 -3017//-3186 -655//-1336 
f -1207//-3572 -655//-1336 -3017//-3186 
f -585//-907 -654//-906 -2370//-1648 
f -3595//-1647 -2370//-1648 -654//-906 
f -1740//-3475 -3180//-3708 -653//-652 
f -685//-651 -653//-652 -3180//-3708 
f -2109//-31 -652//-479 -769//-3074 
f -652//-479 -2109//-31 -3827//-2573 
f -2107//-100 -651//-3630 -89//-2569 
f -651//-3630 -2107//-100 -2712//-1211 
f -650//-1944 -2101//-269 -3251//-271 
f -2101//-269 -650//-1944 -92//-1721 
f -2104//-1300 -649//-3867 -87//-3868 
f -649//-3867 -2104//-1300 -3047//-517 
f -648//-3313 -2106//-1304 -3046//-514 
f -2106//-1304 -648//-3313 -82//-2304 
f -647//-2563 -2217//-3277 -2434//-2565 
f -2217//-3277 -647//-2563 -84//-1681 
f -2222//-21 -646//-2735 -86//-1739 
f -646//-2735 -2222//-21 -2419//-3142 
f -645//-3177 -2221//-18 -3275//-3653 
f -2221//-18 -645//-3177 -80//-1736 
f -2218//-731 -644//-3686 -81//-1628 
f -644//-3686 -2218//-731 -2402//-3261 
f -2105//-1296 -643//-3285 -83//-2307 
f -643//-3285 -2105//-1296 -3050//-511 
f -2102//-1172 -642//-3833 -91//-3325 
f -642//-3833 -2102//-1172 -3048//-467 
f -2103//-2200 -641//-3339 -88//-3340 
f -641//-3339 -2103//-2200 -3049//-470 
f -640//-3453 -2219//-418 -2401//-3411 
f -2219//-418 -640//-3453 -85//-1376 
f -639//-3265 -2220//-17 -2417//-2904 
f -2220//-17 -639//-3265 -79//-1731 
f -2907//-3912 -3353//-3913 -638//-1590 
f -837//-52 -638//-1590 -3353//-3913 
f -2165//-1773 -3030//-3246 -637//-3241 
f -887//-3244 -637//-3241 -3030//-3246 
f -2162//-1785 -3031//-3207 -636//-3208 
f -885//-3205 -636//-3208 -3031//-3207 
f -2166//-1761 -3029//-3228 -635//-3223 
f -888//-3226 -635//-3223 -3029//-3228 
f -889//-3232 -634//-3229 -3028//-3234 
f -2160//-1779 -3028//-3234 -634//-3229 
f -2161//-1791 -3033//-3237 -633//-3238 
f -890//-3235 -633//-3238 -3033//-3237 
f -2163//-1797 -3032//-3216 -632//-3211 
f -891//-3214 -632//-3211 -3032//-3216 
f -2164//-1770 -3027//-3222 -631//-3217 
f -886//-3220 -631//-3217 -3027//-3222 
f -2462//-2191 -630//-565 -3871//-2189 
f -2385//-1887 -3871//-2189 -630//-565 
f -2387//-1860 -3875//-2194 -629//-568 
f -2466//-2196 -629//-568 -3875//-2194 
f -2467//-2171 -628//-561 -3874//-2169 
f -2382//-1881 -3874//-2169 -628//-561 
f -2384//-1872 -3872//-2176 -627//-572 
f -2465//-2173 -627//-572 -3872//-2176 
f -2381//-1878 -3876//-2186 -626//-570 
f -2468//-2183 -626//-570 -3876//-2186 
f -2464//-2166 -625//-559 -3873//-2164 
f -2383//-1863 -3873//-2164 -625//-559 
f -2386//-1854 -3870//-2179 -624//-564 
f -2463//-2181 -624//-564 -3870//-2179 
f -623//-544 -2098//-542 -3107//-3412 
f -2098//-542 -623//-544 -59//-1604 
f -2096//-1139 -622//-3344 -60//-2299 
f -622//-3344 -2096//-1139 -3042//-448 
f -2213//-395 -621//-2987 -56//-1726 
f -621//-2987 -2213//-395 -2396//-2989 
f -620//-3328 -2094//-1155 -3045//-454 
f -2094//-1155 -620//-3328 -57//-2303 
f -2210//-398 -619//-3828 -51//-1356 
f -619//-3828 -2210//-398 -2557//-3830 
f -618//-3688 -2212//-401 -2416//-3690 
f -2212//-401 -618//-3688 -53//-1361 
f -2097//-1151 -617//-3705 -58//-3706 
f -617//-3705 -2097//-1151 -3041//-446 
f -2215//-2568 -616//-246 -49//-3585 
f -616//-246 -2215//-2568 -2376//-244 
f -2214//-402 -615//-3726 -50//-1365 
f -615//-3726 -2214//-402 -2556//-3728 
f -2093//-1145 -614//-3697 -54//-3698 
f -614//-3697 -2093//-1145 -3043//-450 
f -613//-2560 -2092//-1159 -3044//-452 
f -2092//-1159 -613//-2560 -55//-2561 
f -612//-3702 -2211//-392 -2555//-3477 
f -2211//-392 -612//-3702 -48//-1353 
f -2095//-475 -611//-1945 -47//-1946 
f -611//-1945 -2095//-475 -3057//-473 
f -2290//-699 -610//-697 -750//-2830 
f -610//-697 -2290//-699 -2524//-1525 
f -560//-412 -609//-1285 -1722//-2252 
f -3117//-4105 -1722//-2252 -609//-1285 
f -3495//-2877 -1725//-2878 -608//-1075 
f -587//-238 -608//-1075 -1725//-2878 
f -3321//-305 -2232//-876 -607//-1897 
f -2550//-1896 -607//-1897 -2232//-876 
f -591//-539 -606//-1505 -1724//-2640 
f -3529//-363 -1724//-2640 -606//-1505 
f -655//-1336 -605//-406 -1721//-2486 
f -3502//-408 -1721//-2486 -605//-406 
f -3977//-1543 -2183//-1982 -604//-1545 
f -592//-335 -604//-1545 -2183//-1982 
f -594//-552 -603//-357 -2341//-2414 
f -3528//-355 -2341//-2414 -603//-357 
f -595//-414 -602//-361 -2342//-2725 
f -3533//-359 -2342//-2725 -602//-361 
f -589//-533 -601//-2379 -1723//-3247 
f -2977//-2377 -1723//-3247 -601//-2379 
f -3517//-2601 -1726//-2602 -600//-1495 
f -586//-536 -600//-1495 -1726//-2602 
f -596//-333 -599//-1258 -2184//-2606 
f -3544//-734 -2184//-2606 -599//-1258 
f -2532//-1530 -3556//-3951 -598//-2334 
f -870//-2330 -598//-2334 -3556//-3951 
f -3352//-4124 -3300//-4125 -597//-2162 
f -792//-991 -597//-2162 -3300//-4125 
f -599//-1258 -596//-333 -3475//-330 
f -2954//-1262 -3475//-330 -596//-333 
f -3255//-1935 -3657//-773 -595//-414 
f -602//-361 -595//-414 -3657//-773 
f -3256//-3716 -3111//-776 -594//-552 
f -603//-357 -594//-552 -3111//-776 
f -818//-833 -593//-2924 -2500//-4122 
f -4139//-4121 -2500//-4122 -593//-2924 
f -604//-1545 -592//-335 -3560//-328 
f -2953//-2524 -3560//-328 -592//-335 
f -1724//-2640 -3843//-240 -591//-539 
f -1419//-1508 -591//-539 -3843//-240 
f -2868//-3974 -3285//-252 -590//-289 
f -1272//-2436 -590//-289 -3285//-252 
f -1723//-3247 -4013//-235 -589//-533 
f -1414//-1502 -589//-533 -4013//-235 
f -2867//-1678 -3284//-251 -588//-292 
f -1273//-1673 -588//-292 -3284//-251 
f -1725//-2878 -3903//-237 -587//-238 
f -1420//-1078 -587//-238 -3903//-237 
f -1726//-2602 -3833//-233 -586//-536 
f -1411//-1498 -586//-536 -3833//-233 
f -363//-342 -585//-907 -3755//-3902 
f -2370//-1648 -3755//-3902 -585//-907 
f -584//-939 -2208//-3266 -2554//-941 
f -2208//-3266 -584//-939 -38//-404 
f -583//-2567 -2209//-409 -2395//-800 
f -2209//-409 -583//-2567 -39//-1680 
f -582//-700 -2111//-480 -3855//-34 
f -2111//-480 -582//-700 -746//-1524 
f -581//-1146 -2087//-3284 -3039//-464 
f -2087//-3284 -581//-1146 -36//-110 
f -580//-1160 -2089//-3832 -3036//-460 
f -2089//-3832 -580//-1160 -28//-105 
f -579//-796 -2205//-3454 -2397//-798 
f -2205//-3454 -579//-796 -29//-394 
f -578//-1152 -2088//-3312 -3038//-456 
f -2088//-3312 -578//-1152 -31//-109 
f -2091//-1943 -577//-476 -33//-104 
f -577//-476 -2091//-1943 -3659//-3401 
f -576//-807 -2206//-3687 -2403//-809 
f -2206//-3687 -576//-807 -37//-400 
f -575//-934 -2207//-2736 -2553//-936 
f -2207//-2736 -575//-934 -32//-391 
f -574//-1156 -2085//-3629 -3037//-3078 
f -2085//-3629 -574//-1156 -30//-106 
f -573//-543 -2090//-1167 -3035//-462 
f -2090//-1167 -573//-543 -26//-107 
f -2086//-3436 -572//-1140 -27//-108 
f -572//-1140 -2086//-3436 -3040//-458 
f -571//-931 -2204//-3178 -2552//-933 
f -2204//-3178 -571//-931 -34//-397 
f -559//-1973 -570//-3592 -2830//-206 
f -1546//-2091 -2830//-206 -570//-3592 
f -653//-652 -569//-1969 -1740//-3475 
f -3019//-3474 -1740//-3475 -569//-1969 
f -256//-610 -2385//-1887 -568//-566 
f -630//-565 -568//-566 -2385//-1887 
f -629//-568 -567//-567 -2387//-1860 
f -255//-600 -2387//-1860 -567//-567 
f -251//-607 -2382//-1881 -566//-562 
f -628//-561 -566//-562 -2382//-1881 
f -253//-604 -2384//-1872 -565//-571 
f -627//-572 -565//-571 -2384//-1872 
f -252//-601 -2381//-1878 -564//-569 
f -626//-570 -564//-569 -2381//-1878 
f -624//-564 -563//-563 -2386//-1854 
f -250//-605 -2386//-1854 -563//-563 
f -625//-559 -562//-560 -2383//-1863 
f -254//-611 -2383//-1863 -562//-560 
f -1668//-694 -3502//-408 -561//-407 
f -605//-406 -561//-407 -3502//-408 
f -1722//-2252 -3486//-411 -560//-412 
f -430//-1287 -560//-412 -3486//-411 
f -521//-1042 -559//-1973 -1720//-207 
f -2830//-206 -1720//-207 -559//-1973 
f -3242//-14 -1687//-26 -558//-3021 
f -538//-521 -558//-3021 -1687//-26 
f -541//-518 -557//-2583 -1686//-548 
f -3108//-547 -1686//-548 -557//-2583 
f -3530//-2439 -2175//-813 -556//-2950 
f -407//-815 -556//-2950 -2175//-813 
f -544//-229 -555//-2918 -1683//-1074 
f -2817//-2916 -1683//-1074 -555//-2918 
f -402//-331 -554//-2604 -2177//-1257 
f -3241//-13 -2177//-1257 -554//-2604 
f -3835//-291 -1691//-1674 -553//-2609 
f -293//-2608 -553//-2609 -1691//-1674 
f -258//-2579 -552//-2506 -1688//-2581 
f -3829//-286 -1688//-2581 -552//-2506 
f -542//-228 -551//-1326 -1685//-1330 
f -2818//-1329 -1685//-1330 -551//-1326 
f -408//-329 -550//-1256 -2178//-1544 
f -3109//-549 -2178//-1544 -550//-1256 
f -2981//-2610 -2176//-810 -549//-2612 
f -410//-812 -549//-2612 -2176//-810 
f -296//-3018 -548//-3019 -1692//-2386 
f -3477//-294 -1692//-2386 -548//-3019 
f -292//-2651 -547//-2652 -1689//-2437 
f -3476//-288 -1689//-2437 -547//-2652 
f -2983//-2578 -1684//-29 -546//-2996 
f -532//-522 -546//-2996 -1684//-29 
f -3828//-284 -1690//-1465 -545//-2577 
f -294//-2576 -545//-2577 -1690//-1465 
f -1683//-1074 -3413//-230 -544//-229 
f -1405//-2919 -544//-229 -3413//-230 
f -548//-3019 -543//-295 -3477//-294 
f -2928//-2687 -3477//-294 -543//-295 
f -1685//-1330 -3499//-1895 -542//-228 
f -1400//-2452 -542//-228 -3499//-1895 
f -1686//-548 -3540//-28 -541//-518 
f -1404//-3440 -541//-518 -3540//-28 
f -553//-2609 -540//-293 -3835//-291 
f -2927//-4075 -3835//-291 -540//-293 
f -547//-2652 -539//-290 -3476//-288 
f -2926//-3502 -3476//-288 -539//-290 
f -1687//-26 -3775//-27 -538//-521 
f -1397//-4082 -538//-521 -3775//-27 
f -418//-875 -537//-1893 -3648//-877 
f -1743//-2662 -3648//-877 -537//-1893 
f -420//-1983 -536//-325 -3472//-334 
f -2959//-3511 -3472//-334 -536//-325 
f -552//-2506 -535//-287 -3829//-286 
f -2925//-4015 -3829//-286 -535//-287 
f -422//-2957 -534//-323 -3473//-332 
f -2958//-2960 -3473//-332 -534//-323 
f -545//-2577 -533//-285 -3828//-284 
f -2924//-3457 -3828//-284 -533//-285 
f -1398//-4128 -532//-522 -3539//-30 
f -1684//-29 -3539//-30 -532//-522 
f -419//-2726 -531//-327 -3471//-413 
f -3020//-3777 -3471//-413 -531//-327 
f -569//-1969 -530//-1970 -3019//-3474 
f -1614//-2133 -3019//-3474 -530//-1970 
f -561//-407 -529//-3054 -1668//-694 
f -3208//-693 -1668//-694 -529//-3054 
f -637//-3241 -528//-1775 -2165//-1773 
f -63//-1772 -2165//-1773 -528//-1775 
f -635//-3223 -527//-1763 -2166//-1761 
f -62//-1760 -2166//-1761 -527//-1763 
f -66//-1784 -2162//-1785 -526//-1787 
f -636//-3208 -526//-1787 -2162//-1785 
f -64//-1778 -2160//-1779 -525//-1781 
f -634//-3229 -525//-1781 -2160//-1779 
f -633//-3238 -524//-1793 -2161//-1791 
f -61//-1790 -2161//-1791 -524//-1793 
f -65//-1769 -2164//-1770 -523//-1766 
f -631//-3217 -523//-1766 -2164//-1770 
f -632//-3211 -522//-1799 -2163//-1797 
f -67//-1796 -2163//-1797 -522//-1799 
f -1720//-207 -2804//-208 -521//-1042 
f -519//-3289 -521//-1042 -2804//-208 
f -2794//-164 -1738//-165 -520//-2233 
f -507//-1023 -520//-2233 -1738//-165 
f -2804//-208 -1739//-185 -519//-3289 
f -508//-3288 -519//-3289 -1739//-185 
f -510//-1017 -518//-2312 -1737//-162 
f -2793//-2317 -1737//-162 -518//-2312 
f -2795//-167 -1736//-168 -517//-1015 
f -509//-3392 -517//-1015 -1736//-168 
f -496//-1012 -516//-1013 -1732//-170 
f -2796//-172 -1732//-170 -516//-1013 
f -1626//-140 -2794//-164 -515//-2231 
f -520//-2233 -515//-2231 -2794//-164 
f -1635//-2316 -2793//-2317 -514//-968 
f -518//-2312 -514//-968 -2793//-2317 
f -2529//-2897 -1728//-2898 -513//-3576 
f -504//-3055 -513//-3576 -1728//-2898 
f -3026//-258 -1735//-868 -512//-422 
f -503//-421 -512//-422 -1735//-868 
f -2797//-175 -1733//-173 -511//-1021 
f -506//-1020 -511//-1021 -1733//-173 
f -1737//-162 -2781//-163 -510//-1017 
f -466//-3638 -510//-1017 -2781//-163 
f -1736//-168 -2783//-169 -509//-3392 
f -487//-3618 -509//-3392 -2783//-169 
f -477//-1004 -508//-3288 -2782//-186 
f -1739//-185 -2782//-186 -508//-3288 
f -464//-3660 -507//-1023 -2784//-166 
f -1738//-165 -2784//-166 -507//-1023 
f -486//-3655 -506//-1020 -2785//-174 
f -1733//-173 -2785//-174 -506//-1020 
f -1634//-135 -2797//-175 -505//-3428 
f -511//-1021 -505//-3428 -2797//-175 
f -529//-3054 -504//-3055 -3208//-693 
f -1728//-2898 -3208//-693 -504//-3055 
f -475//-3615 -503//-421 -3317//-419 
f -1735//-868 -3317//-419 -503//-421 
f -2880//-2849 -1734//-260 -502//-3408 
f -501//-701 -502//-3408 -1734//-260 
f -481//-3184 -501//-701 -3212//-259 
f -1734//-260 -3212//-259 -501//-701 
f -1631//-35 -2529//-2897 -500//-3577 
f -513//-3576 -500//-3577 -2529//-2897 
f -1730//-177 -2786//-178 -499//-2457 
f -473//-3643 -499//-2457 -2786//-178 
f -1633//-257 -3026//-258 -498//-3881 
f -512//-422 -498//-3881 -3026//-258 
f -2798//-176 -1730//-177 -497//-2458 
f -499//-2457 -497//-2458 -1730//-177 
f -1732//-170 -2780//-171 -496//-1012 
f -444//-3877 -496//-1012 -2780//-171 
f -514//-968 -495//-969 -1635//-2316 
f -2593//-2824 -1635//-2316 -495//-969 
f -1628//-138 -2796//-172 -494//-3049 
f -516//-1013 -494//-3049 -2796//-172 
f -2800//-182 -1731//-183 -493//-3621 
f -489//-3620 -493//-3621 -1731//-183 
f -1630//-132 -2800//-182 -492//-2943 
f -493//-3621 -492//-2943 -2800//-182 
f -1636//-130 -2795//-167 -491//-3442 
f -517//-1015 -491//-3442 -2795//-167 
f -1629//-136 -2798//-176 -490//-3493 
f -497//-2458 -490//-3493 -2798//-176 
f -456//-3376 -489//-3620 -2787//-184 
f -1731//-183 -2787//-184 -489//-3620 
f -2799//-179 -1729//-180 -488//-1027 
f -468//-1026 -488//-1027 -1729//-180 
f -2783//-169 -1702//-148 -487//-3618 
f -470//-3617 -487//-3618 -1702//-148 
f -439//-3491 -486//-3655 -1703//-152 
f -2785//-174 -1703//-152 -486//-3655 
f -1632//-2848 -2880//-2849 -485//-839 
f -502//-3408 -485//-839 -2880//-2849 
f -500//-3577 -484//-1608 -1631//-35 
f -3022//-415 -1631//-35 -484//-1608 
f -505//-3428 -483//-3429 -1634//-135 
f -2776//-134 -1634//-135 -483//-3429 
f -498//-3881 -482//-3882 -1633//-257 
f -2877//-256 -1633//-257 -482//-3882 
f -3212//-259 -1696//-2402 -481//-3184 
f -458//-3183 -481//-3184 -1696//-2402 
f -433//-3469 -480//-983 -2772//-129 
f -1611//-118 -2772//-129 -480//-983 
f -1693//-158 -2763//-159 -479//-3634 
f -437//-3258 -479//-3634 -2763//-159 
f -485//-839 -478//-840 -1632//-2848 
f -3302//-2850 -1632//-2848 -478//-840 
f -457//-3588 -477//-1004 -1700//-146 
f -2782//-186 -1700//-146 -477//-1004 
f -2773//-131 -1636//-130 -476//-3443 
f -491//-3442 -476//-3443 -1636//-130 
f -451//-3614 -475//-3615 -1697//-866 
f -3317//-419 -1697//-866 -475//-3615 
f -450//-988 -474//-989 -1612//-122 
f -2766//-143 -1612//-122 -474//-989 
f -453//-1006 -473//-3643 -1698//-154 
f -2786//-178 -1698//-154 -473//-3643 
f -1609//-126 -2593//-2824 -472//-55 
f -495//-969 -472//-55 -2593//-2824 
f -515//-2231 -471//-2232 -1626//-140 
f -2779//-141 -1626//-140 -471//-2232 
f -1702//-148 -2765//-149 -470//-3617 
f -448//-994 -470//-3617 -2765//-149 
f -492//-2943 -469//-2944 -1630//-132 
f -2775//-133 -1630//-132 -469//-2944 
f -440//-3635 -468//-1026 -2788//-181 
f -1729//-180 -2788//-181 -468//-1026 
f -472//-55 -467//-54 -1609//-126 
f -2770//-147 -1609//-126 -467//-54 
f -465//-3637 -466//-3638 -1699//-144 
f -2781//-163 -1699//-144 -466//-3638 
f -1699//-144 -2762//-145 -465//-3637 
f -463//-3335 -465//-3637 -2762//-145 
f -435//-3659 -464//-3660 -1701//-150 
f -2784//-166 -1701//-150 -464//-3660 
f -480//-983 -463//-3335 -1611//-118 
f -2762//-145 -1611//-118 -463//-3335 
f -1597//-127 -3022//-415 -462//-1612 
f -484//-1608 -462//-1612 -3022//-415 
f -488//-1027 -461//-3468 -2799//-179 
f -1627//-128 -2799//-179 -461//-3468 
f -1600//-120 -2776//-134 -460//-990 
f -483//-3429 -460//-990 -2776//-134 
f -454//-1400 -459//-1401 -1603//-123 
f -2767//-155 -1603//-123 -459//-1401 
f -1696//-2402 -3763//-2403 -458//-3183 
f -446//-3952 -458//-3183 -3763//-2403 
f -1700//-146 -2770//-147 -457//-3588 
f -467//-54 -457//-3588 -2770//-147 
f -449//-1008 -456//-3376 -1694//-156 
f -2787//-184 -1694//-156 -456//-3376 
f -445//-3494 -455//-998 -2777//-137 
f -1601//-125 -2777//-137 -455//-998 
f -478//-840 -454//-1400 -3302//-2850 
f -1603//-123 -3302//-2850 -454//-1400 
f -1698//-154 -2767//-155 -453//-1006 
f -459//-1401 -453//-1006 -2767//-155 
f -436//-1001 -452//-1002 -1608//-124 
f -2768//-867 -1608//-124 -452//-1002 
f -1697//-866 -2768//-867 -451//-3614 
f -452//-1002 -451//-3614 -2768//-867 
f -476//-3443 -450//-988 -2773//-131 
f -1612//-122 -2773//-131 -450//-988 
f -1694//-156 -2771//-157 -449//-1008 
f -431//-1613 -449//-1008 -2771//-157 
f -447//-2809 -448//-994 -1610//-121 
f -2765//-149 -1610//-121 -448//-994 
f -469//-2944 -447//-2809 -2775//-133 
f -1610//-121 -2775//-133 -447//-2809 
f -3763//-2403 -1607//-255 -446//-3952 
f -442//-1190 -446//-3952 -1607//-255 
f -2777//-137 -1629//-136 -445//-3494 
f -490//-3493 -445//-3494 -1629//-136 
f -438//-1953 -444//-3877 -1695//-142 
f -2780//-171 -1695//-142 -444//-3877 
f -494//-3049 -443//-3050 -1628//-138 
f -2778//-139 -1628//-138 -443//-3050 
f -482//-3882 -442//-1190 -2877//-256 
f -1607//-255 -2877//-256 -442//-1190 
f -460//-990 -441//-3152 -1600//-120 
f -2764//-151 -1600//-120 -441//-3152 
f -2788//-181 -1693//-158 -440//-3635 
f -479//-3634 -440//-3635 -1693//-158 
f -1703//-152 -2769//-153 -439//-3491 
f -434//-999 -439//-3491 -2769//-153 
f -1695//-142 -2766//-143 -438//-1953 
f -474//-989 -438//-1953 -2766//-143 
f -2763//-159 -1606//-119 -437//-3258 
f -432//-984 -437//-3258 -1606//-119 
f -1608//-124 -2778//-139 -436//-1001 
f -443//-3050 -436//-1001 -2778//-139 
f -1701//-150 -2764//-151 -435//-3659 
f -441//-3152 -435//-3659 -2764//-151 
f -455//-998 -434//-999 -1601//-125 
f -2769//-153 -1601//-125 -434//-999 
f -2772//-129 -1627//-128 -433//-3469 
f -461//-3468 -433//-3469 -1627//-128 
f -471//-2232 -432//-984 -2779//-141 
f -1606//-119 -2779//-141 -432//-984 
f -2771//-157 -1597//-127 -431//-1613 
f -462//-1612 -431//-1613 -1597//-127 
f -530//-1970 -430//-1287 -1614//-2133 
f -3486//-411 -1614//-2133 -430//-1287 
f -70//-3 -3207//-3963 -429//-691 
f -2117//-2346 -429//-691 -3207//-3963 
f -3525//-2546 -1624//-1061 -428//-2641 
f -412//-239 -428//-2641 -1624//-1061 
f -3551//-354 -1623//-1073 -427//-3248 
f -411//-234 -427//-3248 -1623//-1073 
f -3606//-276 -1618//-1686 -426//-2998 
f -268//-1688 -426//-2998 -1618//-1686 
f -3863//-275 -1620//-2654 -425//-2730 
f -270//-2729 -425//-2730 -1620//-2654 
f -3548//-758 -1619//-1670 -424//-2816 
f -265//-2815 -424//-2816 -1619//-1670 
f -405//-219 -423//-2660 -1625//-1067 
f -3523//-2658 -1625//-1067 -423//-2660 
f -3522//-2955 -2179//-1252 -422//-2957 
f -534//-323 -422//-2957 -2179//-1252 
f -3651//-527 -1621//-1049 -421//-1904 
f -404//-236 -421//-1904 -1621//-1049 
f -3670//-526 -2181//-1246 -420//-1983 
f -536//-325 -420//-1983 -2181//-1246 
f -531//-327 -419//-2726 -2180//-1240 
f -3524//-2585 -2180//-1240 -419//-2726 
f -3877//-304 -2203//-3723 -418//-875 
f -537//-1893 -418//-875 -2203//-3723 
f -3549//-768 -1617//-2502 -417//-2645 
f -262//-2644 -417//-2645 -1617//-2502 
f -3514//-525 -1622//-1055 -416//-2526 
f -413//-232 -416//-2526 -1622//-1055 
f -305//-2597 -415//-24 -1616//-2599 
f -3547//-765 -1616//-2599 -415//-24 
f -424//-2816 -414//-532 -3548//-758 
f -3252//-3743 -3548//-758 -414//-532 
f -1389//-3539 -413//-232 -3817//-227 
f -1622//-1055 -3817//-227 -413//-232 
f -1624//-1061 -3822//-225 -412//-239 
f -1388//-3665 -412//-239 -3822//-225 
f -1623//-1073 -3970//-221 -411//-234 
f -1377//-3996 -411//-234 -3970//-221 
f -549//-2612 -410//-812 -3603//-315 
f -2946//-3769 -3603//-315 -410//-812 
f -417//-2645 -409//-538 -3549//-768 
f -3254//-4112 -3549//-768 -409//-538 
f -550//-1256 -408//-329 -3474//-317 
f -2947//-3755 -3474//-317 -408//-329 
f -556//-2950 -407//-815 -3796//-319 
f -2948//-3762 -3796//-319 -407//-815 
f -425//-2730 -406//-774 -3863//-275 
f -2917//-4060 -3863//-275 -406//-774 
f -1625//-1067 -3920//-218 -405//-219 
f -1378//-2415 -405//-219 -3920//-218 
f -1621//-1049 -3895//-223 -404//-236 
f -1381//-4131 -404//-236 -3895//-223 
f -426//-2998 -403//-777 -3606//-276 
f -2918//-3748 -3606//-276 -403//-777 
f -554//-2604 -402//-331 -3834//-313 
f -2945//-4135 -3834//-313 -402//-331 
f -415//-24 -401//-535 -3547//-765 
f -3253//-3765 -3547//-765 -401//-535 
f -2371//-3164 -2619//-896 -400//-3163 
f -695//-4046 -400//-3163 -2619//-896 
f -385//-217 -399//-1068 -1595//-2995 
f -2969//-346 -1595//-2995 -399//-1068 
f -230//-352 -398//-1669 -1604//-1672 
f -3881//-279 -1604//-1672 -398//-1669 
f -383//-316 -397//-1241 -2170//-2586 
f -2972//-349 -2170//-2586 -397//-1241 
f -3405//-2520 -2171//-2521 -396//-3724 
f -382//-318 -396//-3724 -2171//-2521 
f -229//-524 -395//-2505 -1596//-2507 
f -3813//-283 -1596//-2507 -395//-2505 
f -374//-226 -394//-1056 -1598//-3020 
f -3100//-2525 -1598//-3020 -394//-1056 
f -3927//-278 -1605//-1265 -393//-1685 
f -225//-348 -393//-1685 -1605//-1265 
f -381//-314 -392//-1247 -2169//-2603 
f -3101//-1981 -2169//-2603 -392//-1247 
f -233//-350 -391//-2501 -1599//-2504 
f -3812//-282 -1599//-2504 -391//-2501 
f -3845//-281 -1602//-1263 -390//-2653 
f -227//-353 -390//-2653 -1602//-1263 
f -377//-320 -389//-1253 -2168//-2949 
f -2970//-347 -2168//-2949 -389//-1253 
f -3102//-1905 -1594//-2582 -388//-1050 
f -375//-222 -388//-1050 -1594//-2582 
f -3800//-2453 -1593//-1325 -387//-2455 
f -376//-220 -387//-2455 -1593//-1325 
f -2974//-351 -1592//-2545 -386//-1062 
f -373//-224 -386//-1062 -1592//-2545 
f -1595//-2995 -3411//-216 -385//-217 
f -1364//-1065 -385//-217 -3411//-216 
f -2923//-764 -3813//-283 -384//-766 
f -395//-2505 -384//-766 -3813//-283 
f -397//-1241 -383//-316 -3830//-326 
f -2952//-1239 -3830//-326 -383//-316 
f -3240//-4091 -3816//-1894 -382//-318 
f -396//-3724 -382//-318 -3816//-1894 
f -2951//-1245 -4064//-324 -381//-314 
f -392//-1247 -381//-314 -4064//-324 
f -390//-2653 -380//-280 -3845//-281 
f -2921//-3294 -3845//-281 -380//-280 
f -393//-1685 -379//-277 -3927//-278 
f -2919//-3303 -3927//-278 -379//-277 
f -398//-1669 -378//-759 -3881//-279 
f -2920//-762 -3881//-279 -378//-759 
f -389//-1253 -377//-320 -3911//-322 
f -2950//-1251 -3911//-322 -377//-320 
f -1593//-1325 -3412//-213 -376//-220 
f -1361//-1071 -376//-220 -3412//-213 
f -1369//-1047 -375//-222 -3408//-214 
f -1594//-2582 -3408//-214 -375//-222 
f -1598//-3020 -3409//-212 -374//-226 
f -1360//-1053 -374//-226 -3409//-212 
f -1592//-2545 -3410//-215 -373//-224 
f -1365//-1059 -373//-224 -3410//-215 
f -391//-2501 -372//-769 -3812//-282 
f -2922//-772 -3812//-282 -372//-769 
f -2284//-3798 -2966//-3799 -371//-1236 
f -1434//-2480 -371//-1236 -2966//-3799 
f -135//-3108 -370//-1846 -2433//-2771 
f -334//-2770 -2433//-2771 -370//-1846 
f -131//-3090 -369//-1822 -2431//-2759 
f -336//-2758 -2431//-2759 -369//-1822 
f -136//-3102 -368//-1834 -2432//-2795 
f -335//-2794 -2432//-2795 -368//-1834 
f -132//-3111 -367//-1843 -2429//-2783 
f -333//-2782 -2429//-2783 -367//-1843 
f -133//-3093 -366//-1828 -2427//-2777 
f -339//-2776 -2427//-2777 -366//-1828 
f -134//-3117 -365//-1816 -2430//-2789 
f -337//-2788 -2430//-2789 -365//-1816 
f -338//-2761 -2428//-2762 -364//-1810 
f -130//-3084 -364//-1810 -2428//-2762 
f -3962//-3446 -363//-342 -3414//-2310 
f -3755//-3902 -3414//-2310 -363//-342 
f -1684//-29 -2983//-2578 -362//-364 
f -4//-365 -362//-364 -2983//-2578 
f -712//-1504 -2982//-2643 -361//-1506 
f -5//-362 -361//-1506 -2982//-2643 
f -2176//-810 -2981//-2610 -360//-811 
f -2015//-1441 -360//-811 -2981//-2610 
f -1543//-2999 -2978//-3000 -359//-356 
f -2012//-1416 -359//-356 -2978//-3000 
f -2175//-813 -3530//-2439 -358//-814 
f -2//-358 -358//-814 -3530//-2439 
f -2010//-1087 -357//-2378 -3421//-2814 
f -711//-1500 -3421//-2814 -357//-2378 
f -1544//-1936 -2980//-2728 -356//-360 
f -2011//-1447 -356//-360 -2980//-2728 
f -715//-1473 -355//-546 -3516//-2580 
f -2263//-1380 -3516//-2580 -355//-546 
f -604//-1545 -354//-1546 -3977//-1543 
f -2265//-3281 -3977//-1543 -354//-1546 
f -2266//-2880 -3495//-2877 -353//-1076 
f -608//-1075 -353//-1076 -3495//-2877 
f -2459//-2801 -3321//-305 -352//-1328 
f -607//-1897 -352//-1328 -3321//-305 
f -600//-1495 -351//-1496 -3517//-2601 
f -2264//-1383 -3517//-2601 -351//-1496 
f -1886//-3972 -350//-1829 -319//-622 
f -350//-1829 -1886//-3972 -3153//-3503 
f -1882//-3714 -349//-1823 -316//-628 
f -349//-1823 -1882//-3714 -4069//-3509 
f -348//-1835 -1884//-1676 -4074//-3517 
f -1884//-1676 -348//-1835 -318//-626 
f -347//-1847 -1883//-2522 -4071//-3512 
f -1883//-2522 -347//-1847 -317//-619 
f -346//-1811 -1885//-1497 -4073//-3524 
f -1885//-1497 -346//-1811 -314//-616 
f -1880//-1501 -345//-1844 -315//-625 
f -345//-1844 -1880//-1501 -4068//-3529 
f -1881//-1077 -344//-1817 -320//-621 
f -344//-1817 -1881//-1077 -4070//-3528 
f -2420//-2272 -3557//-3821 -343//-211 
f -847//-803 -343//-211 -3557//-3821 
f -2405//-1602 -3579//-3612 -342//-2011 
f -816//-2010 -342//-2011 -3579//-3612 
f -341//-2966 -3582//-1697 -3878//-3445 
f -3582//-1697 -341//-2966 -3913//-2967 
f -2456//-3080 -3292//-3375 -340//-2901 
f -836//-2900 -340//-2901 -3292//-3375 
f -339//-2776 -3153//-3503 -1858//-3504 
f -3153//-3503 -339//-2776 -350//-1829 
f -338//-2761 -4073//-3524 -1860//-3538 
f -4073//-3524 -338//-2761 -346//-1811 
f -337//-2788 -4070//-3528 -1859//-4130 
f -4070//-3528 -337//-2788 -344//-1817 
f -4069//-3509 -336//-2758 -349//-1823 
f -336//-2758 -4069//-3509 -1855//-3510 
f -335//-2794 -4074//-3517 -1856//-4073 
f -4074//-3517 -335//-2794 -348//-1835 
f -334//-2770 -4071//-3512 -1857//-3513 
f -4071//-3512 -334//-2770 -347//-1847 
f -333//-2782 -4068//-3529 -1854//-3995 
f -4068//-3529 -333//-2782 -345//-1844 
f -3466//-653 -332//-1220 -1959//-1965 
f -332//-1220 -3466//-653 -653//-652 
f -3889//-838 -331//-3409 -1961//-2002 
f -331//-3409 -3889//-838 -485//-839 
f -330//-311 -2943//-3427 -505//-3428 
f -2943//-3427 -330//-311 -1960//-1453 
f -3902//-2230 -329//-2234 -1962//-3850 
f -329//-2234 -3902//-2230 -515//-2231 
f -2944//-3467 -328//-312 -1963//-1455 
f -328//-312 -2944//-3467 -461//-3468 
f -327//-3575 -2942//-1610 -500//-3577 
f -2942//-1610 -327//-3575 -1955//-2275 
f -326//-308 -2940//-3880 -498//-3881 
f -2940//-3880 -326//-308 -1958//-1450 
f -2939//-3492 -325//-307 -1956//-1615 
f -325//-307 -2939//-3492 -490//-3493 
f -2941//-3048 -324//-309 -1957//-1618 
f -324//-309 -2941//-3048 -494//-3049 
f -3739//-3574 -323//-554 -1954//-2872 
f -323//-554 -3739//-3574 -696//-556 
f -322//-11 -2357//-3393 -1953//-903 
f -2357//-3393 -322//-11 -517//-1015 
f -3237//-3287 -321//-10 -519//-3289 
f -321//-10 -3237//-3287 -2172//-1556 
f -3152//-620 -320//-621 -286//-1818 
f -320//-621 -3152//-620 -1881//-1077 
f -4072//-623 -319//-622 -288//-1830 
f -319//-622 -4072//-623 -1886//-3972 
f -3155//-627 -318//-626 -290//-1836 
f -318//-626 -3155//-627 -1884//-1676 
f -3151//-618 -317//-619 -287//-1848 
f -317//-619 -3151//-618 -1883//-2522 
f -3156//-629 -316//-628 -291//-1824 
f -316//-628 -3156//-629 -1882//-3714 
f -315//-625 -3154//-624 -1880//-1501 
f -3154//-624 -315//-625 -289//-1839 
f -314//-616 -3150//-617 -1885//-1497 
f -3150//-617 -314//-616 -285//-1812 
f -1552//-3900 -313//-4028 -3230//-1559 
f -4043//-2391 -3230//-1559 -313//-4028 
f -1859//-4130 -312//-2787 -337//-2788 
f -312//-2787 -1859//-4130 -4027//-599 
f -1860//-3538 -311//-2760 -338//-2761 
f -311//-2760 -1860//-3538 -4026//-609 
f -310//-2757 -1855//-3510 -4023//-606 
f -1855//-3510 -310//-2757 -336//-2758 
f -1858//-3504 -309//-2775 -339//-2776 
f -309//-2775 -1858//-3504 -4022//-612 
f -1856//-4073 -308//-2793 -335//-2794 
f -308//-2793 -1856//-4073 -4025//-602 
f -1854//-3995 -307//-2781 -333//-2782 
f -307//-2781 -1854//-3995 -4028//-608 
f -1857//-3513 -306//-2769 -334//-2770 
f -306//-2769 -1857//-3513 -4024//-603 
f -415//-24 -305//-2597 -3110//-550 
f -2260//-1388 -3110//-550 -305//-2597 
f -558//-3021 -304//-3022 -3242//-14 
f -2375//-1489 -3242//-14 -304//-3022 
f -554//-2604 -303//-2605 -3241//-13 
f -2374//-1485 -3241//-13 -303//-2605 
f -2262//-1041 -3109//-549 -302//-2519 
f -550//-1256 -302//-2519 -3109//-549 
f -557//-2583 -301//-2584 -3108//-547 
f -2261//-1379 -3108//-547 -301//-2584 
f -2342//-2725 -3533//-359 -300//-2727 
f -2002//-1442 -300//-2727 -3533//-359 
f -2000//-1420 -299//-2642 -3529//-363 
f -1724//-2640 -3529//-363 -299//-2642 
f -2007//-1514 -298//-3249 -2977//-2377 
f -1723//-3247 -2977//-2377 -298//-3249 
f -2184//-2606 -3544//-734 -297//-2956 
f -2001//-1482 -297//-2956 -3544//-734 
f -1692//-2386 -3545//-2387 -296//-3018 
f -1999//-2551 -296//-3018 -3545//-2387 
f -2341//-2414 -3528//-355 -295//-2659 
f -2006//-1417 -295//-2659 -3528//-355 
f -1690//-1465 -3531//-1466 -294//-2576 
f -2005//-3459 -294//-2576 -3531//-1466 
f -1691//-1674 -3532//-1675 -293//-2608 
f -2004//-1436 -293//-2608 -3532//-1675 
f -1689//-2437 -2979//-2438 -292//-2651 
f -2003//-1426 -292//-2651 -2979//-2438 
f -291//-1824 -1865//-3750 -3156//-629 
f -1865//-3750 -291//-1824 -220//-1825 
f -290//-1836 -1870//-3771 -3155//-627 
f -1870//-3771 -290//-1836 -217//-1837 
f -1867//-3745 -289//-1839 -214//-1840 
f -289//-1839 -1867//-3745 -3154//-624 
f -288//-1830 -1868//-3764 -4072//-623 
f -1868//-3764 -288//-1830 -216//-1831 
f -287//-1848 -1866//-3757 -3151//-618 
f -1866//-3757 -287//-1848 -215//-1849 
f -286//-1818 -1869//-3754 -3152//-620 
f -1869//-3754 -286//-1818 -218//-1819 
f -1864//-3767 -285//-1812 -219//-1813 
f -285//-1812 -1864//-3767 -3150//-617 
f -284//-2811 -3379//-2942 -2409//-976 
f -3379//-2942 -284//-2811 -469//-2944 
f -3883//-967 -283//-970 -495//-969 
f -283//-970 -3883//-967 -2410//-3816 
f -282//-3377 -2964//-3619 -489//-3620 
f -2964//-3619 -282//-3377 -1943//-3960 
f -2935//-3410 -281//-301 -1947//-2001 
f -281//-301 -2935//-3410 -501//-701 
f -3458//-1011 -280//-3878 -1948//-3839 
f -280//-3878 -3458//-1011 -496//-1012 
f -2934//-2314 -279//-300 -1945//-1694 
f -279//-300 -2934//-2314 -510//-1017 
f -278//-303 -2937//-2235 -507//-1023 
f -2937//-2235 -278//-303 -1941//-1758 
f -277//-3498 -3916//-420 -503//-421 
f -3916//-420 -277//-3498 -1940//-2980 
f -3459//-2456 -276//-3644 -1942//-2239 
f -276//-3644 -3459//-2456 -499//-2457 
f -275//-3656 -3856//-1019 -506//-1020 
f -3856//-1019 -275//-3656 -1944//-2702 
f -2936//-553 -274//-1284 -1939//-2251 
f -274//-1284 -2936//-553 -656//-1286 
f -3893//-1025 -273//-2870 -1946//-1910 
f -273//-2870 -3893//-1025 -468//-1026 
f -272//-3053 -3745//-310 -504//-3055 
f -3745//-310 -272//-3053 -1938//-2615 
f -3907//-1219 -271//-2936 -2078//-1218 
f -271//-2936 -3907//-1219 -699//-1 
f -1620//-2654 -2976//-2655 -270//-2729 
f -1996//-1446 -270//-2729 -2976//-2655 
f -1993//-1408 -269//-2917 -2974//-351 
f -1592//-2545 -2974//-351 -269//-2917 
f -1618//-1686 -2971//-1687 -268//-1688 
f -1998//-3298 -268//-1688 -2971//-1687 
f -2168//-2949 -2970//-347 -267//-2951 
f -1997//-1430 -267//-2951 -2970//-347 
f -1992//-3250 -266//-1327 -3800//-2453 
f -1593//-1325 -3800//-2453 -266//-1327 
f -1991//-3871 -265//-2815 -2975//-1671 
f -1619//-1670 -2975//-1671 -265//-2815 
f -2170//-2586 -2972//-349 -264//-2611 
f -1995//-1440 -264//-2611 -2972//-349 
f -421//-1904 -263//-2876 -3651//-527 
f -2253//-2881 -3651//-527 -263//-2876 
f -1990//-1424 -262//-2644 -2973//-2503 
f -1617//-2502 -2973//-2503 -262//-2644 
f -1595//-2995 -2969//-346 -261//-2997 
f -1994//-1434 -261//-2997 -2969//-346 
f -418//-875 -260//-306 -3877//-304 
f -2938//-2797 -3877//-304 -260//-306 
f -420//-1983 -259//-1984 -3670//-526 
f -2255//-3282 -3670//-526 -259//-1984 
f -552//-2506 -258//-2579 -3513//-2508 
f -2257//-1371 -3513//-2508 -258//-2579 
f -416//-2526 -257//-2600 -3514//-525 
f -2256//-1374 -3514//-525 -257//-2600 
f -4026//-609 -256//-610 -311//-2760 
f -256//-610 -4026//-609 -1813//-1052 
f -255//-600 -4027//-599 -1819//-1046 
f -4027//-599 -255//-600 -312//-2787 
f -254//-611 -4022//-612 -1818//-3292 
f -4022//-612 -254//-611 -309//-2775 
f -4024//-603 -253//-604 -306//-2769 
f -253//-604 -4024//-603 -1815//-1243 
f -4025//-602 -252//-601 -308//-2793 
f -252//-601 -4025//-602 -1816//-770 
f -251//-607 -4028//-608 -1814//-1070 
f -4028//-608 -251//-607 -307//-2781 
f -4023//-606 -250//-605 -310//-2757 
f -250//-605 -4023//-606 -1817//-1064 
f -2182//-855 -2706//-2965 -249//-942 
f -2140//-2404 -249//-942 -2706//-2965 
f -3836//-298 -248//-3573 -1928//-2873 
f -248//-3573 -3836//-298 -655//-1336 
f -247//-837 -3521//-1399 -454//-1400 
f -3521//-1399 -247//-837 -1933//-3405 
f -2861//-3954 -246//-1449 -1934//-248 
f -246//-1449 -2861//-3954 -442//-1190 
f -3304//-997 -245//-2948 -1930//-1616 
f -245//-2948 -3304//-997 -455//-998 
f -244//-1457 -2862//-3337 -480//-983 
f -2862//-3337 -244//-1457 -1937//-249 
f -2863//-3154 -243//-1452 -1935//-250 
f -243//-1452 -2863//-3154 -460//-990 
f -3305//-1000 -242//-2656 -1927//-1619 
f -242//-2656 -3305//-1000 -436//-1001 
f -241//-1954 -3905//-987 -450//-988 
f -3905//-987 -241//-1954 -1936//-2220 
f -240//-321 -2949//-3260 -432//-984 
f -2949//-3260 -240//-321 -1932//-1331 
f -239//-1968 -2860//-1289 -530//-1970 
f -2860//-1289 -239//-1968 -1929//-247 
f -2903//-3591 -238//-1974 -1926//-3713 
f -238//-1974 -2903//-3591 -570//-3592 
f -3899//-1611 -237//-1609 -1931//-2276 
f -237//-1609 -3899//-1611 -462//-1612 
f -2180//-1240 -3524//-2585 -236//-1242 
f -1985//-1406 -236//-1242 -3524//-2585 
f -1625//-1067 -3523//-2658 -235//-1069 
f -1988//-1404 -235//-1069 -3523//-2658 
f -396//-3724 -234//-3725 -3405//-2520 
f -2243//-2798 -3405//-2520 -234//-3725 
f -1599//-2504 -3526//-2607 -233//-350 
f -1984//-1412 -233//-350 -3526//-2607 
f -394//-1056 -232//-1057 -3100//-2525 
f -2245//-1488 -3100//-2525 -232//-1057 
f -392//-1247 -231//-1248 -3101//-1981 
f -2244//-3720 -3101//-1981 -231//-1248 
f -1604//-1672 -3602//-2575 -230//-352 
f -1986//-3460 -230//-352 -3602//-2575 
f -395//-2505 -229//-524 -3099//-2598 
f -2246//-1387 -3099//-2598 -229//-524 
f -388//-1050 -228//-1051 -3102//-1905 
f -2242//-3437 -3102//-1905 -228//-1051 
f -1987//-1414 -227//-353 -3527//-2650 
f -1602//-1263 -3527//-2650 -227//-353 
f -2179//-1252 -3522//-2955 -226//-1254 
f -1982//-1403 -226//-1254 -3522//-2955 
f -1605//-1265 -3981//-3017 -225//-348 
f -1980//-2552 -225//-348 -3981//-3017 
f -1623//-1073 -3551//-354 -224//-2454 
f -1983//-1517 -224//-2454 -3551//-354 
f -1624//-1061 -3525//-2546 -223//-1063 
f -1981//-1411 -223//-1063 -3525//-2546 
f -222//-726 -3930//-3589 -1950//-3034 
f -3930//-3589 -222//-726 -477//-1004 
f -221//-3394 -2572//-3616 -1949//-904 
f -2572//-3616 -221//-3394 -487//-3618 
f -220//-1825 -3133//-3749 -1865//-3750 
f -3133//-3749 -220//-1825 -189//-2686 
f -219//-1813 -3132//-3766 -1864//-3767 
f -3132//-3766 -219//-1813 -184//-2693 
f -218//-1819 -3128//-3753 -1869//-3754 
f -3128//-3753 -218//-1819 -185//-2682 
f -3129//-3770 -217//-1837 -188//-2679 
f -217//-1837 -3129//-3770 -1870//-3771 
f -216//-1831 -3130//-3763 -1868//-3764 
f -3130//-3763 -216//-1831 -190//-2670 
f -3127//-3756 -215//-1849 -187//-2667 
f -215//-1849 -3127//-3756 -1866//-3757 
f -214//-1840 -3131//-3744 -1867//-3745 
f -3131//-3744 -214//-1840 -186//-2674 
f -213//-160 -3334//-2810 -1951//-977 
f -3334//-2810 -213//-160 -448//-994 
f -2931//-1337 -212//-405 -1915//-2614 
f -212//-405 -2931//-1337 -561//-407 
f -3699//-2935 -211//-3711 -2060//-3712 
f -211//-3711 -3699//-2935 -1901//-687 
f -2900//-3657 -210//-844 -1912//-265 
f -210//-844 -2900//-3657 -439//-3491 
f -2901//-3613 -209//-845 -1916//-266 
f -209//-845 -2901//-3613 -451//-3614 
f -2929//-3378 -208//-296 -1914//-3959 
f -208//-296 -2929//-3378 -449//-1008 
f -207//-1288 -3894//-302 -560//-412 
f -3894//-302 -207//-1288 -1919//-2874 
f -206//-3590 -3370//-971 -1952//-2329 
f -3370//-971 -206//-3590 -467//-54 
f -205//-297 -2930//-3879 -438//-1953 
f -2930//-3879 -205//-297 -1920//-3838 
f -3624//-3658 -204//-3153 -1921//-1755 
f -204//-3153 -3624//-3658 -435//-3659 
f -2902//-3633 -203//-3259 -1922//-267 
f -203//-3259 -2902//-3633 -479//-3634 
f -3677//-3182 -202//-3953 -1918//-1998 
f -202//-3953 -3677//-3182 -458//-3183 
f -201//-3336 -3608//-3636 -465//-3637 
f -3608//-3636 -201//-3336 -1917//-1695 
f -200//-299 -2932//-3645 -453//-1006 
f -2932//-3645 -200//-299 -1913//-2238 
f -199//-1889 -1813//-1052 -3145//-4096 
f -1813//-1052 -199//-1889 -256//-610 
f -1818//-3292 -198//-1865 -254//-611 
f -198//-1865 -1818//-3292 -3146//-4061 
f -1819//-1046 -197//-1862 -255//-600 
f -197//-1862 -1819//-1046 -3140//-3987 
f -196//-1880 -1816//-770 -3141//-4113 
f -1816//-770 -196//-1880 -252//-601 
f -195//-1856 -1817//-1064 -3143//-3978 
f -1817//-1064 -195//-1856 -250//-605 
f -194//-1883 -1814//-1070 -3144//-4116 
f -1814//-1070 -194//-1883 -251//-607 
f -193//-1874 -1815//-1243 -3142//-3981 
f -1815//-1243 -193//-1874 -253//-604 
f -697//-1124 -192//-3899 -3665//-1126 
f -4120//-1963 -3665//-1126 -192//-3899 
f -3314//-2753 -191//-858 -3420//-3323 
f -2059//-3603 -3420//-3323 -191//-858 
f -190//-2670 -1805//-1249 -3130//-3763 
f -1805//-1249 -190//-2670 -150//-580 
f -1808//-3301 -189//-2686 -146//-586 
f -189//-2686 -1808//-3301 -3133//-3749 
f -1806//-1237 -188//-2679 -151//-577 
f -188//-2679 -1806//-1237 -3129//-3770 
f -1803//-4089 -187//-2667 -149//-574 
f -187//-2667 -1803//-4089 -3127//-3756 
f -186//-2674 -1798//-760 -3131//-3744 
f -1798//-760 -186//-2674 -147//-581 
f -185//-2682 -1799//-1058 -3128//-3753 
f -1799//-1058 -185//-2682 -152//-575 
f -184//-2693 -1801//-763 -3132//-3766 
f -1801//-763 -184//-2693 -148//-584 
f -2158//-2103 -183//-753 -3702//-2105 
f -2493//-3236 -3702//-2105 -183//-753 
f -2487//-3215 -3696//-2073 -182//-749 
f -2153//-2071 -182//-749 -3696//-2073 
f -2156//-2124 -181//-756 -3708//-2126 
f -2491//-3245 -3708//-2126 -181//-756 
f -2490//-3227 -3698//-2088 -180//-740 
f -2157//-2086 -180//-740 -3698//-2088 
f -2155//-2065 -179//-743 -3695//-2067 
f -2489//-3206 -3695//-2067 -179//-743 
f -2154//-2093 -178//-737 -3700//-2095 
f -2488//-3233 -3700//-2095 -178//-737 
f -2492//-3221 -3697//-2079 -177//-746 
f -2152//-2077 -177//-746 -3697//-2079 
f -3392//-46 -176//-3911 -3986//-2817 
f -176//-3911 -3392//-46 -947//-47 
f -3077//-3085 -175//-490 -2394//-1809 
f -314//-616 -2394//-1809 -175//-490 
f -3076//-3094 -174//-489 -2391//-1827 
f -319//-622 -2391//-1827 -174//-489 
f -3078//-3118 -173//-491 -2393//-1815 
f -320//-621 -2393//-1815 -173//-491 
f -316//-628 -2388//-1821 -172//-486 
f -3073//-3091 -172//-486 -2388//-1821 
f -3075//-3112 -171//-488 -2390//-1842 
f -315//-625 -2390//-1842 -171//-488 
f -318//-626 -2392//-1833 -170//-485 
f -3072//-3103 -170//-485 -2392//-1833 
f -317//-619 -2389//-1845 -169//-487 
f -3074//-3109 -169//-487 -2389//-1845 
f -168//-1858 -3140//-3987 -1804//-3988 
f -3140//-3987 -168//-1858 -197//-1862 
f -167//-1867 -3146//-4061 -1794//-4062 
f -3146//-4061 -167//-1867 -198//-1865 
f -3143//-3978 -166//-1852 -195//-1856 
f -166//-1852 -3143//-3978 -1802//-4127 
f -165//-1876 -3141//-4113 -1795//-4114 
f -3141//-4113 -165//-1876 -196//-1880 
f -164//-1870 -3142//-3981 -1797//-4133 
f -3142//-3981 -164//-1870 -193//-1874 
f -163//-1885 -3144//-4116 -1796//-4117 
f -3144//-4116 -163//-1885 -194//-1883 
f -162//-1891 -3145//-4096 -1807//-4097 
f -3145//-4096 -162//-1891 -199//-1889 
f -14//-433 -161//-434 -2226//-2684 
f -146//-586 -2226//-2684 -161//-434 
f -148//-584 -2231//-2691 -160//-435 
f -11//-436 -160//-435 -2231//-2691 
f -147//-581 -2227//-2672 -159//-431 
f -8//-432 -159//-431 -2227//-2672 
f -9//-430 -158//-429 -2225//-2677 
f -151//-577 -2225//-2677 -158//-429 
f -150//-580 -2229//-2668 -157//-426 
f -12//-425 -157//-426 -2229//-2668 
f -10//-428 -156//-427 -2228//-2665 
f -149//-574 -2228//-2665 -156//-427 
f -152//-575 -2230//-2680 -155//-424 
f -13//-423 -155//-424 -2230//-2680 
f -1023//-508 -154//-263 -2897//-2923 
f -3344//-2107 -2897//-2923 -154//-263 
f -153//-713 -2016//-4023 -3223//-4024 
f -2016//-4023 -153//-713 -3003//-945 
f -3852//-576 -152//-575 -101//-1768 
f -152//-575 -3852//-576 -1799//-1058 
f -3851//-578 -151//-577 -103//-1771 
f -151//-577 -3851//-578 -1806//-1237 
f -3849//-579 -150//-580 -100//-1777 
f -150//-580 -3849//-579 -1805//-1249 
f -149//-574 -3848//-573 -1803//-4089 
f -3848//-573 -149//-574 -104//-1759 
f -3854//-583 -148//-584 -105//-1789 
f -148//-584 -3854//-583 -1801//-763 
f -3850//-582 -147//-581 -102//-1783 
f -147//-581 -3850//-582 -1798//-760 
f -146//-586 -3853//-585 -1808//-3301 
f -3853//-585 -146//-586 -106//-1795 
f -2423//-1971 -2408//-2974 -145//-22 
f -3066//-3894 -145//-22 -2408//-2974 
f -2541//-3398 -144//-3025 -3860//-685 
f -3371//-3023 -3860//-685 -144//-3025 
f -2802//-1111 -143//-788 -2303//-2101 
f -2588//-2785 -2303//-2101 -143//-788 
f -2803//-1094 -142//-783 -2299//-2069 
f -2587//-2755 -2299//-2069 -142//-783 
f -2584//-2779 -2301//-2084 -141//-786 
f -2806//-1103 -141//-786 -2301//-2084 
f -2810//-1106 -140//-787 -2300//-2097 
f -2586//-2767 -2300//-2097 -140//-787 
f -2583//-2764 -2304//-2075 -139//-784 
f -2808//-1102 -139//-784 -2304//-2075 
f -2585//-2773 -2298//-2122 -138//-789 
f -2858//-1112 -138//-789 -2298//-2122 
f -2805//-1097 -137//-785 -2302//-2081 
f -2589//-2791 -2302//-2081 -137//-785 
f -2432//-2795 -3125//-2184 -136//-3102 
f -2335//-3104 -136//-3102 -3125//-2184 
f -2433//-2771 -3126//-2174 -135//-3108 
f -2338//-3110 -135//-3108 -3126//-2174 
f -2430//-2789 -3124//-2197 -134//-3117 
f -2339//-3119 -134//-3117 -3124//-2197 
f -2427//-2777 -3120//-2167 -133//-3093 
f -2336//-3095 -133//-3093 -3120//-2167 
f -2429//-2783 -3121//-2172 -132//-3111 
f -2337//-3113 -132//-3111 -3121//-2172 
f -2431//-2759 -3122//-2182 -131//-3090 
f -2340//-3092 -131//-3090 -3122//-2182 
f -2334//-3086 -130//-3084 -3123//-2192 
f -2428//-2762 -3123//-2192 -130//-3084 
f -686//-4 -3066//-3894 -129//-1624 
f -2408//-2974 -129//-1624 -3066//-3894 
f -128//-1890 -1807//-4097 -3162//-638 
f -1807//-4097 -128//-1890 -162//-1891 
f -1795//-4114 -127//-1875 -165//-1876 
f -127//-1875 -1795//-4114 -3159//-632 
f -126//-1866 -1794//-4062 -3160//-635 
f -1794//-4062 -126//-1866 -167//-1867 
f -125//-1851 -1802//-4127 -3164//-643 
f -1802//-4127 -125//-1851 -166//-1852 
f -1797//-4133 -124//-1869 -164//-1870 
f -124//-1869 -1797//-4133 -3161//-637 
f -123//-1884 -1796//-4117 -3158//-630 
f -1796//-4117 -123//-1884 -163//-1885 
f -122//-1857 -1804//-3988 -3163//-640 
f -1804//-3988 -122//-1857 -168//-1858 
f -3297//-3700 -121//-115 -2069//-1355 
f -121//-115 -3297//-3700 -2517//-3701 
f -3591//-1947 -120//-728 -2070//-1631 
f -120//-728 -3591//-1947 -1750//-57 
f -119//-114 -3293//-3703 -2515//-3704 
f -3293//-3703 -119//-114 -2075//-1358 
f -3618//-3699 -118//-193 -2067//-1734 
f -118//-193 -3618//-3699 -1749//-791 
f -2815//-2562 -117//-195 -2065//-1735 
f -117//-195 -2815//-2562 -1751//-790 
f -3295//-2496 -116//-113 -2073//-1367 
f -116//-113 -3295//-2496 -2516//-2497 
f -3431//-1113 -115//-1115 -2068//-1363 
f -115//-1115 -3431//-1113 -2234//-2440 
f -3296//-3326 -114//-117 -2072//-830 
f -114//-117 -3296//-3326 -2115//-3327 
f -3515//-1375 -113//-417 -2062//-1606 
f -113//-417 -3515//-1375 -2235//-2539 
f -3827//-2573 -112//-1208 -2064//-2572 
f -112//-1208 -3827//-2573 -2109//-31 
f -3620//-3707 -111//-199 -2071//-1742 
f -111//-199 -3620//-3707 -1752//-792 
f -3294//-3342 -110//-112 -2063//-825 
f -110//-112 -3294//-3342 -2114//-3343 
f -109//-116 -3616//-1725 -2904//-2731 
f -3616//-1725 -109//-116 -2074//-1724 
f -108//-3547 -3884//-1083 -1895//-245 
f -3884//-1083 -108//-3547 -2066//-3587 
f -68//-1656 -107//-1657 -2715//-5 
f -3809//-3955 -2715//-5 -107//-1657 
f -1774//-2689 -106//-1795 -67//-1796 
f -106//-1795 -1774//-2689 -3853//-585 
f -1777//-4013 -105//-1789 -61//-1790 
f -105//-1789 -1777//-4013 -3854//-583 
f -104//-1759 -1778//-2664 -3848//-573 
f -1778//-2664 -104//-1759 -62//-1760 
f -103//-1771 -1780//-3775 -3851//-578 
f -1780//-3775 -103//-1771 -63//-1772 
f -1773//-3455 -102//-1783 -66//-1784 
f -102//-1783 -1773//-3455 -3850//-582 
f -1775//-3664 -101//-1768 -65//-1769 
f -101//-1768 -1775//-3664 -3852//-576 
f -1779//-2958 -100//-1777 -64//-1778 
f -100//-1777 -1779//-2958 -3849//-579 
f -3640//-3105 -99//-2666 -2310//-1850 
f -215//-1849 -2310//-1850 -99//-2666 
f -214//-1840 -2312//-1841 -98//-2673 
f -3639//-3114 -98//-2673 -2312//-1841 
f -216//-1831 -2314//-1832 -97//-2669 
f -3637//-3096 -97//-2669 -2314//-1832 
f -3635//-3120 -96//-2681 -2313//-1820 
f -218//-1819 -2313//-1820 -96//-2681 
f -3638//-3099 -95//-2678 -2309//-1838 
f -217//-1837 -2309//-1838 -95//-2678 
f -3634//-3081 -94//-2692 -2311//-1814 
f -219//-1813 -2311//-1814 -94//-2692 
f -3636//-3087 -93//-2685 -2307//-1826 
f -220//-1825 -2307//-1826 -93//-2685 
f -2535//-268 -92//-1721 -2058//-1722 
f -92//-1721 -2535//-268 -2101//-269 
f -91//-3325 -2539//-1171 -2102//-1172 
f -2539//-1171 -91//-3325 -2057//-828 
f -3554//-3546 -90//-3737 -2055//-3738 
f -90//-3737 -3554//-3546 -2119//-9 
f -3464//-1207 -89//-2569 -2047//-2570 
f -89//-2569 -3464//-1207 -2107//-100 
f -88//-3340 -2536//-2199 -2103//-2200 
f -2536//-2199 -88//-3340 -2053//-824 
f -2537//-1299 -87//-3868 -2054//-826 
f -87//-3868 -2537//-1299 -2104//-1300 
f -2816//-198 -86//-1739 -2049//-1740 
f -86//-1739 -2816//-198 -2222//-21 
f -3023//-416 -85//-1376 -2045//-1377 
f -85//-1376 -3023//-416 -2219//-418 
f -84//-1681 -3018//-1114 -2217//-3277 
f -3018//-1114 -84//-1681 -2052//-1682 
f -83//-2307 -2540//-1295 -2105//-1296 
f -2540//-1295 -83//-2307 -2048//-831 
f -2538//-1303 -82//-2304 -2051//-822 
f -82//-2304 -2538//-1303 -2106//-1304 
f -81//-1628 -3239//-727 -2218//-731 
f -3239//-727 -81//-1628 -2050//-1629 
f -80//-1736 -3619//-196 -2221//-18 
f -3619//-196 -80//-1736 -2046//-1737 
f -2814//-192 -79//-1731 -2056//-1732 
f -79//-1731 -2814//-192 -2220//-17 
f -78//-639 -3162//-638 -1792//-2388 
f -3162//-638 -78//-639 -128//-1890 
f -3163//-640 -77//-641 -122//-1857 
f -77//-641 -3163//-640 -1786//-1470 
f -3164//-643 -76//-642 -125//-1851 
f -76//-642 -3164//-643 -1791//-1467 
f -3158//-630 -75//-631 -123//-1884 
f -75//-631 -3158//-630 -1787//-3568 
f -74//-636 -3161//-637 -1788//-1260 
f -3161//-637 -74//-636 -124//-1869 
f -73//-633 -3159//-632 -1790//-1507 
f -3159//-632 -73//-633 -127//-1875 
f -3160//-635 -72//-634 -126//-1866 
f -72//-634 -3160//-635 -1789//-1933 
f -3314//-2753 -2907//-3912 -71//-1591 
f -638//-1590 -71//-1591 -2907//-3912 
f -3470//-3367 -3807//-3962 -70//-3 
f -3207//-3963 -70//-3 -3807//-3962 
f -3315//-1560 -3565//-2392 -69//-680 
f -1567//-2639 -69//-680 -3565//-2392 
f -2715//-5 -4108//-376 -68//-1656 
f -907//-50 -68//-1656 -4108//-376 
f -67//-1796 -3964//-2688 -1774//-2689 
f -3964//-2688 -67//-1796 -43//-1800 
f -66//-1784 -3963//-2675 -1773//-3455 
f -3963//-2675 -66//-1784 -46//-1788 
f -65//-1769 -3965//-2683 -1775//-3664 
f -3965//-2683 -65//-1769 -45//-1767 
f -64//-1778 -3967//-2671 -1779//-2958 
f -3967//-2671 -64//-1778 -41//-1782 
f -3969//-2676 -63//-1772 -42//-1776 
f -63//-1772 -3969//-2676 -1780//-3775 
f -62//-1760 -3966//-2663 -1778//-2664 
f -3966//-2663 -62//-1760 -44//-1764 
f -3968//-2690 -61//-1790 -40//-1794 
f -61//-1790 -3968//-2690 -1777//-4013 
f -60//-2299 -3290//-1138 -2096//-1139 
f -3290//-1138 -60//-2299 -2039//-820 
f -3581//-541 -59//-1604 -2031//-1605 
f -59//-1604 -3581//-541 -2098//-542 
f -58//-3706 -3287//-1150 -2097//-1151 
f -3287//-1150 -58//-3706 -2044//-817 
f -57//-2303 -3288//-1154 -2094//-1155 
f -3288//-1154 -57//-2303 -2041//-818 
f -3507//-393 -56//-1726 -2037//-1351 
f -56//-1726 -3507//-393 -2213//-395 
f -3286//-1158 -55//-2561 -2042//-816 
f -55//-2561 -3286//-1158 -2092//-1159 
f -3291//-1144 -54//-3698 -2040//-821 
f -54//-3698 -3291//-1144 -2093//-1145 
f -3510//-399 -53//-1361 -2032//-1362 
f -53//-1361 -3510//-399 -2212//-401 
f -52//-2574 -3855//-34 -2111//-480 
f -3855//-34 -52//-2574 -2036//-1805 
f -3509//-396 -51//-1356 -2038//-1357 
f -51//-1356 -3509//-396 -2210//-398 
f -3511//-403 -50//-1365 -2033//-1366 
f -50//-1365 -3511//-403 -2214//-402 
f -3417//-1679 -49//-3585 -2035//-3586 
f -49//-3585 -3417//-1679 -2215//-2568 
f -3508//-390 -48//-1353 -2043//-1354 
f -48//-1353 -3508//-390 -2211//-392 
f -47//-1946 -3289//-474 -2095//-475 
f -3289//-474 -47//-1946 -2034//-819 
f -46//-1788 -1791//-1467 -3963//-2675 
f -1791//-1467 -46//-1788 -76//-642 
f -1790//-1507 -45//-1767 -73//-633 
f -45//-1767 -1790//-1507 -3965//-2683 
f -1787//-3568 -44//-1764 -75//-631 
f -44//-1764 -1787//-3568 -3966//-2663 
f -1792//-2388 -43//-1800 -78//-639 
f -43//-1800 -1792//-2388 -3964//-2688 
f -1789//-1933 -42//-1776 -72//-634 
f -42//-1776 -1789//-1933 -3969//-2676 
f -1788//-1260 -41//-1782 -74//-636 
f -41//-1782 -1788//-1260 -3967//-2671 
f -40//-1794 -1786//-1470 -3968//-2690 
f -1786//-1470 -40//-1794 -77//-641 
f -3604//-410 -39//-1680 -2017//-1683 
f -39//-1680 -3604//-410 -2209//-409 
f -3016//-1364 -38//-404 -2027//-1733 
f -38//-404 -3016//-1364 -2208//-3266 
f -3015//-1360 -37//-400 -2024//-1630 
f -37//-400 -3015//-1360 -2206//-3687 
f -2525//-3283 -36//-110 -2019//-832 
f -36//-110 -2525//-3283 -2087//-3284 
f -2524//-1525 -35//-481 -2020//-3739 
f -35//-481 -2524//-1525 -2290//-699 
f -3014//-1359 -34//-397 -2022//-1738 
f -34//-397 -3014//-1359 -2204//-3178 
f -33//-104 -2522//-1942 -2091//-1943 
f -2522//-1942 -33//-104 -2025//-1723 
f -3012//-1352 -32//-391 -2026//-1741 
f -32//-391 -3012//-1352 -2207//-2736 
f -2527//-3311 -31//-109 -2030//-823 
f -31//-109 -2527//-3311 -2088//-3312 
f -30//-106 -2520//-3628 -2085//-3629 
f -2520//-3628 -30//-106 -2028//-2571 
f -3013//-1350 -29//-394 -2021//-1378 
f -29//-394 -3013//-1350 -2205//-3454 
f -2523//-3831 -28//-105 -2029//-829 
f -28//-105 -2523//-3831 -2089//-3832 
f -27//-108 -2526//-3869 -2086//-3436 
f -2526//-3869 -27//-108 -2023//-827 
f -2521//-3341 -26//-107 -2018//-1607 
f -26//-107 -2521//-3341 -2090//-1167 
f -3700//-2095 -2488//-3233 -25//-709 
f -12//-425 -25//-709 -2488//-3233 
f -3695//-2067 -2489//-3206 -24//-706 
f -8//-432 -24//-706 -2489//-3206 
f -3697//-2079 -2492//-3221 -23//-711 
f -13//-423 -23//-711 -2492//-3221 
f -3708//-2126 -2491//-3245 -22//-707 
f -9//-430 -22//-707 -2491//-3245 
f -3698//-2088 -2490//-3227 -21//-710 
f -10//-428 -21//-710 -2490//-3227 
f -14//-433 -20//-705 -2487//-3215 
f -3696//-2073 -2487//-3215 -20//-705 
f -3702//-2105 -2493//-3236 -19//-708 
f -11//-436 -19//-708 -2493//-3236 
f -3760//-3149 -18//-48 -3518//-2327 
f -18//-48 -3760//-3149 -2812//-3064 
f -2268//-3578 -17//-2975 -4039//-1480 
f -3175//-2484 -4039//-1480 -17//-2975 
f -2997//-1010 -16//-1592 -2192//-377 
f -16//-1592 -2997//-1010 -2965//-1593 
f -1163//-3399 -15//-3400 -4106//-695 
f -3452//-1182 -4106//-695 -15//-3400 
f -2226//-2684 -3631//-3088 -14//-433 
f -20//-705 -14//-433 -3631//-3088 
f -23//-711 -13//-423 -3626//-3121 
f -2230//-2680 -3626//-3121 -13//-423 
f -25//-709 -12//-425 -3628//-3097 
f -2229//-2668 -3628//-3097 -12//-425 
f -2231//-2691 -3630//-3082 -11//-436 
f -19//-708 -11//-436 -3630//-3082 
f -2228//-2665 -3625//-3106 -10//-428 
f -21//-710 -10//-428 -3625//-3106 
f -2225//-2677 -3627//-3100 -9//-430 
f -22//-707 -9//-430 -3627//-3100 
f -2227//-2672 -3629//-3115 -8//-432 
f -24//-706 -8//-432 -3629//-3115 
f -2851//-916 -2202//-3948 -7//-241 
f -1111//-3946 -7//-241 -2202//-3948 
f -3223//-4024 -6//-712 -153//-713 
f -6//-712 -3223//-4024 -1965//-3566 
f -2982//-2643 -2009//-1425 -5//-362 
f -5//-362 -2009//-1425 -2671//-1423 
f -4//-365 -2013//-1435 -2668//-1433 
f -2983//-2578 -2013//-1435 -4//-365 
f -3//-545 -2261//-1379 -2665//-3438 
f -3108//-547 -2261//-1379 -3//-545 
f -3530//-2439 -2014//-1431 -2//-358 
f -2//-358 -2014//-1431 -3910//-1429 
f -1//-733 -2374//-1485 -2666//-3721 
f -3241//-13 -2374//-1485 -1//-733 
# 0 polygons - 8282 triangles

